21.0, 0.0
20.98845, 0.1
20.9769121275, 0.2
20.965386369766126, 0.30000000000000004
20.95387271407787, 0.4
20.94237114772809, 0.5
20.930881658022976, 0.6000000000000001
20.91940423228205, 0.7000000000000001
20.907938857838154, 0.8
20.896485522037423, 0.9
20.885044212239283, 1.0
20.873614915816432, 1.1
20.862197620154824, 1.2000000000000002
20.85079231265366, 1.3
20.839398980725374, 1.4000000000000001
20.828017611795612, 1.5
20.816648193303227, 1.6
20.80529071270026, 1.7000000000000002
20.793945157451923, 1.8
20.7826115150366, 1.9000000000000001
20.77128977294581, 2.0
20.759979918684216, 2.1
20.748681939769597, 2.2
20.73739582373284, 2.3000000000000003
20.72612155811792, 2.4000000000000004
20.714859130481898, 2.5
20.70360852839489, 2.6
20.69236973944008, 2.7
20.681142751213667, 2.8000000000000003
20.669927551324893, 2.9000000000000004
20.658724127396003, 3.0
20.647532467062238, 3.1
20.636352557971822, 3.2
20.62518438778595, 3.3000000000000003
20.614027944178776, 3.4000000000000004
20.602883214837387, 3.5
20.59175018746181, 3.6
20.580628849764974, 3.7
20.56951918947272, 3.8000000000000003
20.558421194323774, 3.9000000000000004
20.547334852069735, 4.0
20.536260150475062, 4.1000000000000005
20.525197077317063, 4.2
20.51414562038588, 4.3
20.503105767484474, 4.4
20.492077506428615, 4.5
20.481060825046864, 4.6000000000000005
20.470055711180564, 4.7
20.459062152683824, 4.800000000000001
20.448080137423506, 4.9
20.43710965327921, 5.0
20.42615068814327, 5.1000000000000005
20.41520322992072, 5.2
20.404267266529303, 5.300000000000001
20.393342785899446, 5.4
20.382429775974252, 5.5
20.37152822470948, 5.6000000000000005
20.360638120073535, 5.7
20.349759450047458, 5.800000000000001
20.33889220262491, 5.9
20.328036365812153, 6.0
20.317191927628052, 6.1000000000000005
20.306358876104042, 6.2
20.295537199284134, 6.300000000000001
20.284726885224885, 6.4
20.273927921995398, 6.5
20.263140297677303, 6.6000000000000005
20.252364000364743, 6.7
20.24159901816436, 6.800000000000001
20.230845339195287, 6.9
20.220102951589134, 7.0
20.209371843489965, 7.1000000000000005
20.1986520030543, 7.2
20.18794341845109, 7.300000000000001
20.177246077861717, 7.4
20.166559969479962, 7.5
20.155885081512007, 7.6000000000000005
20.14522140217642, 7.7
20.134568919704137, 7.800000000000001
20.123927622338446, 7.9
20.11329749833499, 8.0
20.10267853596174, 8.1
20.09207072349898, 8.200000000000001
20.081474049239308, 8.3
20.070888501487605, 8.4
20.060314068561045, 8.5
20.049750738789054, 8.6
20.039198500513326, 8.700000000000001
20.028657342087786, 8.8
20.018127251878596, 8.9
20.007608218264124, 9.0
19.997100229634945, 9.1
19.98660327439383, 9.200000000000001
19.976117340955717, 9.3
19.965642417747713, 9.4
19.95517849320908, 9.5
19.94472555579121, 9.600000000000001
19.934283593957627, 9.700000000000001
19.92385259618397, 9.8
19.913432550957978, 9.9
19.90302344677947, 10.0
19.892625272160352, 10.100000000000001
19.882238015624583, 10.200000000000001
19.871861665708177, 10.3
19.861496210959185, 10.4
19.851141639937676, 10.5
19.84079794121574, 10.600000000000001
19.830465103377463, 10.700000000000001
19.82014311501892, 10.8
19.80983196474815, 10.9
19.799531641185162, 11.0
19.789242132961917, 11.100000000000001
19.778963428722307, 11.200000000000001
19.768695517122147, 11.3
19.75843838682917, 11.4
19.748192026523, 11.5
19.737956424895152, 11.600000000000001
19.727731570649013, 11.700000000000001
19.71751745249983, 11.8
19.707314059174706, 11.9
19.69712137941257, 12.0
19.68693940196419, 12.100000000000001
19.676768115592125, 12.200000000000001
19.666607509070754, 12.3
19.65645757118623, 12.4
19.646318290736485, 12.5
19.63618965653121, 12.600000000000001
19.626071657391854, 12.700000000000001
19.615964282151594, 12.8
19.605867519655334, 12.9
19.595781358759695, 13.0
19.585705788332998, 13.100000000000001
19.575640797255247, 13.200000000000001
19.565586374418128, 13.3
19.55554250872499, 13.4
19.54550918909083, 13.5
19.535486404442285, 13.600000000000001
19.52547414371762, 13.700000000000001
19.515472395866716, 13.8
19.505481149851057, 13.9
19.495500394643713, 14.0
19.485530119229338, 14.100000000000001
19.475570312604148, 14.200000000000001
19.465620963775915, 14.3
19.45568206176395, 14.4
19.4457535955991, 14.5
19.43583555432372, 14.600000000000001
19.42592792699168, 14.700000000000001
19.416030702668337, 14.8
19.406143870430537, 14.9
19.396267419366584, 15.0
19.38640133857625, 15.100000000000001
19.376545617170745, 15.200000000000001
19.366700244272714, 15.3
19.356865209016227, 15.4
19.34704050054676, 15.5
19.337226108021188, 15.600000000000001
19.327422020607766, 15.700000000000001
19.31762822748613, 15.8
19.307844717847267, 15.9
19.298071480893526, 16.0
19.28830850583859, 16.1
19.27855578190746, 16.2
19.268813298336458, 16.3
19.259081044373204, 16.400000000000002
19.249359009276613, 16.5
19.239647182316872, 16.6
19.22994555277544, 16.7
19.220254109945028, 16.8
19.210572843129587, 16.900000000000002
19.2009017416443, 17.0
19.191240794815574, 17.1
19.181589991981017, 17.2
19.171949322489436, 17.3
19.16231877570082, 17.400000000000002
19.152698340986337, 17.5
19.143088007728302, 17.6
19.133487765320186, 17.7
19.1238976031666, 17.8
19.114317510683275, 17.900000000000002
19.104747477297057, 18.0
19.095187492445895, 18.1
19.085637545578827, 18.2
19.07609762615597, 18.3
19.066567723648507, 18.400000000000002
19.057047827538675, 18.5
19.04753792731976, 18.6
19.038038012496074, 18.7
19.028548072582954, 18.8
19.019068097106743, 18.900000000000002
19.00959807560478, 19.0
19.000137997625398, 19.1
18.99068785272789, 19.200000000000003
18.981247630482528, 19.3
18.97181732047052, 19.400000000000002
18.962396912284028, 19.5
18.95298639552613, 19.6
18.943585759810826, 19.700000000000003
18.934194994763025, 19.8
18.924814090018526, 19.900000000000002
18.915443035224005, 20.0
18.90608182003702, 20.1
18.89673043412598, 20.200000000000003
18.88738886717015, 20.3
18.87805710885962, 20.400000000000002
18.868735148895315, 20.5
18.859422976988974, 20.6
18.850120582863134, 20.700000000000003
18.84082795625113, 20.8
18.831545086897066, 20.900000000000002
18.822271964555824, 21.0
18.813008578993042, 21.1
18.8037549199851, 21.200000000000003
18.794510977319113, 21.3
18.785276740792927, 21.400000000000002
18.776052200215094, 21.5
18.76683734540487, 21.6
18.757632166192195, 21.700000000000003
18.748436652417695, 21.8
18.739250793932655, 21.900000000000002
18.730074580599027, 22.0
18.7209080022894, 22.1
18.711751048886995, 22.200000000000003
18.702603710285665, 22.3
18.693465976389867, 22.400000000000002
18.684337837114658, 22.5
18.675219282385687, 22.6
18.66611030213918, 22.700000000000003
18.657010886321935, 22.8
18.647921024891296, 22.900000000000002
18.63884070781516, 23.0
18.629769925071955, 23.1
18.62070866665063, 23.200000000000003
18.611656922550644, 23.3
18.602614682781965, 23.400000000000002
18.593581937365045, 23.5
18.58455867633081, 23.6
18.575544889720664, 23.700000000000003
18.566540567586458, 23.8
18.55754569999049, 23.900000000000002
18.548560277005503, 24.0
18.539584288714646, 24.1
18.530617725211496, 24.200000000000003
18.521660576600024, 24.3
18.512712832994595, 24.400000000000002
18.50377448451995, 24.5
18.494845521311206, 24.6
18.48592593351383, 24.700000000000003
18.47701571128364, 24.8
18.468114844786793, 24.900000000000002
18.45922332419977, 25.0
18.45034113970936, 25.1
18.441468281512662, 25.200000000000003
18.432604739817073, 25.3
18.423750504840264, 25.400000000000002
18.41490556681018, 25.5
18.40606991596503, 25.6
18.397243542553266, 25.700000000000003
18.388426436833583, 25.8
18.37961858907491, 25.900000000000002
18.37081998955638, 26.0
18.362030628567346, 26.1
18.35325049640735, 26.200000000000003
18.344479583386125, 26.3
18.33571787982357, 26.400000000000002
18.326965376049756, 26.5
18.318222062404903, 26.6
18.309487929239378, 26.700000000000003
18.300762966913677, 26.8
18.29204716579842, 26.900000000000002
18.28334051627433, 27.0
18.27464300873224, 27.1
18.265954633573074, 27.200000000000003
18.257275381207823, 27.3
18.248605242057554, 27.400000000000002
18.239944206553393, 27.5
18.23129226513651, 27.6
18.222649408258118, 27.700000000000003
18.214015626379446, 27.8
18.205390909971747, 27.900000000000002
18.19677524951628, 28.0
18.188168635504287, 28.1
18.179571058437006, 28.200000000000003
18.170982508825645, 28.3
18.162402977191377, 28.400000000000002
18.153832454065327, 28.5
18.14527092998856, 28.6
18.13671839551207, 28.700000000000003
18.12817484119678, 28.8
18.119640257613526, 28.900000000000002
18.111114635343032, 29.0
18.10259796497592, 29.1
18.094090237112695, 29.200000000000003
18.085591442363725, 29.3
18.077101571349242, 29.400000000000002
18.068620614699327, 29.5
18.060148563053893, 29.6
18.051685407062685, 29.700000000000003
18.04323113738527, 29.8
18.034785744691014, 29.900000000000002
18.02634921965909, 30.0
18.017921552978446, 30.1
18.00950273534782, 30.200000000000003
18.001092757475703, 30.3
17.992691610080353, 30.400000000000002
17.98429928388977, 30.5
17.975915769641684, 30.6
17.96754105808356, 30.700000000000003
17.959175139972572, 30.8
17.9508180060756, 30.900000000000002
17.942469647169222, 31.0
17.934130054039695, 31.1
17.925799217482954, 31.200000000000003
17.917477128304597, 31.3
17.909163777319876, 31.400000000000002
17.90085915535369, 31.5
17.892563253240567, 31.6
17.884276061824664, 31.700000000000003
17.875997571959747, 31.8
17.867727774509188, 31.900000000000002
17.85946666034595, 32.0
17.85121422035259, 32.1
17.84297044542122, 32.2
17.834735326453526, 32.300000000000004
17.82650885436075, 32.4
17.818291020063672, 32.5
17.810081814492605, 32.6
17.801881228587387, 32.7
17.79368925329737, 32.800000000000004
17.785505879581407, 32.9
17.777331098407846, 33.0
17.769164900754518, 33.1
17.761007277608726, 33.2
17.752858219967237, 33.300000000000004
17.74471771883627, 33.4
17.736585765231492, 33.5
17.728462350178, 33.6
17.72034746471031, 33.7
17.712241099872365, 33.800000000000004
17.7041432467175, 33.9
17.696053896308445, 34.0
17.68797303971732, 34.1
17.679900668025617, 34.2
17.67183677232419, 34.300000000000004
17.66378134371325, 34.4
17.65573437330235, 34.5
17.647695852210383, 34.6
17.63966577156556, 34.7
17.631644122505417, 34.800000000000004
17.623630896176785, 34.9
17.615626083735798, 35.0
17.607629676347877, 35.1
17.59964166518771, 35.2
17.591662041439264, 35.300000000000004
17.583690796295752, 35.4
17.57572792095964, 35.5
17.567773406642633, 35.6
17.559827244565657, 35.7
17.551889425958862, 35.800000000000004
17.543959942061605, 35.9
17.53603878412244, 36.0
17.52812594339911, 36.1
17.52022141115854, 36.2
17.512325178676825, 36.300000000000004
17.504437237239216, 36.4
17.496557578140116, 36.5
17.48868619268307, 36.6
17.48082307218075, 36.7
17.47296820795496, 36.800000000000004
17.465121591336608, 36.9
17.457283213665704, 37.0
17.449453066291355, 37.1
17.441631140571747, 37.2
17.433817427874146, 37.300000000000004
17.42601191957488, 37.4
17.418214607059326, 37.5
17.410425481721912, 37.6
17.402644534966104, 37.7
17.39487175820439, 37.800000000000004
17.387107142858273, 37.9
17.37935068035827, 38.0
17.371602362143896, 38.1
17.363862179663645, 38.2
17.356130124375, 38.300000000000004
17.348406187744406, 38.400000000000006
17.340690361247272, 38.5
17.332982636367962, 38.6
17.325283004599775, 38.7
17.317591457444944, 38.800000000000004
17.309907986414625, 38.900000000000006
17.30223258302889, 39.0
17.29456523881671, 39.1
17.28690594531595, 39.2
17.27925469407337, 39.300000000000004
17.271611476644594, 39.400000000000006
17.26397628459412, 39.5
17.256349109495293, 39.6
17.24872994293032, 39.7
17.241118776490243, 39.800000000000004
17.23351560177493, 39.900000000000006
17.225920410393066, 40.0
17.218333193962152, 40.1
17.210753944108493, 40.2
17.20318265246718, 40.300000000000004
17.19561931068209, 40.400000000000006
17.188063910405873, 40.5
17.180516443299947, 40.6
17.17297690103448, 40.7
17.165445275288395, 40.800000000000004
17.157921557749344, 40.900000000000006
17.150405740113708, 41.0
17.142897814086588, 41.1
17.135397771381797, 41.2
17.127905603721846, 41.300000000000004
17.120421302837936, 41.400000000000006
17.112944860469955, 41.5
17.105476268366463, 41.6
17.09801551828468, 41.7
17.09056260199048, 41.800000000000004
17.08311751125839, 41.900000000000006
17.07568023787157, 42.0
17.068250773621806, 42.1
17.060829110309502, 42.2
17.05341523974368, 42.300000000000004
17.04600915374195, 42.400000000000006
17.03861084413052, 42.5
17.031220302744185, 42.6
17.0238375214263, 42.7
17.016462492028804, 42.800000000000004
17.009095206412173, 42.900000000000006
17.00173565644544, 43.0
16.99438383400617, 43.1
16.987039730980467, 43.2
16.979703339262937, 43.300000000000004
16.97237465075671, 43.400000000000006
16.965053657373414, 43.5
16.95774035103317, 43.6
16.950434723664586, 43.7
16.943136767204738, 43.800000000000004
16.935846473599174, 43.900000000000006
16.928563834801896, 44.0
16.921288842775354, 44.1
16.91402148949044, 44.2
16.906761766926476, 44.300000000000004
16.899509667071204, 44.400000000000006
16.892265181920777, 44.5
16.88502830347976, 44.6
16.877799023761106, 44.7
16.87057733478616, 44.800000000000004
16.86336322858463, 44.900000000000006
16.856156697194617, 45.0
16.848957732662562, 45.1
16.841766327043267, 45.2
16.834582472399873, 45.300000000000004
16.827406160803854, 45.400000000000006
16.82023738433501, 45.5
16.813076135081456, 45.6
16.805922405139622, 45.7
16.798776186614226, 45.800000000000004
16.79163747161828, 45.900000000000006
16.78450625227308, 46.0
16.777382520708194, 46.1
16.77026626906145, 46.2
16.76315748947894, 46.300000000000004
16.756056174114985, 46.400000000000006
16.748962315132164, 46.5
16.741875904701274, 46.6
16.734796935001338, 46.7
16.727725398219587, 46.800000000000004
16.720661286551454, 46.900000000000006
16.713604592200575, 47.0
16.706555307378764, 47.1
16.699513424306016, 47.2
16.692478935210495, 47.300000000000004
16.685451832328525, 47.400000000000006
16.67843210790458, 47.5
16.67141975419128, 47.6
16.66441476344938, 47.7
16.657417127947756, 47.800000000000004
16.650426839963412, 47.900000000000006
16.643443891781452, 48.0
16.63646827569508, 48.1
16.6294999840056, 48.2
16.622539009022397, 48.300000000000004
16.615585343062925, 48.400000000000006
16.60863897845271, 48.5
16.601699907525333, 48.6
16.59476812262243, 48.7
16.587843616093675, 48.800000000000004
16.580926380296777, 48.900000000000006
16.574016407597465, 49.0
16.56711369036949, 49.1
16.5602182209946, 49.2
16.553329991862554, 49.300000000000004
16.546448995371097, 49.400000000000006
16.539575223925958, 49.5
16.532708669940835, 49.6
16.525849325837395, 49.7
16.518997184045265, 49.800000000000004
16.512152237002017, 49.900000000000006
16.505314477153163, 50.0
16.498483896952152, 50.1
16.49166048886035, 50.2
16.48484424534705, 50.300000000000004
16.478035158889433, 50.400000000000006
16.4712332219726, 50.5
16.46443842708953, 50.6
16.457650766741086, 50.7
16.450870233436007, 50.800000000000004
16.4440968196909, 50.900000000000006
16.437330518030222, 51.0
16.430571320986292, 51.1
16.423819221099258, 51.2
16.417074210917104, 51.300000000000004
16.41033628299564, 51.400000000000006
16.403605429898494, 51.5
16.3968816441971, 51.6
16.390164918470695, 51.7
16.3834552453063, 51.800000000000004
16.37675261729873, 51.900000000000006
16.370057027050567, 52.0
16.363368467172165, 52.1
16.356686930281633, 52.2
16.350012409004837, 52.300000000000004
16.34334489597538, 52.400000000000006
16.33668438383461, 52.5
16.33003086523158, 52.6
16.32338433282309, 52.7
16.316744779273623, 52.800000000000004
16.310112197255386, 52.900000000000006
16.30348657944827, 53.0
16.29686791853985, 53.1
16.290256207225383, 53.2
16.283651438207798, 53.300000000000004
16.27705360419768, 53.400000000000006
16.27046269791327, 53.5
16.263878712080462, 53.6
16.25730163943278, 53.7
16.250731472711376, 53.800000000000004
16.24416820466503, 53.900000000000006
16.23761182805013, 54.0
16.23106233563068, 54.1
16.224519720178264, 54.2
16.217983974472077, 54.300000000000004
16.21145509129888, 54.400000000000006
16.204933063453016, 54.5
16.19841788373639, 54.6
16.191909544958467, 54.7
16.18540803993626, 54.800000000000004
16.178913361494327, 54.900000000000006
16.17242550246476, 55.0
16.16594445568717, 55.1
16.1594702140087, 55.2
16.15300277028399, 55.300000000000004
16.14654211737519, 55.400000000000006
16.140088248151947, 55.5
16.13364115549139, 55.6
16.127200832278124, 55.7
16.120767271404233, 55.800000000000004
16.11434046576926, 55.900000000000006
16.1079204082802, 56.0
16.101507091851506, 56.1
16.09510050940506, 56.2
16.088700653870184, 56.300000000000004
16.08230751818362, 56.400000000000006
16.075921095289527, 56.5
16.069541378139473, 56.6
16.063168359692426, 56.7
16.05680203291475, 56.800000000000004
16.050442390780187, 56.900000000000006
16.044089426269867, 57.0
16.037743132372285, 57.1
16.031403502083293, 57.2
16.025070528406104, 57.300000000000004
16.01874420435128, 57.400000000000006
16.01242452293671, 57.5
16.006111477187623, 57.6
15.999805060136577, 57.7
15.993505264823433, 57.800000000000004
15.987212084295368, 57.900000000000006
15.98092551160686, 58.0
15.974645539819672, 58.1
15.968372162002861, 58.2
15.962105371232758, 58.300000000000004
15.955845160592963, 58.400000000000006
15.949591523174341, 58.5
15.943344452075008, 58.6
15.937103940400329, 58.7
15.930869981262909, 58.800000000000004
15.924642567782582, 58.900000000000006
15.91842169308641, 59.0
15.91220735030867, 59.1
15.905999532590846, 59.2
15.899798233081626, 59.300000000000004
15.89360344493689, 59.400000000000006
15.887415161319707, 59.5
15.88123337540032, 59.6
15.87505808035615, 59.7
15.868889269371776, 59.800000000000004
15.862726935638936, 59.900000000000006
15.856571072356514, 60.0
15.85042167273054, 60.1
15.844278729974173, 60.2
15.8381422373077, 60.300000000000004
15.832012187958528, 60.400000000000006
15.825888575161171, 60.5
15.819771392157252, 60.6
15.813660632195488, 60.7
15.807556288531682, 60.800000000000004
15.801458354428723, 60.900000000000006
15.795366823156574, 61.0
15.78928168799226, 61.1
15.783202942219868, 61.2
15.777130579130537, 61.300000000000004
15.77106459202245, 61.400000000000006
15.765004974200826, 61.5
15.758951718977915, 61.6
15.752904819672988, 61.7
15.746864269612331, 61.800000000000004
15.740830062129238, 61.900000000000006
15.734802190564002, 62.0
15.72878064826391, 62.1
15.722765428583234, 62.2
15.716756524883222, 62.300000000000004
15.710753930532094, 62.400000000000006
15.704757638905036, 62.5
15.698767643384185, 62.6
15.692783937358632, 62.7
15.686806514224406, 62.800000000000004
15.68083536738447, 62.900000000000006
15.674870490248717, 63.0
15.668911876233956, 63.1
15.66295951876391, 63.2
15.657013411269208, 63.300000000000004
15.651073547187375, 63.400000000000006
15.645139919962828, 63.5
15.639212523046867, 63.6
15.633291349897668, 63.7
15.627376393980276, 63.800000000000004
15.621467648766597, 63.900000000000006
15.615565107735392, 64.0
15.60966876437227, 64.10000000000001
15.603778612169679, 64.2
15.597894644626901, 64.3
15.592016855250042, 64.4
15.58614523755203, 64.5
15.5802797850526, 64.60000000000001
15.574420491278294, 64.7
15.568567349762452, 64.8
15.5627203540452, 64.9
15.556879497673453, 65.0
15.551044774200896, 65.10000000000001
15.545216177187985, 65.2
15.539393700201938, 65.3
15.533577336816725, 65.4
15.527767080613067, 65.5
15.521962925178423, 65.60000000000001
15.516164864106985, 65.7
15.510372890999673, 65.8
15.504586999464124, 65.9
15.498807183114687, 66.0
15.493033435572416, 66.10000000000001
15.487265750465065, 66.2
15.481504121427077, 66.3
15.475748542099579, 66.4
15.469999006130374, 66.5
15.464255507173936, 66.60000000000001
15.458518038891404, 66.7
15.452786594950568, 66.8
15.44706116902587, 66.9
15.441341754798394, 67.0
15.435628345955855, 67.10000000000001
15.429920936192602, 67.2
15.424219519209599, 67.3
15.41852408871443, 67.4
15.412834638421279, 67.5
15.407151162050937, 67.60000000000001
15.401473653330784, 67.7
15.395802105994788, 67.8
15.390136513783494, 67.9
15.384476870444022, 68.0
15.378823169730056, 68.10000000000001
15.37317540540184, 68.2
15.367533571226168, 68.3
15.36189766097638, 68.4
15.356267668432356, 68.5
15.350643587380501, 68.60000000000001
15.345025411613753, 68.7
15.339413134931558, 68.8
15.33380675113988, 68.9
15.328206254051183, 69.0
15.32261163748443, 69.10000000000001
15.31702289526507, 69.2
15.311440021225042, 69.3
15.305863009202756, 69.4
15.300291853043094, 69.5
15.2947265465974, 69.60000000000001
15.289167083723472, 69.7
15.283613458285561, 69.8
15.278065664154362, 69.9
15.272523695207, 70.0
15.266987545327032, 70.10000000000001
15.261457208404439, 70.2
15.255932678335615, 70.3
15.250413949023363, 70.4
15.244901014376888, 70.5
15.239393868311792, 70.60000000000001
15.233892504750065, 70.7
15.228396917620078, 70.8
15.222907100856578, 70.9
15.217423048400677, 71.0
15.211944754199857, 71.10000000000001
15.206472212207947, 71.2
15.20100541638513, 71.3
15.195544360697925, 71.4
15.190089039119192, 71.5
15.184639445628116, 71.60000000000001
15.179195574210206, 71.7
15.173757418857285, 71.8
15.168324973567485, 71.9
15.162898232345238, 72.0
15.157477189201275, 72.10000000000001
15.152061838152614, 72.2
15.146652173222554, 72.3
15.14124818844067, 72.4
15.135849877842807, 72.5
15.130457235471072, 72.60000000000001
15.125070255373828, 72.7
15.119688931605685, 72.8
15.114313258227499, 72.9
15.10894322930636, 73.0
15.103578838915588, 73.10000000000001
15.098220081134727, 73.2
15.092866950049535, 73.3
15.087519439751983, 73.4
15.082177544340244, 73.5
15.076841257918687, 73.60000000000001
15.071510574597873, 73.7
15.066185488494545, 73.8
15.060865993731626, 73.9
15.055552084438208, 74.0
15.050243754749548, 74.10000000000001
15.04494099880706, 74.2
15.039643810758314, 74.3
15.034352184757017, 74.4
15.029066114963022, 74.5
15.02378559554231, 74.60000000000001
15.01851062066699, 74.7
15.01324118451529, 74.8
15.00797728127155, 74.9
15.002718905126216, 75.0
14.997466050275833, 75.10000000000001
14.992218710923042, 75.2
14.986976881276574, 75.3
14.981740555551234, 75.4
14.976509727967905, 75.5
14.971284392753539, 75.60000000000001
14.966064544141148, 75.7
14.9608501763698, 75.8
14.955641283684612, 75.9
14.950437860336743, 76.0
14.94523990058339, 76.10000000000001
14.940047398687778, 76.2
14.934860348919155, 76.3
14.92967874555279, 76.4
14.924502582869959, 76.5
14.919331855157946, 76.60000000000001
14.91416655671003, 76.7
14.909006681825485, 76.80000000000001
14.903852224809569, 76.9
14.898703179973518, 77.0
14.893559541634547, 77.10000000000001
14.88842130411583, 77.2
14.883288461746508, 77.30000000000001
14.878161008861674, 77.4
14.87303893980237, 77.5
14.867922248915578, 77.60000000000001
14.862810930554216, 77.7
14.857704979077134, 77.80000000000001
14.852604388849104, 77.9
14.847509154240813, 78.0
14.84241926962886, 78.10000000000001
14.83733472939575, 78.2
14.832255527929885, 78.30000000000001
14.827181659625559, 78.4
14.822113118882951, 78.5
14.817049900108124, 78.60000000000001
14.81199199771301, 78.7
14.806939406115411, 78.80000000000001
14.80189211973899, 78.9
14.796850133013265, 79.0
14.791813440373602, 79.10000000000001
14.78678203626121, 79.2
14.781755915123135, 79.30000000000001
14.776735071412256, 79.4
14.771719499587274, 79.5
14.766709194112707, 79.60000000000001
14.761704149458888, 79.7
14.756704360101956, 79.80000000000001
14.75170982052385, 79.9
14.7467205252123, 80.0
14.741736468660827, 80.10000000000001
14.736757645368733, 80.2
14.731784049841096, 80.30000000000001
14.726815676588762, 80.4
14.721852520128344, 80.5
14.71689457498221, 80.60000000000001
14.711941835678479, 80.7
14.706994296751017, 80.80000000000001
14.702051952739428, 80.9
14.697114798189052, 81.0
14.692182827650953, 81.10000000000001
14.68725603568192, 81.2
14.682334416844453, 81.30000000000001
14.677417965706766, 81.4
14.672506676842774, 81.5
14.667600544832089, 81.60000000000001
14.662699564260015, 81.7
14.657803729717541, 81.80000000000001
14.652913035801337, 81.9
14.648027477113745, 82.0
14.643147048262776, 82.10000000000001
14.6382717438621, 82.2
14.633401558531045, 82.30000000000001
14.628536486894587, 82.4
14.623676523583349, 82.5
14.618821663233586, 82.60000000000001
14.61397190048719, 82.7
14.609127229991678, 82.80000000000001
14.604287646400186, 82.9
14.599453144371466, 83.0
14.594623718569876, 83.10000000000001
14.589799363665378, 83.2
14.58498007433353, 83.30000000000001
14.580165845255479, 83.4
14.57535667111796, 83.5
14.570552546613287, 83.60000000000001
14.565753466439343, 83.7
14.560959425299583, 83.80000000000001
14.556170417903019, 83.9
14.55138643896422, 84.0
14.546607483203308, 84.10000000000001
14.541833545345945, 84.2
14.537064620123331, 84.30000000000001
14.532300702272202, 84.4
14.527541786534817, 84.5
14.522787867658955, 84.60000000000001
14.518038940397913, 84.7
14.513294999510496, 84.80000000000001
14.50855603976101, 84.9
14.50382205591926, 85.0
14.499093042760544, 85.10000000000001
14.494368995065646, 85.2
14.489649907620826, 85.30000000000001
14.484935775217824, 85.4
14.480226592653846, 85.5
14.47552235473156, 85.60000000000001
14.470823056259091, 85.7
14.466128692050019, 85.80000000000001
14.461439256923367, 85.9
14.456754745703597, 86.0
14.452075153220608, 86.10000000000001
14.447400474309728, 86.2
14.442730703811701, 86.30000000000001
14.438065836572699, 86.4
14.433405867444298, 86.5
14.428750791283482, 86.60000000000001
14.424100602952635, 86.7
14.419455297319534, 86.80000000000001
14.414814869257349, 86.9
14.410179313644628, 87.0
14.4055486253653, 87.10000000000001
14.400922799308667, 87.2
14.396301830369392, 87.30000000000001
14.391685713447504, 87.4
14.387074443448384, 87.5
14.382468015282763, 87.60000000000001
14.377866423866715, 87.7
14.373269664121654, 87.80000000000001
14.368677730974326, 87.9
14.364090619356803, 88.0
14.359508324206478, 88.10000000000001
14.354930840466062, 88.2
14.350358163083573, 88.30000000000001
14.345790287012335, 88.4
14.341227207210972, 88.5
14.3366689186434, 88.60000000000001
14.332115416278825, 88.7
14.327566695091733, 88.80000000000001
14.323022750061886, 88.9
14.318483576174321, 89.0
14.313949168419338, 89.10000000000001
14.309419521792497, 89.2
14.304894631294616, 89.30000000000001
14.300374491931755, 89.4
14.295859098715226, 89.5
14.291348446661575, 89.60000000000001
14.28684253079258, 89.7
14.282341346135247, 89.80000000000001
14.277844887721805, 89.9
14.273353150589697, 90.0
14.268866129781578, 90.10000000000001
14.264383820345309, 90.2
14.259906217333945, 90.30000000000001
14.255433315805744, 90.4
14.250965110824149, 90.5
14.246501597457783, 90.60000000000001
14.242042770780452, 90.7
14.237588625871133, 90.80000000000001
14.23313915781397, 90.9
14.228694361698265, 91.0
14.224254232618481, 91.10000000000001
14.219818765674232, 91.2
14.215387955970273, 91.30000000000001
14.210961798616504, 91.4
14.206540288727956, 91.5
14.202123421424792, 91.60000000000001
14.197711191832296, 91.7
14.193303595080872, 91.80000000000001
14.188900626306037, 91.9
14.184502280648415, 92.0
14.180108553253733, 92.10000000000001
14.175719439272816, 92.2
14.17133493386158, 92.30000000000001
14.166955032181026, 92.4
14.162579729397235, 92.5
14.158209020681367, 92.60000000000001
14.153842901209652, 92.7
14.149481366163382, 92.80000000000001
14.145124410728911, 92.9
14.140772030097645, 93.0
14.136424219466043, 93.10000000000001
14.132080974035604, 93.2
14.127742289012867, 93.30000000000001
14.123408159609403, 93.4
14.119078581041812, 93.5
14.114753548531718, 93.60000000000001
14.11043305730576, 93.7
14.10611710259559, 93.80000000000001
14.101805679637865, 93.9
14.097498783674245, 94.0
14.093196409951387, 94.10000000000001
14.088898553720938, 94.2
14.08460521023953, 94.30000000000001
14.08031637476878, 94.4
14.076032042575273, 94.5
14.071752208930569, 94.60000000000001
14.067476869111191, 94.7
14.063206018398624, 94.80000000000001
14.058939652079305, 94.9
14.054677765444621, 95.0
14.050420353790905, 95.10000000000001
14.046167412419425, 95.2
14.041918936636385, 95.30000000000001
14.037674921752917, 95.4
14.033435363085076, 95.5
14.029200255953837, 95.60000000000001
14.024969595685086, 95.7
14.020743377609616, 95.80000000000001
14.016521597063125, 95.9
14.01230424938621, 96.0
14.008091329924355, 96.10000000000001
14.003882834027934, 96.2
13.999678757052205, 96.30000000000001
13.9954790943573, 96.4
13.991283841308226, 96.5
13.987092993274853, 96.60000000000001
13.982906545631915, 96.7
13.978724493759001, 96.80000000000001
13.974546833040554, 96.9
13.97037355886586, 97.0
13.966204666629052, 97.10000000000001
13.962040151729092, 97.2
13.957880009569775, 97.30000000000001
13.953724235559728, 97.4
13.949572825112389, 97.5
13.94542577364602, 97.60000000000001
13.941283076583693, 97.7
13.93714472935328, 97.80000000000001
13.933010727387458, 97.9
13.9288810661237, 98.0
13.92475574100427, 98.10000000000001
13.920634747476216, 98.2
13.916518080991366, 98.30000000000001
13.912405737006326, 98.4
13.908297710982469, 98.5
13.904193998385937, 98.60000000000001
13.900094594687632, 98.7
13.89599949536321, 98.80000000000001
13.891908695893079, 98.9
13.88782219176239, 99.0
13.88373997846104, 99.10000000000001
13.879662051483656, 99.2
13.875588406329598, 99.30000000000001
13.871519038502951, 99.4
13.867453943512523, 99.5
13.863393116871835, 99.60000000000001
13.85933655409912, 99.7
13.855284250717315, 99.80000000000001
13.85123620225406, 99.9
13.847192404241694, 100.0
13.84315285221724, 100.10000000000001
13.839117541722413, 100.2
13.835086468303604, 100.30000000000001
13.831059627511886, 100.4
13.827037014902999, 100.5
13.823018626037351, 100.60000000000001
13.819004456480013, 100.7
13.814994501800708, 100.80000000000001
13.810988757573817, 100.9
13.806987219378364, 101.0
13.802989882798016, 101.10000000000001
13.798996743421078, 101.2
13.795007796840487, 101.30000000000001
13.791023038653805, 101.4
13.787042464463218, 101.5
13.783066069875531, 101.60000000000001
13.779093850502163, 101.7
13.775125801959135, 101.80000000000001
13.771161919867078, 101.9
13.767202199851218, 102.0
13.763246637541373, 102.10000000000001
13.759295228571954, 102.2
13.755347968581953, 102.30000000000001
13.751404853214941, 102.4
13.747465878119066, 102.5
13.74353103894704, 102.60000000000001
13.739600331356145, 102.7
13.735673751008221, 102.80000000000001
13.731751293569662, 102.9
13.727832954711413, 103.0
13.723918730108966, 103.10000000000001
13.720008615442351, 103.2
13.716102606396136, 103.30000000000001
13.712200698659421, 103.4
13.708302887925829, 103.5
13.704409169893507, 103.60000000000001
13.70051954026512, 103.7
13.696633994747842, 103.80000000000001
13.692752529053356, 103.9
13.688875138897851, 104.0
13.685001820002007, 104.10000000000001
13.681132568091005, 104.2
13.67726737889451, 104.30000000000001
13.67340624814667, 104.4
13.669549171586116, 104.5
13.66569614495595, 104.60000000000001
13.661847164003746, 104.7
13.658002224481542, 104.80000000000001
13.654161322145837, 104.9
13.650324452757584, 105.0
13.646491612082189, 105.10000000000001
13.642662795889501, 105.2
13.638837999953818, 105.30000000000001
13.635017220053866, 105.4
13.63120045197281, 105.5
13.627387691498237, 105.60000000000001
13.623578934422165, 105.7
13.619774176541021, 105.80000000000001
13.615973413655654, 105.9
13.612176641571315, 106.0
13.608383856097666, 106.10000000000001
13.604595053048763, 106.2
13.600810228243063, 106.30000000000001
13.597029377503407, 106.4
13.593252496657028, 106.5
13.589479581535539, 106.60000000000001
13.585710627974926, 106.7
13.581945631815552, 106.80000000000001
13.578184588902145, 106.9
13.574427495083798, 107.0
13.57067434621396, 107.10000000000001
13.566925138150435, 107.2
13.563179866755377, 107.30000000000001
13.559438527895283, 107.4
13.555701117440993, 107.5
13.55196763126768, 107.60000000000001
13.548238065254848, 107.7
13.54451241528633, 107.80000000000001
13.54079067725028, 107.9
13.537072847039168, 108.0
13.533358920549777, 108.10000000000001
13.5296488936832, 108.2
13.525942762344833, 108.30000000000001
13.52224052244437, 108.4
13.518542169895804, 108.5
13.514847700617414, 108.60000000000001
13.511157110531766, 108.7
13.507470395565708, 108.80000000000001
13.503787551650364, 108.9
13.50010857472113, 109.0
13.496433460717673, 109.10000000000001
13.49276220558392, 109.2
13.489094805268058, 109.30000000000001
13.485431255722526, 109.4
13.481771552904018, 109.5
13.478115692773468, 109.60000000000001
13.474463671296055, 109.7
13.470815484441195, 109.80000000000001
13.467171128182532, 109.9
13.46353059849794, 110.0
13.459893891369516, 110.10000000000001
13.456261002783577, 110.2
13.452631928730655, 110.30000000000001
13.449006665205488, 110.4
13.445385208207021, 110.5
13.441767553738403, 110.60000000000001
13.438153697806978, 110.7
13.43454363642428, 110.80000000000001
13.430937365606034, 110.9
13.427334881372149, 111.0
13.423736179746708, 111.10000000000001
13.420141256757974, 111.2
13.416550108438377, 111.30000000000001
13.412962730824518, 111.4
13.409379119957151, 111.5
13.405799271881197, 111.60000000000001
13.402223182645722, 111.7
13.398650848303944, 111.80000000000001
13.395082264913226, 111.9
13.391517428535067, 112.0
13.387956335235106, 112.10000000000001
13.384398981083109, 112.2
13.380845362152971, 112.30000000000001
13.377295474522711, 112.4
13.373749314274463, 112.5
13.370206877494475, 112.60000000000001
13.366668160273106, 112.7
13.36313315870482, 112.80000000000001
13.359601868888179, 112.9
13.356074286925846, 113.0
13.352550408924573, 113.10000000000001
13.349030230995202, 113.2
13.345513749252657, 113.30000000000001
13.342000959815941, 113.4
13.338491858808135, 113.5
13.334986442356387, 113.60000000000001
13.331484706591914, 113.7
13.327986647649992, 113.80000000000001
13.32449226166996, 113.9
13.321001544795207, 114.0
13.317514493173173, 114.10000000000001
13.31403110295534, 114.2
13.310551370297237, 114.30000000000001
13.307075291358425, 114.4
13.303602862302498, 114.5
13.30013407929708, 114.60000000000001
13.296668938513818, 114.7
13.293207436128379, 114.80000000000001
13.289749568320444, 114.9
13.286295331273708, 115.0
13.28284472117587, 115.10000000000001
13.279397734218636, 115.2
13.275954366597706, 115.30000000000001
13.272514614512778, 115.4
13.26907847416754, 115.5
13.265645941769664, 115.60000000000001
13.262217013530806, 115.7
13.2587916856666, 115.80000000000001
13.255369954396649, 115.9
13.251951815944532, 116.0
13.24853726653779, 116.10000000000001
13.245126302407925, 116.2
13.241718919790397, 116.30000000000001
13.238315114924617, 116.4
13.234914884053946, 116.5
13.23151822342569, 116.60000000000001
13.228125129291094, 116.7
13.224735597905338, 116.80000000000001
13.221349625527537, 116.9
13.217967208420733, 117.0
13.214588342851892, 117.10000000000001
13.211213025091897, 117.2
13.207841251415552, 117.30000000000001
13.204473018101565, 117.4
13.201108321432558, 117.5
13.197747157695055, 117.60000000000001
13.194389523179476, 117.7
13.191035414180137, 117.80000000000001
13.187684826995248, 117.9
13.184337757926903, 118.0
13.18099420328108, 118.10000000000001
13.177654159367634, 118.2
13.174317622500299, 118.30000000000001
13.170984588996673, 118.4
13.167655055178226, 118.5
13.164329017370289, 118.60000000000001
13.16100647190205, 118.7
13.157687415106553, 118.80000000000001
13.15437184332069, 118.9
13.151059752885205, 119.0
13.147751140144676, 119.10000000000001
13.144446001447523, 119.2
13.141144333146004, 119.30000000000001
13.1378461315962, 119.4
13.134551393158024, 119.5
13.131260114195207, 119.60000000000001
13.127972291075302, 119.7
13.124687920169674, 119.80000000000001
13.121406997853496, 119.9
13.11812952050575, 120.0
13.114855484509219, 120.10000000000001
13.111584886250483, 120.2
13.10831772211992, 120.30000000000001
13.105053988511695, 120.4
13.101793681823759, 120.5
13.098536798457845, 120.60000000000001
13.095283334819465, 120.7
13.092033287317904, 120.80000000000001
13.08878665236622, 120.9
13.085543426381236, 121.0
13.082303605783535, 121.10000000000001
13.079067186997463, 121.2
13.075834166451116, 121.30000000000001
13.072604540576343, 121.4
13.069378305808737, 121.5
13.066155458587637, 121.60000000000001
13.06293599535612, 121.7
13.059719912560997, 121.80000000000001
13.056507206652809, 121.9
13.053297874085823, 122.0
13.050091911318033, 122.10000000000001
13.046889314811148, 122.2
13.043690081030597, 122.30000000000001
13.040494206445516, 122.4
13.037301687528748, 122.5
13.034112520756842, 122.60000000000001
13.030926702610047, 122.7
13.027744229572306, 122.80000000000001
13.024565098131255, 122.9
13.021389304778218, 123.0
13.018216846008201, 123.10000000000001
13.015047718319892, 123.2
13.011881918215655, 123.30000000000001
13.00871944220153, 123.4
13.005560286787219, 123.5
13.002404448486093, 123.60000000000001
12.999251923815182, 123.7
12.996102709295176, 123.80000000000001
12.992956801450417, 123.9
12.989814196808894, 124.0
12.986674891902243, 124.10000000000001
12.983538883265746, 124.2
12.980406167438318, 124.30000000000001
12.977276740962507, 124.4
12.974150600384496, 124.5
12.971027742254092, 124.60000000000001
12.967908163124726, 124.7
12.964791859553445, 124.80000000000001
12.961678828100915, 124.9
12.958569065331409, 125.0
12.95546256781281, 125.10000000000001
12.952359332116608, 125.2
12.949259354817885, 125.30000000000001
12.946162632495327, 125.4
12.943069161731206, 125.5
12.939978939111388, 125.60000000000001
12.93689196122532, 125.7
12.933808224666034, 125.80000000000001
12.930727726030135, 125.9
12.927650461917803, 126.0
12.92457642893279, 126.10000000000001
12.92150562368241, 126.2
12.918438042777543, 126.30000000000001
12.915373682832627, 126.4
12.912312540465653, 126.5
12.909254612298163, 126.60000000000001
12.90619989495525, 126.7
12.903148385065547, 126.80000000000001
12.900100079261229, 126.9
12.897054974178005, 127.0
12.894013066455118, 127.10000000000001
12.89097435273534, 127.2
12.887938829664968, 127.30000000000001
12.88490649389382, 127.4
12.881877342075231, 127.5
12.878851370866052, 127.60000000000001
12.875828576926642, 127.7
12.872808956920869, 127.80000000000001
12.869792507516102, 127.9
12.86677922538321, 128.0
12.863769107196557, 128.1
12.860762149634, 128.20000000000002
12.857758349376885, 128.3
12.854757703110039, 128.4
12.851760207521773, 128.5
12.848765859303874, 128.6
12.845774655151605, 128.70000000000002
12.842786591763696, 128.8
12.839801665842344, 128.9
12.83681987409321, 129.0
12.833841213225412, 129.1
12.830865679951525, 129.20000000000002
12.827893270987577, 129.3
12.82492398305304, 129.4
12.821957812870835, 129.5
12.81899475716732, 129.6
12.816034812672296, 129.70000000000002
12.81307797611899, 129.8
12.810124244244065, 129.9
12.807173613787608, 130.0
12.80422608149313, 130.1
12.801281644107563, 130.20000000000002
12.79834029838125, 130.3
12.79540204106795, 130.4
12.792466868924828, 130.5
12.789534778712458, 130.6
12.78660576719481, 130.70000000000002
12.783679831139256, 130.8
12.78075696731656, 130.9
12.777837172500877, 131.0
12.774920443469751, 131.1
12.772006777004108, 131.20000000000002
12.769096169888254, 131.3
12.76618861890987, 131.4
12.763284120860016, 131.5
12.760382672533114, 131.6
12.757484270726954, 131.70000000000002
12.75458891224269, 131.8
12.751696593884835, 131.9
12.748807312461256, 132.0
12.745921064783172, 132.1
12.74303784766515, 132.20000000000002
12.740157657925101, 132.3
12.73728049238428, 132.4
12.734406347867276, 132.5
12.731535221202016, 132.6
12.728667109219753, 132.70000000000002
12.725802008755073, 132.8
12.72293991664588, 132.9
12.720080829733401, 133.0
12.71722474486218, 133.1
12.714371658880076, 133.20000000000002
12.711521568638252, 133.3
12.708674470991182, 133.4
12.705830362796641, 133.5
12.702989240915706, 133.6
12.700151102212745, 133.70000000000002
12.697315943555422, 133.8
12.69448376181469, 133.9
12.691654553864785, 134.0
12.688828316583226, 134.1
12.686005046850815, 134.20000000000002
12.68318474155162, 134.3
12.680367397572992, 134.4
12.67755301180554, 134.5
12.674741581143143, 134.6
12.671933102482942, 134.70000000000002
12.669127572725335, 134.8
12.666324988773974, 134.9
12.663525347535762, 135.0
12.66072864592085, 135.1
12.657934880842634, 135.20000000000002
12.655144049217748, 135.3
12.652356147966069, 135.4
12.649571174010704, 135.5
12.646789124277992, 135.6
12.6440099956975, 135.70000000000002
12.641233785202017, 135.8
12.638460489727555, 135.9
12.63569010621334, 136.0
12.632922631601817, 136.1
12.630158062838635, 136.20000000000002
12.627396396872655, 136.3
12.624637630655938, 136.4
12.621881761143749, 136.5
12.619128785294548, 136.6
12.616378700069989, 136.70000000000002
12.613631502434915, 136.8
12.610887189357358, 136.9
12.608145757808533, 137.0
12.605407204762834, 137.1
12.602671527197833, 137.20000000000002
12.599938722094276, 137.3
12.597208786436077, 137.4
12.59448171721032, 137.5
12.591757511407248, 137.6
12.589036166020271, 137.70000000000002
12.58631767804595, 137.8
12.583602044484001, 137.9
12.580889262337292, 138.0
12.578179328611839, 138.1
12.575472240316795, 138.20000000000002
12.572767994464463, 138.3
12.570066588070276, 138.4
12.567368018152802, 138.5
12.564672281733742, 138.6
12.561979375837922, 138.70000000000002
12.559289297493292, 138.8
12.556602043730924, 138.9
12.553917611585007, 139.0
12.551235998092842, 139.1
12.548557200294844, 139.20000000000002
12.545881215234536, 139.3
12.54320803995854, 139.4
12.540537671516583, 139.5
12.53787010696149, 139.6
12.535205343349181, 139.70000000000002
12.532543377738666, 139.8
12.52988420719204, 139.9
12.527227828774489, 140.0
12.524574239554276, 140.1
12.521923436602744, 140.20000000000002
12.519275416994311, 140.3
12.516630177806467, 140.4
12.51398771611977, 140.5
12.511348029017844, 140.6
12.508711113587376, 140.70000000000002
12.506076966918108, 140.8
12.503445586102844, 140.9
12.500816968237435, 141.0
12.498191110420786, 141.1
12.495568009754844, 141.20000000000002
12.492947663344601, 141.3
12.49033006829809, 141.4
12.487715221726376, 141.5
12.485103120743563, 141.6
12.482493762466783, 141.70000000000002
12.479887144016192, 141.8
12.477283262514975, 141.9
12.474682115089335, 142.0
12.472083698868492, 142.1
12.46948801098468, 142.20000000000002
12.466895048573146, 142.3
12.464304808772145, 142.4
12.461717288722934, 142.5
12.459132485569775, 142.6
12.456550396459926, 142.70000000000002
12.453971018543644, 142.8
12.451394348974173, 142.9
12.44882038490775, 143.0
12.446249123503597, 143.1
12.443680561923918, 143.20000000000002
12.441114697333898, 143.3
12.438551526901698, 143.4
12.435991047798451, 143.5
12.433433257198262, 143.6
12.430878152278204, 143.70000000000002
12.428325730218312, 143.8
12.425775988201583, 143.9
12.423228923413971, 144.0
12.420684533044387, 144.1
12.41814281428469, 144.20000000000002
12.415603764329692, 144.3
12.413067380377147, 144.4
12.41053365962775, 144.5
12.408002599285142, 144.6
12.405474196555893, 144.70000000000002
12.402948448649509, 144.8
12.400425352778427, 144.9
12.39790490615801, 145.0
12.395387106006543, 145.1
12.392871949545237, 145.20000000000002
12.390359433998213, 145.3
12.387849556592515, 145.4
12.385342314558093, 145.5
12.382837705127807, 145.6
12.380335725537423, 145.70000000000002
12.377836373025609, 145.8
12.375339644833932, 145.9
12.372845538206857, 146.0
12.37035405039174, 146.1
12.367865178638828, 146.20000000000002
12.365378920201257, 146.3
12.362895272335045, 146.4
12.360414232299094, 146.5
12.35793579735518, 146.6
12.355459964767958, 146.70000000000002
12.352986731804952, 146.8
12.350516095736557, 146.9
12.348048053836035, 147.0
12.345582603379507, 147.1
12.343119741645959, 147.20000000000002
12.34065946591723, 147.3
12.338201773478017, 147.4
12.335746661615865, 147.5
12.333294127621167, 147.6
12.330844168787165, 147.70000000000002
12.328396782409937, 147.8
12.325951965788407, 147.9
12.32350971622433, 148.0
12.321070031022293, 148.1
12.31863290748972, 148.20000000000002
12.316198342936856, 148.3
12.313766334676773, 148.4
12.311336880025362, 148.5
12.308909976301335, 148.6
12.30648562082622, 148.70000000000002
12.304063810924351, 148.8
12.30164454392288, 148.9
12.299227817151761, 149.0
12.296813627943752, 149.1
12.294401973634411, 149.20000000000002
12.291992851562094, 149.3
12.289586259067955, 149.4
12.287182193495934, 149.5
12.284780652192763, 149.6
12.282381632507962, 149.70000000000002
12.279985131793827, 149.8
12.277591147405444, 149.9
12.275199676700668, 150.0
12.272810717040132, 150.1
12.27042426578724, 150.20000000000002
12.268040320308163, 150.3
12.26565887797184, 150.4
12.263279936149969, 150.5
12.260903492217011, 150.6
12.258529543550184, 150.70000000000002
12.256158087529457, 150.8
12.253789121537551, 150.9
12.251422642959936, 151.0
12.249058649184828, 151.1
12.246697137603185, 151.20000000000002
12.244338105608701, 151.3
12.241981550597812, 151.4
12.239627469969683, 151.5
12.237275861126214, 151.6
12.234926721472032, 151.70000000000002
12.232580048414487, 151.8
12.230235839363651, 151.9
12.227894091732319, 152.0
12.225554802936, 152.1
12.223217970392916, 152.20000000000002
12.220883591524004, 152.3
12.218551663752903, 152.4
12.216222184505963, 152.5
12.213895151212231, 152.6
12.211570561303459, 152.70000000000002
12.209248412214091, 152.8
12.206928701381266, 152.9
12.204611426244815, 153.0
12.202296584247259, 153.1
12.1999841728338, 153.20000000000002
12.197674189452323, 153.3
12.195366631553398, 153.4
12.193061496590268, 153.5
12.190758782018849, 153.60000000000002
12.188458485297728, 153.70000000000002
12.186160603888165, 153.8
12.183865135254083, 153.9
12.181572076862066, 154.0
12.179281426181362, 154.10000000000002
12.176993180683871, 154.20000000000002
12.174707337844152, 154.3
12.172423895139415, 154.4
12.170142850049519, 154.5
12.167864200056966, 154.60000000000002
12.165587942646907, 154.70000000000002
12.163314075307127, 154.8
12.161042595528055, 154.9
12.15877350080275, 155.0
12.156506788626908, 155.10000000000002
12.15424245649885, 155.20000000000002
12.151980501919526, 155.3
12.149720922392511, 155.4
12.147463715424, 155.5
12.145208878522805, 155.60000000000002
12.142956409200355, 155.70000000000002
12.140706304970696, 155.8
12.138458563350476, 155.9
12.136213181858958, 156.0
12.133970158018005, 156.10000000000002
12.131729489352086, 156.20000000000002
12.129491173388267, 156.3
12.127255207656209, 156.4
12.125021589688169, 156.5
12.122790317018996, 156.60000000000002
12.120561387186125, 156.70000000000002
12.11833479772958, 156.8
12.116110546191964, 156.9
12.113888630118462, 157.0
12.111669047056838, 157.10000000000002
12.109451794557428, 157.20000000000002
12.107236870173143, 157.3
12.105024271459461, 157.4
12.10281399597443, 157.5
12.100606041278656, 157.60000000000002
12.098400404935314, 157.70000000000002
12.096197084510132, 157.8
12.093996077571397, 157.9
12.091797381689947, 158.0
12.089600994439172, 158.10000000000002
12.08740691339501, 158.20000000000002
12.085215136135947, 158.3
12.083025660243004, 158.4
12.080838483299749, 158.5
12.078653602892285, 158.60000000000002
12.076471016609247, 158.70000000000002
12.074290722041807, 158.8
12.072112716783664, 158.9
12.069936998431041, 159.0
12.06776356458269, 159.10000000000002
12.065592412839877, 159.20000000000002
12.063423540806395, 159.3
12.061256946088548, 159.4
12.059092626295156, 159.5
12.056930579037546, 159.60000000000002
12.054770801929557, 159.70000000000002
12.05261329258753, 159.8
12.050458048630313, 159.9
12.048305067679252, 160.0
12.046154347358188, 160.10000000000002
12.044005885293462, 160.20000000000002
12.041859679113903, 160.3
12.039715726450833, 160.4
12.03757402493806, 160.5
12.035434572211875, 160.60000000000002
12.033297365911052, 160.70000000000002
12.031162403676845, 160.8
12.029029683152984, 160.9
12.026899201985673, 161.0
12.024770957823588, 161.10000000000002
12.022644948317874, 161.20000000000002
12.02052117112214, 161.3
12.018399623892462, 161.4
12.016280304287374, 161.5
12.014163209967872, 161.60000000000002
12.012048338597406, 161.70000000000002
12.009935687841878, 161.8
12.007825255369644, 161.9
12.005717038851506, 162.0
12.003611035960711, 162.10000000000002
12.001507244372952, 162.20000000000002
11.99940566176636, 162.3
11.997306285821505, 162.4
11.995209114221392, 162.5
11.993114144651459, 162.60000000000002
11.991021374799574, 162.70000000000002
11.988930802356036, 162.8
11.986842425013561, 162.9
11.984756240467297, 163.0
11.982672246414806, 163.10000000000002
11.980590440556071, 163.20000000000002
11.978510820593486, 163.3
11.976433384231864, 163.4
11.974358129178421, 163.5
11.972285053142784, 163.60000000000002
11.970214153836984, 163.70000000000002
11.968145428975456, 163.8
11.96607887627503, 163.9
11.964014493454942, 164.0
11.961952278236813, 164.10000000000002
11.959892228344664, 164.20000000000002
11.957834341504903, 164.3
11.955778615446322, 164.4
11.953725047900104, 164.5
11.951673636599809, 164.60000000000002
11.94962437928138, 164.70000000000002
11.947577273683134, 164.8
11.945532317545766, 164.9
11.943489508612343, 165.0
11.9414488446283, 165.10000000000002
11.93941032334144, 165.20000000000002
11.937373942501932, 165.3
11.935339699862304, 165.4
11.93330759317745, 165.5
11.931277620204613, 165.60000000000002
11.929249778703397, 165.70000000000002
11.927224066435759, 165.8
11.925200481166002, 165.9
11.923179020660777, 166.0
11.921159682689083, 166.10000000000002
11.91914246502226, 166.20000000000002
11.917127365433986, 166.3
11.915114381700281, 166.4
11.913103511599497, 166.5
11.911094752912318, 166.60000000000002
11.90908810342176, 166.70000000000002
11.907083560913168, 166.8
11.90508112317421, 166.9
11.903080787994877, 167.0
11.901082553167482, 167.10000000000002
11.899086416486657, 167.20000000000002
11.897092375749347, 167.3
11.89510042875481, 167.4
11.893110573304618, 167.5
11.891122807202649, 167.60000000000002
11.889137128255086, 167.70000000000002
11.887153534270418, 167.8
11.885172023059434, 167.9
11.883192592435222, 168.0
11.881215240213164, 168.10000000000002
11.87923996421094, 168.20000000000002
11.877266762248519, 168.3
11.875295632148157, 168.4
11.873326571734403, 168.5
11.871359578834081, 168.60000000000002
11.869394651276306, 168.70000000000002
11.867431786892466, 168.8
11.865470983516229, 168.9
11.863512238983537, 169.0
11.861555551132604, 169.10000000000002
11.859600917803915, 169.20000000000002
11.85764833684022, 169.3
11.855697806086539, 169.4
11.853749323390149, 169.5
11.85180288660059, 169.60000000000002
11.84985849356966, 169.70000000000002
11.84791614215141, 169.8
11.845975830202152, 169.9
11.844037555580439, 170.0
11.84210131614708, 170.10000000000002
11.840167109765126, 170.20000000000002
11.838234934299873, 170.3
11.836304787618857, 170.4
11.834376667591858, 170.5
11.832450572090886, 170.60000000000002
11.83052649899019, 170.70000000000002
11.828604446166251, 170.8
11.826684411497776, 170.9
11.824766392865703, 171.0
11.822850388153194, 171.10000000000002
11.820936395245633, 171.20000000000002
11.819024412030625, 171.3
11.817114436397993, 171.4
11.815206466239776, 171.5
11.813300499450223, 171.60000000000002
11.8113965339258, 171.70000000000002
11.809494567565178, 171.8
11.807594598269235, 171.9
11.805696623941053, 172.0
11.803800642485914, 172.10000000000002
11.801906651811304, 172.20000000000002
11.800014649826903, 172.3
11.798124634444584, 172.4
11.796236603578416, 172.5
11.794350555144659, 172.60000000000002
11.792466487061757, 172.70000000000002
11.790584397250342, 172.8
11.78870428363323, 172.9
11.786826144135414, 173.0
11.784949976684072, 173.10000000000002
11.783075779208554, 173.20000000000002
11.781203549640384, 173.3
11.779333285913262, 173.4
11.777464985963054, 173.5
11.775598647727792, 173.60000000000002
11.773734269147678, 173.70000000000002
11.771871848165073, 173.8
11.7700113827245, 173.9
11.768152870772639, 174.0
11.766296310258328, 174.10000000000002
11.764441699132556, 174.20000000000002
11.762589035348467, 174.3
11.760738316861351, 174.4
11.758889541628648, 174.5
11.757042707609937, 174.60000000000002
11.755197812766946, 174.70000000000002
11.753354855063542, 174.8
11.751513832465724, 174.9
11.749674742941634, 175.0
11.747837584461545, 175.10000000000002
11.74600235499786, 175.20000000000002
11.74416905252511, 175.3
11.742337675019959, 175.4
11.740508220461187, 175.5
11.738680686829703, 175.60000000000002
11.736855072108531, 175.70000000000002
11.735031374282817, 175.8
11.73320959133982, 175.9
11.731389721268913, 176.0
11.72957176206158, 176.10000000000002
11.727755711711415, 176.20000000000002
11.725941568214118, 176.3
11.724129329567493, 176.4
11.722318993771447, 176.5
11.720510558827987, 176.60000000000002
11.718704022741218, 176.70000000000002
11.716899383517339, 176.8
11.715096639164646, 176.9
11.713295787693523, 177.0
11.711496827116445, 177.10000000000002
11.709699755447973, 177.20000000000002
11.707904570704752, 177.3
11.706111270905511, 177.4
11.704319854071061, 177.5
11.702530318224285, 177.60000000000002
11.70074266139015, 177.70000000000002
11.69895688159569, 177.8
11.697172976870014, 177.9
11.6953909452443, 178.0
11.693610784751794, 178.10000000000002
11.691832493427805, 178.20000000000002
11.690056069309707, 178.3
11.688281510436932, 178.4
11.686508814850972, 178.5
11.68473798059538, 178.60000000000002
11.682969005715755, 178.70000000000002
11.681201888259753, 178.8
11.67943662627708, 178.9
11.677673217819489, 179.0
11.675911660940779, 179.10000000000002
11.674151953696791, 179.20000000000002
11.67239409414541, 179.3
11.670638080346558, 179.4
11.668883910362194, 179.5
11.667131582256314, 179.60000000000002
11.665381094094945, 179.70000000000002
11.663632443946145, 179.8
11.661885629880002, 179.9
11.660140649968628, 180.0
11.658397502286162, 180.10000000000002
11.656656184908762, 180.20000000000002
11.654916695914608, 180.3
11.653179033383898, 180.4
11.651443195398844, 180.5
11.649709180043676, 180.60000000000002
11.647976985404629, 180.70000000000002
11.646246609569953, 180.8
11.644518050629905, 180.9
11.642791306676743, 181.0
11.641066375804733, 181.10000000000002
11.639343256110138, 181.20000000000002
11.637621945691222, 181.3
11.635902442648247, 181.4
11.634184745083466, 181.5
11.632468851101128, 181.60000000000002
11.630754758807472, 181.70000000000002
11.629042466310723, 181.8
11.627331971721096, 181.9
11.62562327315079, 182.0
11.623916368713981, 182.10000000000002
11.622211256526832, 182.20000000000002
11.62050793470748, 182.3
11.618806401376036, 182.4
11.617106654654592, 182.5
11.615408692667204, 182.60000000000002
11.613712513539904, 182.70000000000002
11.612018115400687, 182.8
11.610325496379517, 182.9
11.608634654608318, 183.0
11.606945588220979, 183.10000000000002
11.605258295353346, 183.20000000000002
11.603572774143226, 183.3
11.601889022730376, 183.4
11.600207039256508, 183.5
11.598526821865288, 183.60000000000002
11.59684836870233, 183.70000000000002
11.595171677915193, 183.8
11.593496747653383, 183.9
11.591823576068347, 184.0
11.590152161313474, 184.10000000000002
11.588482501544096, 184.20000000000002
11.586814594917474, 184.3
11.58514843959281, 184.4
11.583484033731239, 184.5
11.58182137549582, 184.60000000000002
11.58016046305155, 184.70000000000002
11.578501294565346, 184.8
11.576843868206051, 184.9
11.575188182144435, 185.0
11.573534234553184, 185.10000000000002
11.571882023606904, 185.20000000000002
11.570231547482116, 185.3
11.56858280435726, 185.4
11.566935792412684, 185.5
11.56529050983065, 185.60000000000002
11.563646954795328, 185.70000000000002
11.562005125492792, 185.8
11.560365020111025, 185.9
11.558726636839909, 186.0
11.557089973871227, 186.10000000000002
11.555455029398662, 186.20000000000002
11.553821801617794, 186.3
11.552190288726095, 186.4
11.550560488922933, 186.5
11.548932400409564, 186.60000000000002
11.547306021389135, 186.70000000000002
11.545681350066676, 186.8
11.544058384649107, 186.9
11.542437123345225, 187.0
11.540817564365712, 187.10000000000002
11.539199705923128, 187.20000000000002
11.53758354623191, 187.3
11.535969083508366, 187.4
11.534356315970683, 187.5
11.532745241838914, 187.60000000000002
11.531135859334983, 187.70000000000002
11.529528166682681, 187.8
11.527922162107664, 187.9
11.526317843837452, 188.0
11.524715210101423, 188.10000000000002
11.523114259130816, 188.20000000000002
11.521514989158728, 188.3
11.51991739842011, 188.4
11.51832148515177, 188.5
11.51672724759236, 188.60000000000002
11.515134683982389, 188.70000000000002
11.513543792564207, 188.8
11.511954571582015, 188.9
11.510367019281853, 189.0
11.508781133911608, 189.10000000000002
11.507196913721002, 189.20000000000002
11.505614356961594, 189.3
11.504033461886785, 189.4
11.502454226751803, 189.5
11.500876649813714, 189.60000000000002
11.49930072933141, 189.70000000000002
11.497726463565611, 189.8
11.496153850778867, 189.9
11.49458288923555, 190.0
11.493013577201854, 190.10000000000002
11.491445912945792, 190.20000000000002
11.4898798947372, 190.3
11.488315520847726, 190.4
11.486752789550836, 190.5
11.485191699121808, 190.60000000000002
11.48363224783773, 190.70000000000002
11.482074433977502, 190.8
11.480518255821826, 190.9
11.478963711653213, 191.0
11.477410799755978, 191.10000000000002
11.475859518416234, 191.20000000000002
11.474309865921898, 191.3
11.47276184056268, 191.4
11.471215440630088, 191.5
11.469670664417427, 191.60000000000002
11.468127510219789, 191.70000000000002
11.466585976334057, 191.8
11.465046061058906, 191.9
11.463507762694794, 192.0
11.461971079543964, 192.10000000000002
11.460436009910444, 192.20000000000002
11.458902552100037, 192.3
11.457370704420333, 192.4
11.45584046518069, 192.5
11.454311832692252, 192.60000000000002
11.452784805267925, 192.70000000000002
11.451259381222393, 192.8
11.44973555887211, 192.9
11.448213336535295, 193.0
11.446692712531933, 193.10000000000002
11.445173685183773, 193.20000000000002
11.44365625281433, 193.3
11.442140413748875, 193.4
11.44062616631444, 193.5
11.43911350883981, 193.60000000000002
11.437602439655528, 193.70000000000002
11.436092957093889, 193.8
11.43458505948894, 193.9
11.433078745176477, 194.0
11.431574012494043, 194.10000000000002
11.430070859780924, 194.20000000000002
11.428569285378154, 194.3
11.427069287628507, 194.4
11.425570864876498, 194.5
11.424074015468378, 194.60000000000002
11.422578737752136, 194.70000000000002
11.421085030077498, 194.8
11.419592890795917, 194.9
11.418102318260582, 195.0
11.416613310826408, 195.10000000000002
11.41512586685004, 195.20000000000002
11.413639984689848, 195.3
11.412155662705924, 195.4
11.410672899260083, 195.5
11.40919169271586, 195.60000000000002
11.407712041438508, 195.70000000000002
11.406233943794998, 195.8
11.404757398154013, 195.9
11.403282402885951, 196.0
11.40180895636292, 196.10000000000002
11.400337056958739, 196.20000000000002
11.398866703048931, 196.3
11.39739789301073, 196.4
11.395930625223068, 196.5
11.394464898066584, 196.60000000000002
11.393000709923614, 196.70000000000002
11.391538059178194, 196.8
11.390076944216057, 196.9
11.38861736342463, 197.0
11.387159315193035, 197.10000000000002
11.385702797912082, 197.20000000000002
11.384247809974275, 197.3
11.382794349773802, 197.4
11.38134241570654, 197.5
11.379892006170047, 197.60000000000002
11.378443119563569, 197.70000000000002
11.376995754288027, 197.8
11.375549908746024, 197.9
11.37410558134184, 198.0
11.372662770481432, 198.10000000000002
11.371221474572426, 198.20000000000002
11.369781692024125, 198.3
11.3683434212475, 198.4
11.366906660655191, 198.5
11.365471408661504, 198.60000000000002
11.36403766368241, 198.70000000000002
11.362605424135543, 198.8
11.361174688440201, 198.9
11.35974545501734, 199.0
11.358317722289572, 199.10000000000002
11.356891488681168, 199.20000000000002
11.355466752618053, 199.3
11.354043512527804, 199.4
11.35262176683965, 199.5
11.351201513984469, 199.60000000000002
11.349782752394786, 199.70000000000002
11.348365480504771, 199.8
11.346949696750242, 199.9
11.345535399568654, 200.0
11.344122587399106, 200.10000000000002
11.342711258682337, 200.20000000000002
11.341301411860721, 200.3
11.339893045378268, 200.4
11.338486157680622, 200.5
11.337080747215058, 200.60000000000002
11.335676812430481, 200.70000000000002
11.33427435177743, 200.8
11.332873363708062, 200.9
11.331473846676168, 201.0
11.330075799137159, 201.10000000000002
11.328679219548064, 201.20000000000002
11.32728410636754, 201.3
11.325890458055854, 201.4
11.324498273074894, 201.5
11.323107549888165, 201.60000000000002
11.321718286960783, 201.70000000000002
11.320330482759474, 201.8
11.318944135752576, 201.9
11.317559244410035, 202.0
11.316175807203404, 202.10000000000002
11.314793822605841, 202.20000000000002
11.313413289092106, 202.3
11.31203420513856, 202.4
11.310656569223164, 202.5
11.30928037982548, 202.60000000000002
11.307905635426664, 202.70000000000002
11.306532334509466, 202.8
11.305160475558232, 202.9
11.303790057058896, 203.0
11.302421077498984, 203.10000000000002
11.30105353536761, 203.20000000000002
11.299687429155473, 203.3
11.298322757354859, 203.4
11.296959518459635, 203.5
11.295597710965254, 203.60000000000002
11.29423733336874, 203.70000000000002
11.292878384168702, 203.8
11.291520861865324, 203.9
11.290164764960366, 204.0
11.288810091957158, 204.10000000000002
11.287456841360603, 204.20000000000002
11.286105011677174, 204.3
11.284754601414912, 204.4
11.283405609083426, 204.5
11.282058033193888, 204.60000000000002
11.280711872259035, 204.70000000000002
11.279367124793163, 204.8
11.27802378931213, 204.9
11.276681864333352, 205.0
11.275341348375802, 205.10000000000002
11.274002239960007, 205.20000000000002
11.27266453760805, 205.3
11.27132823984356, 205.4
11.269993345191725, 205.5
11.268659852179274, 205.60000000000002
11.267327759334487, 205.70000000000002
11.265997065187186, 205.8
11.264667768268739, 205.9
11.263339867112057, 206.0
11.26201336025159, 206.10000000000002
11.260688246223326, 206.20000000000002
11.259364523564791, 206.3
11.258042190815049, 206.4
11.256721246514694, 206.5
11.255401689205854, 206.60000000000002
11.254083517432187, 206.70000000000002
11.252766729738884, 206.8
11.251451324672658, 206.9
11.250137300781752, 207.0
11.24882465661593, 207.10000000000002
11.247513390726484, 207.20000000000002
11.246203501666221, 207.3
11.244894987989472, 207.4
11.243587848252083, 207.5
11.24228208101142, 207.60000000000002
11.240977684826357, 207.70000000000002
11.23967465825729, 207.8
11.238372999866119, 207.9
11.23707270821626, 208.0
11.235773781872632, 208.10000000000002
11.234476219401666, 208.20000000000002
11.233180019371295, 208.3
11.231885180350956, 208.4
11.230591700911587, 208.5
11.22929957962563, 208.60000000000002
11.228008815067023, 208.70000000000002
11.226719405811203, 208.8
11.2254313504351, 208.9
11.224144647517143, 209.0
11.22285929563725, 209.10000000000002
11.22157529337683, 209.20000000000002
11.220292639318785, 209.3
11.2190113320475, 209.4
11.21773137014885, 209.5
11.216452752210195, 209.60000000000002
11.215175476820374, 209.70000000000002
11.213899542569713, 209.8
11.212624948050015, 209.9
11.211351691854563, 210.0
11.210079772578116, 210.10000000000002
11.20880918881691, 210.20000000000002
11.207539939168651, 210.3
11.206272022232524, 210.4
11.205005436609179, 210.5
11.20374018090074, 210.60000000000002
11.202476253710794, 210.70000000000002
11.201213653644396, 210.8
11.199952379308069, 210.9
11.198692429309796, 211.0
11.19743380225902, 211.10000000000002
11.196176496766649, 211.20000000000002
11.194920511445044, 211.3
11.193665844908027, 211.4
11.192412495770874, 211.5
11.191160462650314, 211.60000000000002
11.189909744164531, 211.70000000000002
11.188660338933158, 211.8
11.187412245577278, 211.9
11.186165462719421, 212.0
11.184919988983566, 212.10000000000002
11.183675822995133, 212.20000000000002
11.182432963380988, 212.3
11.181191408769438, 212.4
11.17995115779023, 212.5
11.17871220907455, 212.60000000000002
11.177474561255023, 212.70000000000002
11.176238212965705, 212.8
11.175003162842092, 212.9
11.173769409521109, 213.0
11.172536951641112, 213.10000000000002
11.171305787841888, 213.20000000000002
11.170075916764654, 213.3
11.168847337052052, 213.4
11.167620047348146, 213.5
11.16639404629843, 213.60000000000002
11.165169332549818, 213.70000000000002
11.16394590475064, 213.8
11.162723761550652, 213.9
11.161502901601024, 214.0
11.160283323554342, 214.10000000000002
11.15906502606461, 214.20000000000002
11.157848007787242, 214.3
11.156632267379067, 214.4
11.155417803498318, 214.5
11.154204614804645, 214.60000000000002
11.1529926999591, 214.70000000000002
11.151782057624143, 214.8
11.150572686463637, 214.9
11.14936458514285, 215.0
11.14815775232845, 215.10000000000002
11.146952186688505, 215.20000000000002
11.145747886892483, 215.3
11.144544851611245, 215.4
11.143343079517054, 215.5
11.14214256928356, 215.60000000000002
11.140943319585812, 215.70000000000002
11.139745329100247, 215.8
11.138548596504691, 215.9
11.13735312047836, 216.0
11.136158899701858, 216.10000000000002
11.13496593285717, 216.20000000000002
11.13377421862767, 216.3
11.13258375569811, 216.4
11.131394542754627, 216.5
11.130206578484735, 216.60000000000002
11.129019861577326, 216.70000000000002
11.12783439072267, 216.8
11.126650164612412, 216.9
11.12546718193957, 217.0
11.124285441398532, 217.10000000000002
11.123104941685064, 217.20000000000002
11.121925681496295, 217.3
11.120747659530723, 217.4
11.119570874488216, 217.5
11.118395325070004, 217.60000000000002
11.11722100997868, 217.70000000000002
11.116047927918203, 217.8
11.11487607759389, 217.9
11.113705457712415, 218.0
11.112536066981818, 218.10000000000002
11.111367904111487, 218.20000000000002
11.11020096781217, 218.3
11.109035256795968, 218.4
11.107870769776332, 218.5
11.106707505468066, 218.60000000000002
11.105545462587324, 218.70000000000002
11.104384639851608, 218.8
11.103225035979763, 218.9
11.102066649691984, 219.0
11.100909479709808, 219.10000000000002
11.099753524756112, 219.20000000000002
11.098598783555119, 219.3
11.097445254832385, 219.4
11.09629293731481, 219.5
11.09514182973063, 219.60000000000002
11.093991930809414, 219.70000000000002
11.092843239282065, 219.8
11.091695753880819, 219.9
11.090549473339244, 220.0
11.089404396392238, 220.10000000000002
11.088260521776027, 220.20000000000002
11.087117848228162, 220.3
11.085976374487522, 220.4
11.08483609929431, 220.5
11.083697021390051, 220.60000000000002
11.082559139517592, 220.70000000000002
11.081422452421098, 220.8
11.080286958846056, 220.9
11.079152657539268, 221.0
11.078019547248852, 221.10000000000002
11.07688762672424, 221.20000000000002
11.075756894716179, 221.3
11.074627349976726, 221.4
11.073498991259251, 221.5
11.072371817318428, 221.60000000000002
11.071245826910245, 221.70000000000002
11.070121018791989, 221.8
11.068997391722258, 221.9
11.06787494446095, 222.0
11.066753675769267, 222.10000000000002
11.065633584409708, 222.20000000000002
11.064514669146078, 222.3
11.063396928743474, 222.4
11.062280361968293, 222.5
11.061164967588226, 222.60000000000002
11.060050744372258, 222.70000000000002
11.058937691090668, 222.8
11.057825806515023, 222.9
11.056715089418182, 223.0
11.055605538574293, 223.10000000000002
11.05449715275879, 223.20000000000002
11.053389930748393, 223.3
11.052283871321107, 223.4
11.051178973256219, 223.5
11.0500752353343, 223.60000000000002
11.048972656337199, 223.70000000000002
11.047871235048044, 223.8
11.046770970251243, 223.9
11.04567186073248, 224.0
11.04457390527871, 224.10000000000002
11.043477102678168, 224.20000000000002
11.042381451720356, 224.3
11.04128695119605, 224.4
11.040193599897293, 224.5
11.0391013966174, 224.60000000000002
11.038010340150953, 224.70000000000002
11.036920429293794, 224.8
11.035831662843036, 224.9
11.03474403959705, 225.0
11.033657558355474, 225.10000000000002
11.032572217919201, 225.20000000000002
11.031488017090386, 225.3
11.030404954672441, 225.4
11.029323029470035, 225.5
11.028242240289092, 225.60000000000002
11.02716258593679, 225.70000000000002
11.026084065221555, 225.8
11.025006676953073, 225.9
11.023930419942271, 226.0
11.022855293001331, 226.10000000000002
11.02178129494368, 226.20000000000002
11.02070842458399, 226.3
11.019636680738177, 226.4
11.018566062223401, 226.5
11.017496567858068, 226.60000000000002
11.016428196461817, 226.70000000000002
11.015360946855532, 226.8
11.014294817861334, 226.9
11.01322980830258, 227.0
11.012165917003863, 227.10000000000002
11.011103142791008, 227.20000000000002
11.010041484491078, 227.3
11.008980940932362, 227.4
11.007921510944383, 227.5
11.006863193357892, 227.60000000000002
11.005805987004866, 227.70000000000002
11.00474989071851, 227.8
11.003694903333257, 227.9
11.002641023684756, 228.0
11.001588250609887, 228.10000000000002
11.000536582946745, 228.20000000000002
10.999486019534652, 228.3
10.998436559214142, 228.4
10.997388200826967, 228.5
10.996340943216099, 228.60000000000002
10.995294785225722, 228.70000000000002
10.994249725701236, 228.8
10.99320576348925, 228.9
10.992162897437586, 229.0
10.991121126395276, 229.10000000000002
10.990080449212561, 229.20000000000002
10.989040864740888, 229.3
10.98800237183291, 229.4
10.986964969342484, 229.5
10.985928656124674, 229.60000000000002
10.984893431035744, 229.70000000000002
10.983859292933156, 229.8
10.982826240675577, 229.9
10.981794273122867, 230.0
10.980763389136088, 230.10000000000002
10.979733587577496, 230.20000000000002
10.978704867310539, 230.3
10.977677227199862, 230.4
10.976650666111302, 230.5
10.975625182911886, 230.60000000000002
10.974600776469828, 230.70000000000002
10.973577445654534, 230.8
10.972555189336598, 230.9
10.971534006387794, 231.0
10.970513895681087, 231.10000000000002
10.969494856090622, 231.20000000000002
10.968476886491727, 231.3
10.967459985760911, 231.4
10.966444152775862, 231.5
10.965429386415448, 231.60000000000002
10.964415685559711, 231.70000000000002
10.963403049089873, 231.8
10.962391475888328, 231.9
10.961380964838645, 232.0
10.960371514825564, 232.10000000000002
10.959363124734997, 232.20000000000002
10.958355793454025, 232.3
10.957349519870899, 232.4
10.956344302875035, 232.5
10.955340141357016, 232.60000000000002
10.954337034208592, 232.70000000000002
10.953334980322673, 232.8
10.952333978593334, 232.9
10.951334027915811, 233.0
10.9503351271865, 233.10000000000002
10.949337275302955, 233.20000000000002
10.948340471163887, 233.3
10.947344713669164, 233.4
10.94635000171981, 233.5
10.945356334218005, 233.60000000000002
10.944363710067076, 233.70000000000002
10.943372128171506, 233.8
10.942381587436925, 233.9
10.941392086770117, 234.0
10.940403625079009, 234.10000000000002
10.939416201272676, 234.20000000000002
10.93842981426134, 234.3
10.937444462956366, 234.4
10.936460146270262, 234.5
10.935476863116678, 234.60000000000002
10.934494612410406, 234.70000000000002
10.933513393067376, 234.8
10.932533204004654, 234.9
10.93155404414045, 235.0
10.930575912394103, 235.10000000000002
10.929598807686089, 235.20000000000002
10.928622728938018, 235.3
10.927647675072633, 235.4
10.926673645013807, 235.5
10.925700637686543, 235.60000000000002
10.924728652016972, 235.70000000000002
10.923757686932355, 235.8
10.922787741361075, 235.9
10.921818814232646, 236.0
10.920850904477701, 236.10000000000002
10.919884011028, 236.20000000000002
10.91891813281642, 236.3
10.917953268776964, 236.4
10.916989417844748, 236.5
10.91602657895601, 236.60000000000002
10.915064751048106, 236.70000000000002
10.914103933059506, 236.8
10.913144123929793, 236.9
10.912185322599667, 237.0
10.911227528010937, 237.10000000000002
10.910270739106526, 237.20000000000002
10.909314954830464, 237.3
10.908360174127893, 237.4
10.907406395945058, 237.5
10.906453619229316, 237.60000000000002
10.905501842929125, 237.70000000000002
10.904551065994049, 237.8
10.903601287374755, 237.9
10.902652506023012, 238.0
10.901704720891688, 238.10000000000002
10.900757930934752, 238.20000000000002
10.89981213510727, 238.3
10.898867332365407, 238.4
10.897923521666424, 238.5
10.896980701968674, 238.60000000000002
10.896038872231607, 238.70000000000002
10.895098031415763, 238.8
10.894158178482776, 238.9
10.893219312395368, 239.0
10.892281432117354, 239.10000000000002
10.89134453661363, 239.20000000000002
10.890408624850187, 239.3
10.889473695794093, 239.4
10.888539748413509, 239.5
10.887606781677675, 239.60000000000002
10.886674794556914, 239.70000000000002
10.88574378602263, 239.8
10.884813755047306, 239.9
10.883884700604506, 240.0
10.882956621668871, 240.10000000000002
10.882029517216118, 240.20000000000002
10.88110338622304, 240.3
10.880178227667507, 240.4
10.879254040528457, 240.5
10.878330823785902, 240.60000000000002
10.877408576420926, 240.70000000000002
10.876487297415684, 240.8
10.875566985753398, 240.9
10.874647640418358, 241.0
10.873729260395919, 241.10000000000002
10.872811844672503, 241.20000000000002
10.871895392235597, 241.3
10.87097990207375, 241.4
10.870065373176573, 241.5
10.869151804534738, 241.60000000000002
10.868239195139976, 241.70000000000002
10.867327543985079, 241.8
10.866416850063894, 241.9
10.865507112371327, 242.0
10.864598329903338, 242.10000000000002
10.863690501656938, 242.20000000000002
10.862783626630199, 242.3
10.861877703822238, 242.4
10.860972732233224, 242.5
10.860068710864379, 242.60000000000002
10.859165638717972, 242.70000000000002
10.858263514797319, 242.8
10.857362338106782, 242.9
10.856462107651769, 243.0
10.855562822438735, 243.10000000000002
10.854664481475174, 243.20000000000002
10.853767083769625, 243.3
10.852870628331667, 243.4
10.85197511417192, 243.5
10.85108054030204, 243.60000000000002
10.850186905734722, 243.70000000000002
10.8492942094837, 243.8
10.848402450563743, 243.9
10.84751162799065, 244.0
10.846621740781261, 244.10000000000002
10.845732787953441, 244.20000000000002
10.84484476852609, 244.3
10.843957681519136, 244.4
10.84307152595354, 244.5
10.842186300851289, 244.60000000000002
10.841302005235395, 244.70000000000002
10.840418638129897, 244.8
10.83953619855986, 244.9
10.838654685551372, 245.0
10.837774098131543, 245.10000000000002
10.836894435328505, 245.20000000000002
10.83601569617141, 245.3
10.83513787969043, 245.4
10.834260984916755, 245.5
10.833385010882592, 245.60000000000002
10.832509956621166, 245.70000000000002
10.831635821166714, 245.8
10.830762603554488, 245.9
10.829890302820756, 246.0
10.829018918002793, 246.10000000000002
10.82814844813889, 246.20000000000002
10.827278892268344, 246.3
10.826410249431463, 246.4
10.82554251866956, 246.5
10.824675699024956, 246.60000000000002
10.82380978954098, 246.70000000000002
10.822944789261962, 246.8
10.822080697233238, 246.9
10.821217512501143, 247.0
10.820355234113016, 247.10000000000002
10.819493861117198, 247.20000000000002
10.818633392563026, 247.3
10.817773827500835, 247.4
10.816915164981959, 247.5
10.816057404058727, 247.60000000000002
10.815200543784465, 247.70000000000002
10.814344583213492, 247.8
10.813489521401118, 247.9
10.812635357403646, 248.0
10.811782090278372, 248.10000000000002
10.81092971908358, 248.20000000000002
10.810078242878543, 248.3
10.80922766072352, 248.4
10.80837797167976, 248.5
10.807529174809497, 248.60000000000002
10.806681269175947, 248.70000000000002
10.805834253843312, 248.8
10.804988127876776, 248.9
10.804142890342504, 249.0
10.803298540307644, 249.10000000000002
10.802455076840321, 249.20000000000002
10.80161249900964, 249.3
10.80077080588568, 249.4
10.7999299965395, 249.5
10.799090070043134, 249.60000000000002
10.798251025469588, 249.70000000000002
10.797412861892845, 249.8
10.796575578387857, 249.9
10.795739174030551, 250.0
10.794903647897819, 250.10000000000002
10.794068999067527, 250.20000000000002
10.793235226618506, 250.3
10.792402329630557, 250.4
10.791570307184445, 250.5
10.790739158361902, 250.60000000000002
10.789908882245621, 250.70000000000002
10.789079477919262, 250.8
10.788250944467448, 250.9
10.787423280975757, 251.0
10.786596486530732, 251.10000000000002
10.785770560219873, 251.20000000000002
10.784945501131643, 251.3
10.784121308355456, 251.4
10.783297980981683, 251.5
10.782475518101652, 251.60000000000002
10.781653918807645, 251.70000000000002
10.780833182192897, 251.8
10.780013307351593, 251.9
10.779194293378874, 252.0
10.778376139370826, 252.10000000000002
10.777558844424487, 252.20000000000002
10.77674240763784, 252.3
10.77592682810982, 252.4
10.775112104940305, 252.5
10.774298237230118, 252.60000000000002
10.773485224081027, 252.70000000000002
10.772673064595741, 252.8
10.771861757877916, 252.9
10.771051303032145, 253.0
10.770241699163961, 253.10000000000002
10.769432945379839, 253.20000000000002
10.768625040787189, 253.3
10.767817984494362, 253.4
10.767011775610642, 253.5
10.766206413246252, 253.60000000000002
10.765401896512344, 253.70000000000002
10.764598224521006, 253.8
10.763795396385259, 253.9
10.762993411219055, 254.0
10.762192268137275, 254.10000000000002
10.761391966255731, 254.20000000000002
10.760592504691163, 254.3
10.759793882561237, 254.4
10.758996098984547, 254.5
10.758199153080612, 254.60000000000002
10.757403043969878, 254.70000000000002
10.75660777077371, 254.8
10.755813332614398, 254.9
10.755019728615153, 255.0
10.754226957900107, 255.10000000000002
10.753435019594312, 255.20000000000002
10.752643912823737, 255.3
10.751853636715273, 255.4
10.751064190396722, 255.5
10.750275572996806, 255.60000000000002
10.74948778364516, 255.70000000000002
10.748700821472331, 255.8
10.747914685609786, 255.9
10.747129375189894, 256.0
10.746344889345945, 256.1
10.745561227212132, 256.2
10.74477838792356, 256.3
10.743996370616241, 256.40000000000003
10.743215174427094, 256.5
10.742434798493946, 256.6
10.741655241955527, 256.7
10.740876503951474, 256.8
10.740098583622325, 256.90000000000003
10.739321480109522, 257.0
10.738545192555407, 257.1
10.737769720103223, 257.2
10.736995061897115, 257.3
10.736221217082123, 257.40000000000003
10.735448184804188, 257.5
10.734675964210144, 257.6
10.733904554447724, 257.7
10.733133954665554, 257.8
10.732364164013156, 257.90000000000003
10.731595181640941, 258.0
10.730827006700219, 258.1
10.730059638343183, 258.2
10.729293075722923, 258.3
10.728527317993414, 258.40000000000003
10.727762364309521, 258.5
10.726998213826997, 258.6
10.726234865702478, 258.7
10.725472319093491, 258.8
10.724710573158443, 258.90000000000003
10.723949627056626, 259.0
10.723189479948218, 259.1
10.722430130994272, 259.2
10.721671579356729, 259.3
10.720913824198403, 259.40000000000003
10.720156864682995, 259.5
10.719400699975077, 259.6
10.718645329240104, 259.7
10.717890751644402, 259.8
10.717136966355175, 259.90000000000003
10.716383972540502, 260.0
10.715631769369335, 260.1
10.714880356011497, 260.2
10.714129731637685, 260.3
10.713379895419466, 260.40000000000003
10.712630846529276, 260.5
10.71188258414042, 260.6
10.711135107427074, 260.7
10.710388415564276, 260.8
10.709642507727933, 260.90000000000003
10.708897383094818, 261.0
10.70815304084257, 261.1
10.707409480149686, 261.2
10.706666700195528, 261.3
10.705924700160324, 261.40000000000003
10.705183479225155, 261.5
10.70444303657197, 261.6
10.70370337138357, 261.7
10.702964482843617, 261.8
10.702226370136632, 261.90000000000003
10.701489032447988, 262.0
10.700752468963918, 262.1
10.700016678871506, 262.2
10.699281661358691, 262.3
10.698547415614264, 262.40000000000003
10.697813940827869, 262.5
10.69708123619, 262.6
10.696349300892, 262.7
10.695618134126065, 262.8
10.694887735085231, 262.90000000000003
10.694158102963392, 263.0
10.69342923695528, 263.1
10.692701136256478, 263.2
10.691973800063408, 263.3
10.691247227573342, 263.40000000000003
10.69052141798439, 263.5
10.689796370495507, 263.6
10.689072084306487, 263.7
10.688348558617966, 263.8
10.687625792631417, 263.90000000000003
10.686903785549154, 264.0
10.686182536574327, 264.1
10.685462044910924, 264.2
10.684742309763768, 264.3
10.684023330338517, 264.40000000000003
10.683305105841661, 264.5
10.682587635480528, 264.6
10.681870918463273, 264.7
10.681154953998886, 264.8
10.680439741297187, 264.90000000000003
10.679725279568824, 265.0
10.679011568025278, 265.1
10.678298605878851, 265.2
10.677586392342677, 265.3
10.676874926630717, 265.40000000000003
10.676164207957754, 265.5
10.675454235539398, 265.6
10.674745008592081, 265.7
10.67403652633306, 265.8
10.67332878798041, 265.90000000000003
10.67262179275303, 266.0
10.67191553987064, 266.1
10.671210028553775, 266.2
10.670505258023793, 266.3
10.669801227502868, 266.40000000000003
10.66909793621399, 266.5
10.668395383380966, 266.6
10.667693568228417, 266.7
10.666992489981777, 266.8
10.666292147867296, 266.90000000000003
10.665592541112035, 267.0
10.664893668943868, 267.1
10.664195530591478, 267.2
10.663498125284356, 267.3
10.662801452252808, 267.40000000000003
10.662105510727942, 267.5
10.661410299941677, 267.6
10.660715819126738, 267.7
10.660022067516655, 267.8
10.659329044345762, 267.90000000000003
10.658636748849199, 268.0
10.657945180262907, 268.1
10.65725433782363, 268.2
10.656564220768916, 268.3
10.655874828337108, 268.40000000000003
10.655186159767354, 268.5
10.654498214299599, 268.6
10.653810991174584, 268.7
10.653124489633852, 268.8
10.652438708919735, 268.90000000000003
10.65175364827537, 269.0
10.651069306944681, 269.1
10.65038568417239, 269.2
10.64970277920401, 269.3
10.649020591285845, 269.40000000000003
10.648339119664994, 269.5
10.647658363589347, 269.6
10.646978322307579, 269.7
10.646298995069156, 269.8
10.645620381124333, 269.90000000000003
10.644942479724152, 270.0
10.644265290120442, 270.1
10.643588811565817, 270.2
10.642913043313673, 270.3
10.642237984618193, 270.40000000000003
10.641563634734343, 270.5
10.640889992917872, 270.6
10.640217058425309, 270.7
10.639544830513962, 270.8
10.638873308441923, 270.90000000000003
10.638202491468059, 271.0
10.637532378852017, 271.1
10.636862969854223, 271.2
10.636194263735876, 271.3
10.635526259758953, 271.40000000000003
10.634858957186205, 271.5
10.63419235528116, 271.6
10.633526453308114, 271.7
10.632861250532141, 271.8
10.632196746219082, 271.90000000000003
10.631532939635552, 272.0
10.630869830048935, 272.1
10.630207416727384, 272.2
10.62954569893982, 272.3
10.628884675955934, 272.40000000000003
10.62822434704618, 272.5
10.627564711481782, 272.6
10.626905768534726, 272.7
10.626247517477765, 272.8
10.625589957584413, 272.90000000000003
10.62493308812895, 273.0
10.624276908386415, 273.1
10.62362141763261, 273.2
10.622966615144096, 273.3
10.622312500198195, 273.40000000000003
10.621659072072987, 273.5
10.62100633004731, 273.6
10.62035427340076, 273.7
10.61970290141369, 273.8
10.619052213367207, 273.90000000000003
10.618402208543172, 274.0
10.617752886224201, 274.1
10.617104245693666, 274.2
10.616456286235687, 274.3
10.61580900713514, 274.40000000000003
10.615162407677648, 274.5
10.614516487149587, 274.6
10.61387124483808, 274.7
10.613226680031, 274.8
10.612582792016967, 274.90000000000003
10.61193958008535, 275.0
10.61129704352626, 275.1
10.610655181630557, 275.2
10.610013993689845, 275.3
10.60937347899647, 275.40000000000003
10.608733636843525, 275.5
10.60809446652484, 275.6
10.607455967334989, 275.7
10.606818138569286, 275.8
10.606180979523788, 275.90000000000003
10.605544489495289, 276.0
10.604908667781318, 276.1
10.604273513680148, 276.2
10.603639026490784, 276.3
10.603005205512968, 276.40000000000003
10.60237205004718, 276.5
10.60173955939463, 276.6
10.601107732857265, 276.7
10.600476569737765, 276.8
10.59984606933954, 276.90000000000003
10.599216230966734, 277.0
10.598587053924218, 277.1
10.597958537517597, 277.2
10.597330681053203, 277.3
10.596703483838096, 277.40000000000003
10.596076945180066, 277.5
10.595451064387627, 277.6
10.594825840770019, 277.7
10.59420127363721, 277.8
10.593577362299891, 277.90000000000003
10.592954106069476, 278.0
10.592331504258103, 278.1
10.591709556178632, 278.2
10.591088261144645, 278.3
10.590467618470443, 278.40000000000003
10.58984762747105, 278.5
10.589228287462205, 278.6
10.588609597760371, 278.7
10.587991557682722, 278.8
10.587374166547155, 278.90000000000003
10.58675742367228, 279.0
10.586141328377424, 279.1
10.585525879982628, 279.2
10.584911077808647, 279.3
10.584296921176948, 279.40000000000003
10.583683409409712, 279.5
10.583070541829832, 279.6
10.58245831776091, 279.7
10.581846736527261, 279.8
10.581235797453907, 279.90000000000003
10.58062549986658, 280.0
10.58001584309172, 280.1
10.579406826456474, 280.2
10.578798449288694, 280.3
10.57819071091694, 280.40000000000003
10.577583610670478, 280.5
10.576977147879274, 280.6
10.576371321874001, 280.7
10.575766131986034, 280.8
10.57516157754745, 280.90000000000003
10.574557657891024, 281.0
10.573954372350238, 281.1
10.57335172025927, 281.2
10.572749700952997, 281.3
10.572148313766997, 281.40000000000003
10.571547558037542, 281.5
10.570947433101603, 281.6
10.570347938296846, 281.7
10.569749072961635, 281.8
10.569150836435025, 281.90000000000003
10.568553228056768, 282.0
10.567956247167308, 282.1
10.567359893107781, 282.2
10.566764165220018, 282.3
10.566169062846537, 282.40000000000003
10.565574585330548, 282.5
10.56498073201595, 282.6
10.564387502247333, 282.7
10.563794895369973, 282.8
10.563202910729835, 282.90000000000003
10.56261154767357, 283.0
10.562020805548512, 283.1
10.561430683702685, 283.2
10.560841181484797, 283.3
10.560252298244238, 283.40000000000003
10.559664033331082, 283.5
10.559076386096084, 283.6
10.558489355890684, 283.7
10.557902942066999, 283.8
10.557317143977828, 283.90000000000003
10.556731960976652, 284.0
10.556147392417627, 284.1
10.555563437655588, 284.2
10.55498009604605, 284.3
10.554397366945201, 284.40000000000003
10.553815249709908, 284.5
10.553233743697712, 284.6
10.55265284826683, 284.7
10.55207256277615, 284.8
10.551492886585235, 284.90000000000003
10.55091381905432, 285.0
10.550335359544313, 285.1
10.54975750741679, 285.2
10.549180262034003, 285.3
10.548603622758867, 285.40000000000003
10.54802758895497, 285.5
10.547452159986566, 285.6
10.54687733521858, 285.7
10.5463031140166, 285.8
10.545729495746883, 285.90000000000003
10.545156479776349, 286.0
10.544584065472584, 286.1
10.544012252203839, 286.2
10.543441039339024, 286.3
10.542870426247719, 286.40000000000003
10.54230041230016, 286.5
10.541730996867244, 286.6
10.541162179320533, 286.7
10.540593959032247, 286.8
10.540026335375263, 286.90000000000003
10.539459307723119, 287.0
10.53889287545001, 287.1
10.538327037930788, 287.2
10.53776179454096, 287.3
10.537197144656693, 287.40000000000003
10.536633087654803, 287.5
10.536069622912764, 287.6
10.535506749808706, 287.7
10.534944467721406, 287.8
10.534382776030299, 287.90000000000003
10.533821674115467, 288.0
10.533261161357645, 288.1
10.53270123713822, 288.2
10.532141900839225, 288.3
10.531583151843343, 288.40000000000003
10.531024989533908, 288.5
10.530467413294897, 288.6
10.529910422510937, 288.7
10.5293540165673, 288.8
10.528798194849905, 288.90000000000003
10.528242956745313, 289.0
10.52768830164073, 289.1
10.527134228924007, 289.2
10.526580737983636, 289.3
10.526027828208754, 289.40000000000003
10.525475498989135, 289.5
10.524923749715196, 289.6
10.524372579777994, 289.7
10.523821988569226, 289.8
10.52327197548123, 289.90000000000003
10.522722539906974, 290.0
10.522173681240071, 290.1
10.521625398874768, 290.2
10.52107769220595, 290.3
10.520530560629133, 290.40000000000003
10.519984003540472, 290.5
10.519438020336754, 290.6
10.5188926104154, 290.7
10.518347773174463, 290.8
10.51780350801263, 290.90000000000003
10.517259814329217, 291.0
10.51671669152417, 291.1
10.51617413899807, 291.2
10.51563215615212, 291.3
10.51509074238816, 291.40000000000003
10.514549897108653, 291.5
10.514009619716688, 291.6
10.513469909615987, 291.7
10.51293076621089, 291.8
10.512392188906368, 291.90000000000003
10.511854177108017, 292.0
10.511316730222052, 292.1
10.51077984765532, 292.2
10.510243528815282, 292.3
10.509707773110026, 292.40000000000003
10.509172579948261, 292.5
10.508637948739315, 292.6
10.508103878893138, 292.7
10.5075703698203, 292.8
10.507037420931988, 292.90000000000003
10.50650503164001, 293.0
10.505973201356788, 293.1
10.505441929495364, 293.2
10.504911215469393, 293.3
10.50438105869315, 293.40000000000003
10.503851458581522, 293.5
10.503322414550011, 293.6
10.502793926014734, 293.7
10.502265992392418, 293.8
10.501738613100406, 293.90000000000003
10.50121178755665, 294.0
10.500685515179716, 294.1
10.500159795388777, 294.2
10.49963462760362, 294.3
10.499110011244635, 294.40000000000003
10.49858594573283, 294.5
10.49806243048981, 294.6
10.497539464937796, 294.7
10.497017048499611, 294.8
10.496495180598686, 294.90000000000003
10.495973860659056, 295.0
10.495453088105364, 295.1
10.494932862362853, 295.2
10.494413182857372, 295.3
10.493894049015372, 295.40000000000003
10.493375460263906, 295.5
10.492857416030628, 295.6
10.492339915743795, 295.7
10.491822958832264, 295.8
10.491306544725491, 295.90000000000003
10.49079067285353, 296.0
10.490275342647033, 296.1
10.489760553537254, 296.2
10.48924630495604, 296.3
10.488732596335836, 296.40000000000003
10.488219427109684, 296.5
10.487706796711219, 296.6
10.487194704574673, 296.7
10.48668315013487, 296.8
10.486172132827228, 296.90000000000003
10.48566165208776, 297.0
10.485151707353069, 297.1
10.484642298060347, 297.2
10.484133423647384, 297.3
10.483625083552553, 297.40000000000003
10.483117277214824, 297.5
10.482610004073749, 297.6
10.48210326356947, 297.7
10.481597055142723, 297.8
10.481091378234824, 297.90000000000003
10.480586232287678, 298.0
10.480081616743776, 298.1
10.479577531046194, 298.2
10.479073974638595, 298.3
10.478570946965224, 298.40000000000003
10.47806844747091, 298.5
10.477566475601066, 298.6
10.477065030801684, 298.7
10.476564112519343, 298.8
10.476063720201198, 298.90000000000003
10.475563853294988, 299.0
10.475064511249029, 299.1
10.474565693512217, 299.2
10.474067399534029, 299.3
10.473569628764517, 299.40000000000003
10.473072380654315, 299.5
10.472575654654628, 299.6
10.47207945021724, 299.7
10.471583766794511, 299.8
10.471088603839377, 299.90000000000003
10.470593960805346, 300.0
10.470099837146499, 300.1
10.469606232317496, 300.2
10.469113145773562, 300.3
10.4686205769705, 300.40000000000003
10.46812852536468, 300.5
10.467636990413046, 300.6
10.467145971573112, 300.7
10.46665546830296, 300.8
10.466165480061242, 300.90000000000003
10.465676006307179, 301.0
10.465187046500557, 301.1
10.46469860010173, 301.2
10.464210666571624, 301.3
10.463723245371725, 301.40000000000003
10.463236335964083, 301.5
10.46274993781132, 301.6
10.46226405037662, 301.7
10.461778673123725, 301.8
10.461293805516945, 301.90000000000003
10.460809447021152, 302.0
10.46032559710178, 302.1
10.459842255224824, 302.2
10.459359420856838, 302.3
10.458877093464938, 302.40000000000003
10.4583952725168, 302.5
10.457913957480658, 302.6
10.457433147825304, 302.7
10.456952843020087, 302.8
10.456473042534915, 302.90000000000003
10.455993745840253, 303.0
10.455514952407121, 303.1
10.455036661707094, 303.2
10.454558873212301, 303.3
10.454081586395429, 303.40000000000003
10.453604800729714, 303.5
10.453128515688947, 303.6
10.452652730747474, 303.7
10.452177445380189, 303.8
10.451702659062539, 303.90000000000003
10.451228371270522, 304.0
10.450754581480687, 304.1
10.450281289170134, 304.2
10.449808493816505, 304.3
10.449336194897997, 304.40000000000003
10.448864391893354, 304.5
10.448393084281866, 304.6
10.447922271543371, 304.7
10.44745195315825, 304.8
10.446982128607434, 304.90000000000003
10.446512797372396, 305.0
10.446043958935155, 305.1
10.445575612778272, 305.2
10.445107758384856, 305.3
10.444640395238551, 305.40000000000003
10.44417352282355, 305.5
10.443707140624586, 305.6
10.44324124812693, 305.7
10.442775844816396, 305.8
10.442310930179339, 305.90000000000003
10.441846503702651, 306.0
10.441382564873763, 306.1
10.440919113180646, 306.2
10.440456148111807, 306.3
10.439993669156289, 306.40000000000003
10.439531675803675, 306.5
10.439070167544081, 306.6
10.43860914386816, 306.7
10.438148604267099, 306.8
10.437688548232618, 306.90000000000003
10.437228975256973, 307.0
10.436769884832954, 307.1
10.436311276453878, 307.20000000000005
10.435853149613601, 307.3
10.435395503806507, 307.40000000000003
10.43493833852751, 307.5
10.434481653272057, 307.6
10.43402544753612, 307.70000000000005
10.433569720816207, 307.8
10.43311447260935, 307.90000000000003
10.43265970241311, 308.0
10.432205409725576, 308.1
10.431751594045364, 308.20000000000005
10.431298254871617, 308.3
10.430845391704002, 308.40000000000003
10.430393004042713, 308.5
10.429941091388468, 308.6
10.42948965324251, 308.70000000000005
10.429038689106605, 308.8
10.428588198483043, 308.90000000000003
10.428138180874635, 309.0
10.427688635784717, 309.1
10.427239562717142, 309.20000000000005
10.42679096117629, 309.3
10.426342830667053, 309.40000000000003
10.425895170694853, 309.5
10.425447980765624, 309.6
10.42500126038582, 309.70000000000005
10.424555009062415, 309.8
10.4241092263029, 309.90000000000003
10.423663911615282, 310.0
10.423219064508086, 310.1
10.422774684490353, 310.20000000000005
10.422330771071637, 310.3
10.421887323762013, 310.40000000000003
10.421444342072062, 310.5
10.421001825512887, 310.6
10.420559773596098, 310.70000000000005
10.420118185833822, 310.8
10.419677061738696, 310.90000000000003
10.41923640082387, 311.0
10.418796202603005, 311.1
10.418356466590271, 311.20000000000005
10.41791719230035, 311.3
10.417478379248436, 311.40000000000003
10.417040026950225, 311.5
10.416602134921927, 311.6
10.416164702680259, 311.70000000000005
10.415727729742445, 311.8
10.415291215626215, 311.90000000000003
10.414855159849807, 312.0
10.414419561931965, 312.1
10.413984421391936, 312.20000000000005
10.413549737749474, 312.3
10.413115510524836, 312.40000000000003
10.412681739238785, 312.5
10.412248423412585, 312.6
10.411815562568002, 312.70000000000005
10.411383156227306, 312.8
10.410951203913267, 312.90000000000003
10.41051970514916, 313.0
10.410088659458753, 313.1
10.40965806636632, 313.20000000000005
10.409227925396635, 313.3
10.408798236074968, 313.40000000000003
10.40836899792709, 313.5
10.407940210479266, 313.6
10.407511873258263, 313.70000000000005
10.407083985791342, 313.8
10.40665654760626, 313.90000000000003
10.406229558231274, 314.0
10.405803017195131, 314.1
10.405376924027076, 314.20000000000005
10.404951278256847, 314.3
10.404526079414678, 314.40000000000003
10.404101327031293, 314.5
10.403677020637911, 314.6
10.40325315976624, 314.70000000000005
10.402829743948486, 314.8
10.40240677271734, 314.90000000000003
10.401984245605986, 315.0
10.4015621621481, 315.1
10.401140521877844, 315.20000000000005
10.400719324329872, 315.3
10.400298569039325, 315.40000000000003
10.399878255541834, 315.5
10.399458383373515, 315.6
10.399038952070972, 315.70000000000005
10.398619961171297, 315.8
10.398201410212067, 315.90000000000003
10.397783298731344, 316.0
10.397365626267677, 316.1
10.396948392360095, 316.20000000000005
10.396531596548117, 316.3
10.396115238371742, 316.40000000000003
10.395699317371452, 316.5
10.395283833088213, 316.6
10.394868785063471, 316.70000000000005
10.394454172839154, 316.8
10.394039995957673, 316.90000000000003
10.393626253961918, 317.0
10.393212946395257, 317.1
10.392800072801542, 317.20000000000005
10.3923876327251, 317.3
10.391975625710739, 317.40000000000003
10.391564051303742, 317.5
10.391152909049874, 317.6
10.39074219849537, 317.70000000000005
10.39033191918695, 317.8
10.389922070671805, 317.90000000000003
10.389512652497599, 318.0
10.389103664212476, 318.1
10.388695105365052, 318.20000000000005
10.38828697550442, 318.3
10.38787927418014, 318.40000000000003
10.387472000942251, 318.5
10.387065155341261, 318.6
10.386658736928153, 318.70000000000005
10.386252745254378, 318.8
10.385847179871861, 318.90000000000003
10.385442040332997, 319.0
10.385037326190647, 319.1
10.384633036998146, 319.20000000000005
10.384229172309297, 319.3
10.383825731678373, 319.40000000000003
10.38342271466011, 319.5
10.383020120809716, 319.6
10.382617949682865, 319.70000000000005
10.382216200835698, 319.8
10.38181487382482, 319.90000000000003
10.381413968207305, 320.0
10.381013483540688, 320.1
10.38061341938297, 320.20000000000005
10.380213775292617, 320.3
10.37981455082856, 320.40000000000003
10.379415745550189, 320.5
10.379017359017361, 320.6
10.378619390790393, 320.70000000000005
10.378221840430063, 320.8
10.377824707497611, 320.90000000000003
10.377427991554738, 321.0
10.377031692163605, 321.1
10.376635808886833, 321.20000000000005
10.376240341287502, 321.3
10.37584528892915, 321.40000000000003
10.375450651375775, 321.5
10.375056428191831, 321.6
10.37466261894223, 321.70000000000005
10.374269223192341, 321.8
10.37387624050799, 321.90000000000003
10.373483670455457, 322.0
10.373091512601478, 322.1
10.372699766513247, 322.20000000000005
10.372308431758407, 322.3
10.37191750790506, 322.40000000000003
10.37152699452176, 322.5
10.371136891177512, 322.6
10.370747197441776, 322.70000000000005
10.370357912884463, 322.8
10.369969037075935, 322.90000000000003
10.369580569587004, 323.0
10.369192509988938, 323.1
10.36880485785345, 323.20000000000005
10.368417612752703, 323.3
10.368030774259312, 323.40000000000003
10.36764434194634, 323.5
10.367258315387296, 323.6
10.36687269415614, 323.70000000000005
10.366487477827276, 323.8
10.366102665975557, 323.90000000000003
10.365718258176283, 324.0
10.365334254005198, 324.1
10.364950653038493, 324.20000000000005
10.364567454852802, 324.3
10.364184659025206, 324.40000000000003
10.363802265133229, 324.5
10.363420272754839, 324.6
10.363038681468446, 324.70000000000005
10.362657490852904, 324.8
10.362276700487508, 324.90000000000003
10.361896309951996, 325.0
10.361516318826547, 325.1
10.361136726691779, 325.20000000000005
10.360757533128753, 325.3
10.360378737718968, 325.40000000000003
10.360000340044362, 325.5
10.359622339687315, 325.6
10.359244736230643, 325.70000000000005
10.358867529257601, 325.8
10.35849071835188, 325.90000000000003
10.358114303097611, 326.0
10.357738283079359, 326.1
10.357362657882126, 326.20000000000005
10.35698742709135, 326.3
10.356612590292903, 326.40000000000003
10.356238147073094, 326.5
10.355864097018667, 326.6
10.355490439716798, 326.70000000000005
10.355117174755096, 326.8
10.354744301721603, 326.90000000000003
10.354371820204795, 327.0
10.35399972979358, 327.1
10.353628030077298, 327.20000000000005
10.353256720645716, 327.3
10.352885801089037, 327.40000000000003
10.352515270997895, 327.5
10.352145129963347, 327.6
10.351775377576885, 327.70000000000005
10.351406013430429, 327.8
10.351037037116328, 327.90000000000003
10.350668448227356, 328.0
10.350300246356717, 328.1
10.349932431098043, 328.20000000000005
10.34956500204539, 328.3
10.349197958793242, 328.40000000000003
10.34883130093651, 328.5
10.348465028070526, 328.6
10.348099139791053, 328.70000000000005
10.347733635694272, 328.8
10.347368515376793, 328.90000000000003
10.347003778435647, 329.0
10.34663942446829, 329.1
10.346275453072598, 329.20000000000005
10.345911863846872, 329.3
10.345548656389834, 329.40000000000003
10.345185830300625, 329.5
10.34482338517881, 329.6
10.344461320624372, 329.70000000000005
10.344099636237717, 329.8
10.343738331619667, 329.90000000000003
10.343377406371467, 330.0
10.343016860094776, 330.1
10.342656692391676, 330.20000000000005
10.342296902864666, 330.3
10.341937491116658, 330.40000000000003
10.341578456750986, 330.5
10.341219799371396, 330.6
10.340861518582056, 330.70000000000005
10.340503613987545, 330.8
10.340146085192858, 330.90000000000003
10.339788931803405, 331.0
10.339432153425012, 331.1
10.339075749663916, 331.20000000000005
10.338719720126768, 331.3
10.338364064420634, 331.40000000000003
10.338008782152993, 331.5
10.337653872931734, 331.6
10.337299336365156, 331.70000000000005
10.336945172061972, 331.8
10.336591379631306, 331.90000000000003
10.336237958682693, 332.0
10.335884908826076, 332.1
10.33553222967181, 332.20000000000005
10.335179920830655, 332.3
10.334827981913783, 332.40000000000003
10.334476412532773, 332.5
10.334125212299613, 332.6
10.333774380826698, 332.70000000000005
10.33342391772683, 332.8
10.333073822613215, 332.90000000000003
10.332724095099472, 333.0
10.332374734799618, 333.1
10.332025741328078, 333.20000000000005
10.331677114299683, 333.3
10.33132885332967, 333.40000000000003
10.330980958033672, 333.5
10.330633428027737, 333.6
10.330286262928308, 333.70000000000005
10.329939462352232, 333.8
10.329593025916763, 333.90000000000003
10.32924695323955, 334.0
10.328901243938649, 334.1
10.328555897632514, 334.20000000000005
10.32821091394, 334.3
10.327866292480362, 334.40000000000003
10.327522032873258, 334.5
10.327178134738741, 334.6
10.326834597697266, 334.70000000000005
10.326491421369683, 334.8
10.326148605377245, 334.90000000000003
10.325806149341599, 335.0
10.32546405288479, 335.1
10.325122315629262, 335.20000000000005
10.32478093719785, 335.3
10.324439917213793, 335.40000000000003
10.324099255300718, 335.5
10.323758951082652, 335.6
10.323419004184016, 335.70000000000005
10.323079414229623, 335.8
10.322740180844681, 335.90000000000003
10.322401303654795, 336.0
10.322062782285958, 336.1
10.321724616364557, 336.20000000000005
10.321386805517374, 336.3
10.321049349371581, 336.40000000000003
10.320712247554741, 336.5
10.320375499694808, 336.6
10.320039105420129, 336.70000000000005
10.319703064359437, 336.8
10.31936737614186, 336.90000000000003
10.31903204039691, 337.0
10.318697056754495, 337.1
10.318362424844903, 337.20000000000005
10.318028144298816, 337.3
10.317694214747302, 337.40000000000003
10.317360635821817, 337.5
10.317027407154205, 337.6
10.316694528376694, 337.70000000000005
10.316361999121899, 337.8
10.316029819022821, 337.90000000000003
10.315697987712847, 338.0
10.315366504825748, 338.1
10.315035369995682, 338.20000000000005
10.314704582857187, 338.3
10.314374143045187, 338.40000000000003
10.31404405019499, 338.5
10.313714303942286, 338.6
10.313384903923145, 338.70000000000005
10.313055849774026, 338.8
10.312727141131763, 338.90000000000003
10.312398777633575, 339.0
10.31207075891706, 339.1
10.311743084620197, 339.20000000000005
10.311415754381345, 339.3
10.311088767839244, 339.40000000000003
10.310762124633014, 339.5
10.310435824402148, 339.6
10.310109866786526, 339.70000000000005
10.3097842514264, 339.8
10.309458977962402, 339.90000000000003
10.309134046035542, 340.0
10.308809455287205, 340.1
10.308485205359155, 340.20000000000005
10.308161295893527, 340.3
10.307837726532838, 340.40000000000003
10.307514496919978, 340.5
10.307191606698213, 340.6
10.30686905551118, 340.70000000000005
10.306546843002893, 340.8
10.306224968817741, 340.90000000000003
10.305903432600482, 341.0
10.305582233996251, 341.1
10.305261372650556, 341.20000000000005
10.304940848209272, 341.3
10.304620660318653, 341.40000000000003
10.30430080862532, 341.5
10.303981292776262, 341.6
10.303662112418847, 341.70000000000005
10.303343267200807, 341.8
10.303024756770247, 341.90000000000003
10.302706580775638, 342.0
10.302388738865824, 342.1
10.302071230690014, 342.20000000000005
10.30175405589779, 342.3
10.301437214139098, 342.40000000000003
10.301120705064251, 342.5
10.300804528323933, 342.6
10.300488683569194, 342.70000000000005
10.300173170451446, 342.8
10.299857988622472, 342.90000000000003
10.29954313773442, 343.0
10.299228617439798, 343.1
10.298914427391486, 343.20000000000005
10.298600567242724, 343.3
10.29828703664712, 343.40000000000003
10.29797383525864, 343.5
10.297660962731618, 343.6
10.29734841872075, 343.70000000000005
10.297036202881094, 343.8
10.296724314868069, 343.90000000000003
10.296412754337457, 344.0
10.296101520945403, 344.1
10.29579061434841, 344.20000000000005
10.295480034203345, 344.3
10.295169780167432, 344.40000000000003
10.294859851898257, 344.5
10.294550249053763, 344.6
10.294240971292258, 344.70000000000005
10.2939320182724, 344.8
10.293623389653215, 344.90000000000003
10.293315085094079, 345.0
10.29300710425473, 345.1
10.292699446795263, 345.20000000000005
10.292392112376127, 345.3
10.292085100658133, 345.40000000000003
10.291778411302442, 345.5
10.291472043970574, 345.6
10.291165998324404, 345.70000000000005
10.290860274026164, 345.8
10.290554870738436, 345.90000000000003
10.29024978812416, 346.0
10.289945025846631, 346.1
10.289640583569492, 346.20000000000005
10.289336460956743, 346.3
10.289032657672738, 346.40000000000003
10.288729173382182, 346.5
10.28842600775013, 346.6
10.288123160441993, 346.70000000000005
10.287820631123529, 346.8
10.287518419460849, 346.90000000000003
10.287216525120416, 347.0
10.28691494776904, 347.1
10.286613687073881, 347.20000000000005
10.286312742702453, 347.3
10.286012114322615, 347.40000000000003
10.285711801602575, 347.5
10.285411804210893, 347.6
10.285112121816471, 347.70000000000005
10.284812754088565, 347.8
10.284513700696772, 347.90000000000003
10.28421496131104, 348.0
10.283916535601664, 348.1
10.283618423239282, 348.20000000000005
10.28332062389488, 348.3
10.283023137239791, 348.40000000000003
10.282725962945689, 348.5
10.282429100684595, 348.6
10.282132550128877, 348.70000000000005
10.281836310951242, 348.8
10.281540382824742, 348.90000000000003
10.281244765422777, 349.0
10.280949458419084, 349.1
10.280654461487744, 349.20000000000005
10.280359774303182, 349.3
10.280065396540165, 349.40000000000003
10.279771327873798, 349.5
10.27947756797953, 349.6
10.279184116533152, 349.70000000000005
10.278890973210792, 349.8
10.27859813768892, 349.90000000000003
10.278305609644347, 350.0
10.278013388754221, 350.1
10.27772147469603, 350.20000000000005
10.2774298671476, 350.3
10.277138565787094, 350.40000000000003
10.276847570293018, 350.5
10.276556880344211, 350.6
10.276266495619849, 350.70000000000005
10.275976415799448, 350.8
10.275686640562858, 350.90000000000003
10.275397169590267, 351.0
10.275108002562197, 351.1
10.274819139159506, 351.20000000000005
10.274530579063388, 351.3
10.274242321955372, 351.40000000000003
10.27395436751732, 351.5
10.273666715431427, 351.6
10.273379365380224, 351.70000000000005
10.273092317046574, 351.8
10.272805570113675, 351.90000000000003
10.272519124265056, 352.0
10.272232979184578, 352.1
10.271947134556434, 352.20000000000005
10.27166159006515, 352.3
10.271376345395582, 352.40000000000003
10.271091400232917, 352.5
10.270806754262672, 352.6
10.270522407170697, 352.70000000000005
10.270238358643168, 352.8
10.269954608366593, 352.90000000000003
10.269671156027808, 353.0
10.26938800131398, 353.1
10.269105143912599, 353.20000000000005
10.26882258351149, 353.3
10.268540319798802, 353.40000000000003
10.268258352463013, 353.5
10.267976681192927, 353.6
10.267695305677675, 353.70000000000005
10.267414225606714, 353.8
10.267133440669827, 353.90000000000003
10.266852950557125, 354.0
10.26657275495904, 354.1
10.266292853566332, 354.20000000000005
10.266013246070088, 354.3
10.265733932161714, 354.40000000000003
10.265454911532943, 354.5
10.265176183875834, 354.6
10.264897748882765, 354.70000000000005
10.264619606246438, 354.8
10.26434175565988, 354.90000000000003
10.264064196816436, 355.0
10.263786929409779, 355.1
10.263509953133898, 355.20000000000005
10.263233267683107, 355.3
10.26295687275204, 355.40000000000003
10.26268076803565, 355.5
10.262404953229213, 355.6
10.262129428028322, 355.70000000000005
10.261854192128892, 355.8
10.261579245227157, 355.90000000000003
10.26130458701967, 356.0
10.261030217203299, 356.1
10.260756135475235, 356.20000000000005
10.260482341532986, 356.3
10.260208835074376, 356.40000000000003
10.259935615797549, 356.5
10.259662683400961, 356.6
10.25939003758339, 356.70000000000005
10.259117678043928, 356.8
10.258845604481982, 356.90000000000003
10.258573816597275, 357.0
10.258302314089848, 357.1
10.258031096660053, 357.20000000000005
10.25776016400856, 357.3
10.257489515836351, 357.40000000000003
10.257219151844723, 357.5
10.256949071735285, 357.6
10.256679275209963, 357.70000000000005
10.256409761970993, 357.8
10.256140531720924, 357.90000000000003
10.255871584162616, 358.0
10.255602918999246, 358.1
10.255334535934297, 358.20000000000005
10.255066434671566, 358.3
10.25479861491516, 358.40000000000003
10.2545310763695, 358.5
10.254263818739311, 358.6
10.253996841729634, 358.70000000000005
10.253730145045818, 358.8
10.25346372839352, 358.90000000000003
10.253197591478706, 359.0
10.252931734007653, 359.1
10.252666155686946, 359.20000000000005
10.252400856223474, 359.3
10.25213583532444, 359.40000000000003
10.25187109269735, 359.5
10.251606628050018, 359.6
10.251342441090566, 359.70000000000005
10.25107853152742, 359.8
10.250814899069317, 359.90000000000003
10.250551543425294, 360.0
10.250288464304697, 360.1
10.250025661417178, 360.20000000000005
10.24976313447269, 360.3
10.249500883181494, 360.40000000000003
10.249238907254153, 360.5
10.248977206401536, 360.6
10.248715780334814, 360.70000000000005
10.248454628765463, 360.8
10.24819375140526, 360.90000000000003
10.247933147966284, 361.0
10.24767281816092, 361.1
10.24741276170185, 361.20000000000005
10.247152978302063, 361.3
10.246893467674846, 361.40000000000003
10.246634229533788, 361.5
10.246375263592777, 361.6
10.246116569566004, 361.70000000000005
10.24585814716796, 361.8
10.245599996113434, 361.90000000000003
10.245342116117515, 362.0
10.24508450689559, 362.1
10.24482716816335, 362.20000000000005
10.244570099636778, 362.3
10.24431330103216, 362.40000000000003
10.244056772066076, 362.5
10.243800512455406, 362.6
10.243544521917329, 362.70000000000005
10.243288800169315, 362.8
10.243033346929138, 362.90000000000003
10.242778161914863, 363.0
10.242523244844852, 363.1
10.242268595437766, 363.20000000000005
10.242014213412556, 363.3
10.241760098488474, 363.40000000000003
10.241506250385061, 363.5
10.241252668822158, 363.6
10.240999353519895, 363.70000000000005
10.240746304198698, 363.8
10.240493520579289, 363.90000000000003
10.24024100238268, 364.0
10.239988749330179, 364.1
10.239736761143382, 364.20000000000005
10.239485037544181, 364.3
10.23923357825476, 364.40000000000003
10.238982382997593, 364.5
10.238731451495445, 364.6
10.238480783471374, 364.70000000000005
10.23823037864873, 364.8
10.237980236751149, 364.90000000000003
10.23773035750256, 365.0
10.237480740627182, 365.1
10.237231385849524, 365.20000000000005
10.236982292894382, 365.3
10.236733461486843, 365.40000000000003
10.236484891352282, 365.5
10.236236582216362, 365.6
10.235988533805035, 365.70000000000005
10.23574074584454, 365.8
10.235493218061404, 365.90000000000003
10.235245950182438, 366.0
10.234998941934746, 366.1
10.234752193045715, 366.20000000000005
10.234505703243016, 366.3
10.23425947225461, 366.40000000000003
10.234013499808743, 366.5
10.233767785633944, 366.6
10.233522329459028, 366.70000000000005
10.233277131013097, 366.8
10.233032190025533, 366.90000000000003
10.232787506226005, 367.0
10.232543079344468, 367.1
10.232298909111156, 367.20000000000005
10.23205499525659, 367.3
10.231811337511571, 367.40000000000003
10.231567935607185, 367.5
10.231324789274797, 367.6
10.231081898246059, 367.70000000000005
10.2308392622529, 367.8
10.230596881027534, 367.90000000000003
10.230354754302455, 368.0
10.230112881810438, 368.1
10.229871263284537, 368.20000000000005
10.229629898458088, 368.3
10.229388787064707, 368.40000000000003
10.22914792883829, 368.5
10.22890732351301, 368.6
10.22866697082332, 368.70000000000005
10.228426870503956, 368.8
10.228187022289926, 368.90000000000003
10.227947425916522, 369.0
10.22770808111931, 369.1
10.227468987634134, 369.20000000000005
10.227230145197119, 369.3
10.226991553544662, 369.40000000000003
10.22675321241344, 369.5
10.226515121540405, 369.6
10.226277280662789, 369.70000000000005
10.226039689518093, 369.8
10.225802347844098, 369.90000000000003
10.225565255378863, 370.0
10.225328411860716, 370.1
10.225091817028261, 370.20000000000005
10.224855470620382, 370.3
10.22461937237623, 370.40000000000003
10.224383522035234, 370.5
10.224147919337097, 370.6
10.223912564021793, 370.70000000000005
10.22367745582957, 370.8
10.223442594500948, 370.90000000000003
10.223207979776722, 371.0
10.222973611397958, 371.1
10.22273948910599, 371.20000000000005
10.22250561264243, 371.3
10.222271981749154, 371.40000000000003
10.222038596168318, 371.5
10.221805455642341, 371.6
10.221572559913916, 371.70000000000005
10.221339908726007, 371.8
10.221107501821844, 371.90000000000003
10.220875338944932, 372.0
10.220643419839039, 372.1
10.220411744248208, 372.20000000000005
10.220180311916748, 372.3
10.219949122589234, 372.40000000000003
10.219718176010515, 372.5
10.219487471925705, 372.6
10.219257010080183, 372.70000000000005
10.219026790219598, 372.8
10.218796812089867, 372.90000000000003
10.218567075437173, 373.0
10.218337580007963, 373.1
10.218108325548956, 373.20000000000005
10.21787931180713, 373.3
10.217650538529732, 373.40000000000003
10.217422005464275, 373.5
10.217193712358538, 373.6
10.216965658960563, 373.70000000000005
10.216737845018654, 373.8
10.216510270281384, 373.90000000000003
10.216282934497588, 374.0
10.216055837416366, 374.1
10.21582897878708, 374.20000000000005
10.215602358359353, 374.3
10.215375975883076, 374.40000000000003
10.215149831108398, 374.5
10.214923923785735, 374.6
10.214698253665759, 374.70000000000005
10.21447282049941, 374.8
10.214247624037885, 374.90000000000003
10.214022664032646, 375.0
10.21379794023541, 375.1
10.213573452398164, 375.20000000000005
10.213349200273145, 375.3
10.213125183612858, 375.40000000000003
10.212901402170065, 375.5
10.212677855697786, 375.6
10.212454543949303, 375.70000000000005
10.212231466678157, 375.8
10.212008623638145, 375.90000000000003
10.211786014583325, 376.0
10.211563639268013, 376.1
10.211341497446782, 376.20000000000005
10.211119588874462, 376.3
10.210897913306145, 376.40000000000003
10.210676470497173, 376.5
10.210455260203151, 376.6
10.210234282179938, 376.70000000000005
10.210013536183649, 376.8
10.209793021970656, 376.90000000000003
10.209572739297586, 377.0
10.209352687921324, 377.1
10.209132867599006, 377.20000000000005
10.208913278088028, 377.3
10.208693919146036, 377.40000000000003
10.208474790530932, 377.5
10.208255892000874, 377.6
10.208037223314273, 377.70000000000005
10.207818784229794, 377.8
10.207600574506353, 377.90000000000003
10.207382593903121, 378.0
10.207164842179523, 378.1
10.206947319095235, 378.20000000000005
10.206730024410184, 378.3
10.206512957884554, 378.40000000000003
10.206296119278775, 378.5
10.206079508353533, 378.6
10.205863124869762, 378.70000000000005
10.205646968588649, 378.8
10.20543103927163, 378.90000000000003
10.205215336680395, 379.0
10.20499986057688, 379.1
10.204784610723275, 379.20000000000005
10.204569586882016, 379.3
10.20435478881579, 379.40000000000003
10.204140216287533, 379.5
10.20392586906043, 379.6
10.203711746897918, 379.70000000000005
10.203497849563675, 379.8
10.203284176821633, 379.90000000000003
10.20307072843597, 380.0
10.202857504171112, 380.1
10.202644503791731, 380.20000000000005
10.20243172706275, 380.3
10.202219173749334, 380.40000000000003
10.202006843616898, 380.5
10.2017947364311, 380.6
10.201582851957848, 380.70000000000005
10.201371189963293, 380.8
10.201159750213831, 380.90000000000003
10.200948532476106, 381.0
10.200737536517007, 381.1
10.200526762103664, 381.20000000000005
10.200316209003455, 381.3
10.200105876984003, 381.40000000000003
10.199895765813169, 381.5
10.199685875259066, 381.6
10.199476205090043, 381.70000000000005
10.1992667550747, 381.8
10.199057524981871, 381.90000000000003
10.19884851458064, 382.0
10.19863972364033, 382.1
10.198431151930508, 382.20000000000005
10.198222799220982, 382.3
10.1980146652818, 382.40000000000003
10.197806749883254, 382.5
10.197599052795876, 382.6
10.19739157379044, 382.70000000000005
10.19718431263796, 382.8
10.19697726910969, 382.90000000000003
10.196770442977124, 383.0
10.196563834011998, 383.1
10.196357441986287, 383.20000000000005
10.196151266672201, 383.3
10.195945307842196, 383.40000000000003
10.195739565268962, 383.5
10.19553403872543, 383.6
10.19532872798477, 383.70000000000005
10.195123632820385, 383.8
10.194918753005924, 383.90000000000003
10.194714088315267, 384.0
10.194509638522536, 384.1
10.194305403402087, 384.20000000000005
10.194101382728515, 384.3
10.193897576276651, 384.40000000000003
10.19369398382156, 384.5
10.193490605138548, 384.6
10.193287440003152, 384.70000000000005
10.193084488191149, 384.8
10.192881749478548, 384.90000000000003
10.192679223641596, 385.0
10.192476910456772, 385.1
10.192274809700793, 385.20000000000005
10.192072921150608, 385.3
10.1918712445834, 385.40000000000003
10.191669779776587, 385.5
10.191468526507823, 385.6
10.19126748455499, 385.70000000000005
10.191066653696208, 385.8
10.190866033709826, 385.90000000000003
10.19066562437443, 386.0
10.190465425468837, 386.1
10.190265436772094, 386.20000000000005
10.190065658063483, 386.3
10.189866089122516, 386.40000000000003
10.189666729728938, 386.5
10.189467579662722, 386.6
10.189268638704077, 386.70000000000005
10.189069906633437, 386.8
10.188871383231472, 386.90000000000003
10.18867306827908, 387.0
10.188474961557386, 387.1
10.188277062847751, 387.20000000000005
10.188079371931762, 387.3
10.187881888591233, 387.40000000000003
10.187684612608212, 387.5
10.187487543764973, 387.6
10.18729068184402, 387.70000000000005
10.187094026628085, 387.8
10.186897577900126, 387.90000000000003
10.186701335443331, 388.0
10.186505299041116, 388.1
10.186309468477123, 388.20000000000005
10.186113843535223, 388.3
10.18591842399951, 388.40000000000003
10.185723209654311, 388.5
10.185528200284175, 388.6
10.185333395673876, 388.70000000000005
10.185138795608419, 388.8
10.18494439987303, 388.90000000000003
10.184750208253163, 389.0
10.184556220534498, 389.1
10.184362436502937, 389.20000000000005
10.184168855944609, 389.3
10.183975478645868, 389.40000000000003
10.18378230439329, 389.5
10.183589332973677, 389.6
10.183396564174055, 389.70000000000005
10.183203997781673, 389.8
10.183011633584002, 389.90000000000003
10.182819471368738, 390.0
10.182627510923801, 390.1
10.182435752037332, 390.20000000000005
10.182244194497693, 390.3
10.18205283809347, 390.40000000000003
10.181861682613473, 390.5
10.181670727846729, 390.6
10.18147997358249, 390.70000000000005
10.181289419610229, 390.8
10.181099065719637, 390.90000000000003
10.180908911700632, 391.0
10.180718957343347, 391.1
10.180529202438136, 391.20000000000005
10.180339646775575, 391.3
10.180150290146461, 391.40000000000003
10.179961132341807, 391.5
10.179772173152848, 391.6
10.179583412371038, 391.70000000000005
10.179394849788048, 391.8
10.17920648519577, 391.90000000000003
10.179018318386316, 392.0
10.17883034915201, 392.1
10.1786425772854, 392.20000000000005
10.17845500257925, 392.3
10.178267624826542, 392.40000000000003
10.178080443820475, 392.5
10.177893459354463, 392.6
10.177706671222142, 392.70000000000005
10.177520079217357, 392.8
10.17733368313418, 392.90000000000003
10.17714748276689, 393.0
10.176961477909984, 393.1
10.176775668358179, 393.20000000000005
10.176590053906402, 393.3
10.176404634349801, 393.40000000000003
10.176219409483734, 393.5
10.176034379103776, 393.6
10.175849543005716, 393.70000000000005
10.175664900985561, 393.8
10.175480452839526, 393.90000000000003
10.175296198364045, 394.0
10.175112137355763, 394.1
10.17492826961154, 394.20000000000005
10.174744594928448, 394.3
10.174561113103774, 394.40000000000003
10.174377823935016, 394.5
10.174194727219884, 394.6
10.174011822756304, 394.70000000000005
10.17382911034241, 394.8
10.173646589776551, 394.90000000000003
10.173464260857285, 395.0
10.173282123383386, 395.1
10.173100177153833, 395.20000000000005
10.172918421967822, 395.3
10.172736857624756, 395.40000000000003
10.17255548392425, 395.5
10.172374300666128, 395.6
10.172193307650428, 395.70000000000005
10.172012504677395, 395.8
10.171831891547484, 395.90000000000003
10.17165146806136, 396.0
10.171471234019895, 396.1
10.171291189224174, 396.20000000000005
10.171111333475489, 396.3
10.17093166657534, 396.40000000000003
10.170752188325435, 396.5
10.170572898527693, 396.6
10.17039379698424, 396.70000000000005
10.170214883497406, 396.8
10.170036157869735, 396.90000000000003
10.169857619903972, 397.0
10.169679269403073, 397.1
10.1695011061702, 397.20000000000005
10.16932313000872, 397.3
10.169145340722212, 397.40000000000003
10.168967738114453, 397.5
10.168790321989434, 397.6
10.168613092151345, 397.70000000000005
10.168436048404587, 397.8
10.168259190553762, 397.90000000000003
10.168082518403681, 398.0
10.167906031759356, 398.1
10.167729730426009, 398.20000000000005
10.167553614209062, 398.3
10.167377682914143, 398.40000000000003
10.167201936347084, 398.5
10.16702637431392, 398.6
10.16685099662089, 398.70000000000005
10.166675803074439, 398.8
10.16650079348121, 398.90000000000003
10.166325967648055, 399.0
10.166151325382025, 399.1
10.165976866490373, 399.20000000000005
10.165802590780558, 399.3
10.165628498060238, 399.40000000000003
10.165454588137274, 399.5
10.165280860819731, 399.6
10.16510731591587, 399.70000000000005
10.164933953234158, 399.8
10.164760772583262, 399.90000000000003
10.16458777377205, 400.0
10.164414956609589, 400.1
10.16424232090515, 400.20000000000005
10.164069866468198, 400.3
10.163897593108407, 400.40000000000003
10.163725500635643, 400.5
10.163553588859974, 400.6
10.163381857591672, 400.70000000000005
10.1632103066412, 400.8
10.163038935819227, 400.90000000000003
10.162867744936616, 401.0
10.162696733804433, 401.1
10.162525902233938, 401.20000000000005
10.162355250036592, 401.3
10.162184777024054, 401.40000000000003
10.162014483008178, 401.5
10.16184436780102, 401.6
10.161674431214829, 401.70000000000005
10.161504673062053, 401.8
10.161335093155339, 401.90000000000003
10.161165691307525, 402.0
10.160996467331653, 402.1
10.160827421040954, 402.20000000000005
10.160658552248861, 402.3
10.160489860769001, 402.40000000000003
10.160321346415193, 402.5
10.160153009001457, 402.6
10.159984848342004, 402.70000000000005
10.159816864251246, 402.8
10.159649056543783, 402.90000000000003
10.159481425034413, 403.0
10.159313969538127, 403.1
10.159146689870113, 403.20000000000005
10.15897958584575, 403.3
10.158812657280611, 403.40000000000003
10.158645903990466, 403.5
10.158479325791276, 403.6
10.158312922499196, 403.70000000000005
10.158146693930572, 403.8
10.157980639901945, 403.90000000000003
10.157814760230048, 404.0
10.157649054731806, 404.1
10.157483523224338, 404.20000000000005
10.157318165524952, 404.3
10.157152981451151, 404.40000000000003
10.156987970820628, 404.5
10.156823133451267, 404.6
10.156658469161144, 404.70000000000005
10.156493977768525, 404.8
10.156329659091869, 404.90000000000003
10.156165512949823, 405.0
10.156001539161226, 405.1
10.155837737545106, 405.20000000000005
10.155674107920683, 405.3
10.155510650107367, 405.40000000000003
10.155347363924754, 405.5
10.155184249192633, 405.6
10.155021305730981, 405.70000000000005
10.154858533359963, 405.8
10.154695931899935, 405.90000000000003
10.154533501171441, 406.0
10.15437124099521, 406.1
10.154209151192166, 406.20000000000005
10.154047231583414, 406.3
10.153885481990251, 406.40000000000003
10.15372390223416, 406.5
10.153562492136814, 406.6
10.153401251520071, 406.70000000000005
10.153240180205975, 406.8
10.153079278016758, 406.90000000000003
10.15291854477484, 407.0
10.152757980302827, 407.1
10.152597584423509, 407.20000000000005
10.152437356959863, 407.3
10.152277297735056, 407.40000000000003
10.152117406572435, 407.5
10.151957683295533, 407.6
10.151798127728073, 407.70000000000005
10.151638739693958, 407.8
10.151479519017279, 407.90000000000003
10.15132046552231, 408.0
10.151161579033513, 408.1
10.151002859375527, 408.20000000000005
10.150844306373182, 408.3
10.15068591985149, 408.40000000000003
10.150527699635646, 408.5
10.150369645551029, 408.6
10.1502117574232, 408.70000000000005
10.150054035077906, 408.8
10.149896478341073, 408.90000000000003
10.149739087038816, 409.0
10.149581860997424, 409.1
10.149424800043377, 409.20000000000005
10.149267904003331, 409.3
10.149111172704128, 409.40000000000003
10.148954605972788, 409.5
10.148798203636517, 409.6
10.148641965522698, 409.70000000000005
10.148485891458899, 409.8
10.148329981272866, 409.90000000000003
10.14817423479253, 410.0
10.148018651845998, 410.1
10.14786323226156, 410.20000000000005
10.147707975867686, 410.3
10.147552882493025, 410.40000000000003
10.147397951966408, 410.5
10.147243184116842, 410.6
10.14708857877352, 410.70000000000005
10.146934135765807, 410.8
10.146779854923253, 410.90000000000003
10.146625736075583, 411.0
10.146471779052703, 411.1
10.146317983684698, 411.20000000000005
10.146164349801829, 411.3
10.146010877234538, 411.40000000000003
10.145857565813442, 411.5
10.145704415369337, 411.6
10.1455514257332, 411.70000000000005
10.145398596736179, 411.8
10.145245928209606, 411.90000000000003
10.145093419984986, 412.0
10.144941071894003, 412.1
10.144788883768515, 412.20000000000005
10.144636855440558, 412.3
10.144484986742345, 412.40000000000003
10.144333277506265, 412.5
10.144181727564883, 412.6
10.144030336750939, 412.70000000000005
10.143879104897351, 412.8
10.14372803183721, 412.90000000000003
10.143577117403781, 413.0
10.143426361430507, 413.1
10.143275763751005, 413.20000000000005
10.143125324199065, 413.3
10.142975042608656, 413.40000000000003
10.142824918813917, 413.5
10.142674952649163, 413.6
10.14252514394888, 413.70000000000005
10.142375492547734, 413.8
10.142225998280558, 413.90000000000003
10.142076660982363, 414.0
10.141927480488333, 414.1
10.14177845663382, 414.20000000000005
10.141629589254354, 414.3
10.141480878185636, 414.40000000000003
10.14133232326354, 414.5
10.141183924324114, 414.6
10.141035681203574, 414.70000000000005
10.14088759373831, 414.8
10.140739661764885, 414.90000000000003
10.140591885120031, 415.0
10.140444263640655, 415.1
10.140296797163831, 415.20000000000005
10.140149485526809, 415.3
10.140002328567006, 415.40000000000003
10.13985532612201, 415.5
10.139708478029583, 415.6
10.139561784127652, 415.70000000000005
10.139415244254318, 415.8
10.139268858247851, 415.90000000000003
10.13912262594669, 416.0
10.138976547189447, 416.1
10.138830621814899, 416.20000000000005
10.138684849661994, 416.3
10.13853923056985, 416.40000000000003
10.138393764377751, 416.5
10.138248450925154, 416.6
10.138103290051683, 416.70000000000005
10.137958281597129, 416.8
10.137813425401452, 416.90000000000003
10.137668721304781, 417.0
10.137524169147412, 417.1
10.137379768769806, 417.20000000000005
10.137235520012599, 417.3
10.137091422716585, 417.40000000000003
10.136947476722733, 417.5
10.136803681872175, 417.6
10.136660038006209, 417.70000000000005
10.136516544966302, 417.8
10.136373202594086, 417.90000000000003
10.136230010731362, 418.0
10.136086969220093, 418.1
10.135944077902412, 418.20000000000005
10.135801336620615, 418.3
10.135658745217164, 418.40000000000003
10.135516303534686, 418.5
10.135374011415974, 418.6
10.135231868703988, 418.70000000000005
10.13508987524185, 418.8
10.134948030872845, 418.90000000000003
10.134806335440429, 419.0
10.134664788788216, 419.1
10.134523390759988, 419.20000000000005
10.134382141199689, 419.3
10.13424103995143, 419.40000000000003
10.134100086859481, 419.5
10.133959281768279, 419.6
10.133818624522423, 419.70000000000005
10.133678114966674, 419.8
10.133537752945958, 419.90000000000003
10.133397538305365, 420.0
10.133257470890145, 420.1
10.13311755054571, 420.20000000000005
10.132977777117638, 420.3
10.132838150451665, 420.40000000000003
10.13269867039369, 420.5
10.132559336789777, 420.6
10.132420149486148, 420.70000000000005
10.132281108329186, 420.8
10.13214221316544, 420.90000000000003
10.132003463841617, 421.0
10.131864860204583, 421.1
10.131726402101368, 421.20000000000005
10.13158808937916, 421.3
10.131449921885313, 421.40000000000003
10.131311899467333, 421.5
10.131174021972893, 421.6
10.13103628924982, 421.70000000000005
10.130898701146108, 421.8
10.130761257509905, 421.90000000000003
10.130623958189519, 422.0
10.13048680303342, 422.1
10.130349791890236, 422.20000000000005
10.13021292460875, 422.3
10.13007620103791, 422.40000000000003
10.129939621026821, 422.5
10.129803184424743, 422.6
10.129666891081097, 422.70000000000005
10.129530740845462, 422.8
10.129394733567574, 422.90000000000003
10.129258869097328, 423.0
10.129123147284774, 423.1
10.128987567980126, 423.20000000000005
10.128852131033746, 423.3
10.12871683629616, 423.40000000000003
10.12858168361805, 423.5
10.12844667285025, 423.6
10.128311803843758, 423.70000000000005
10.128177076449722, 423.8
10.12804249051945, 423.90000000000003
10.127908045904404, 424.0
10.127773742456204, 424.1
10.127639580026626, 424.20000000000005
10.127505558467599, 424.3
10.127371677631208, 424.40000000000003
10.127237937369696, 424.5
10.127104337535458, 424.6
10.126970877981046, 424.70000000000005
10.126837558559165, 424.8
10.126704379122678, 424.90000000000003
10.126571339524599, 425.0
10.126438439618099, 425.1
10.1263056792565, 425.20000000000005
10.126173058293281, 425.3
10.126040576582072, 425.40000000000003
10.125908233976661, 425.5
10.125776030330986, 425.6
10.125643965499139, 425.70000000000005
10.125512039335364, 425.8
10.125380251694061, 425.90000000000003
10.125248602429782, 426.0
10.12511709139723, 426.1
10.124985718451263, 426.20000000000005
10.12485448344689, 426.3
10.124723386239271, 426.40000000000003
10.12459242668372, 426.5
10.124461604635702, 426.6
10.124330919950834, 426.70000000000005
10.124200372484886, 426.8
10.124069962093776, 426.90000000000003
10.123939688633577, 427.0
10.123809551960512, 427.1
10.123679551930953, 427.20000000000005
10.123549688401425, 427.3
10.123419961228604, 427.40000000000003
10.123290370269315, 427.5
10.123160915380533, 427.6
10.123031596419382, 427.70000000000005
10.122902413243143, 427.8
10.122773365709238, 427.90000000000003
10.122644453675242, 428.0
10.122515676998884, 428.1
10.122387035538035, 428.20000000000005
10.12225852915072, 428.3
10.122130157695112, 428.40000000000003
10.122001921029533, 428.5
10.121873819012452, 428.6
10.121745851502489, 428.70000000000005
10.121618018358411, 428.8
10.121490319439134, 428.90000000000003
10.121362754603723, 429.0
10.121235323711389, 429.1
10.121108026621492, 429.20000000000005
10.12098086319354, 429.3
10.120853833287185, 429.40000000000003
10.120726936762233, 429.5
10.120600173478634, 429.6
10.12047354329648, 429.70000000000005
10.120347046076018, 429.8
10.120220681677639, 429.90000000000003
10.120094449961877, 430.0
10.119968350789417, 430.1
10.119842384021089, 430.20000000000005
10.119716549517866, 430.3
10.119590847140872, 430.40000000000003
10.119465276751374, 430.5
10.119339838210784, 430.6
10.119214531380663, 430.70000000000005
10.119089356122714, 430.8
10.118964312298786, 430.90000000000003
10.118839399770872, 431.0
10.118714618401112, 431.1
10.118589968051792, 431.20000000000005
10.118465448585336, 431.3
10.118341059864322, 431.40000000000003
10.118216801751466, 431.5
10.118092674109626, 431.6
10.11796867680181, 431.70000000000005
10.117844809691169, 431.8
10.117721072640993, 431.90000000000003
10.11759746551472, 432.0
10.117473988175929, 432.1
10.117350640488345, 432.20000000000005
10.117227422315832, 432.3
10.1171043335224, 432.40000000000003
10.116981373972202, 432.5
10.116858543529531, 432.6
10.116735842058825, 432.70000000000005
10.116613269424663, 432.8
10.116490825491768, 432.90000000000003
10.116368510125001, 433.0
10.11624632318937, 433.1
10.116124264550022, 433.20000000000005
10.116002334072245, 433.3
10.11588053162147, 433.40000000000003
10.115758857063266, 433.5
10.11563731026335, 433.6
10.115515891087574, 433.70000000000005
10.115394599401931, 433.8
10.11527343507256, 433.90000000000003
10.115152397965733, 434.0
10.115031487947869, 434.1
10.114910704885524, 434.20000000000005
10.114790048645395, 434.3
10.114669519094317, 434.40000000000003
10.114549116099267, 434.5
10.114428839527363, 434.6
10.11430868924586, 434.70000000000005
10.114188665122152, 434.8
10.114068767023774, 434.90000000000003
10.113948994818399, 435.0
10.113829348373839, 435.1
10.113709827558047, 435.20000000000005
10.11359043223911, 435.3
10.11347116228526, 435.40000000000003
10.11335201756486, 435.5
10.113232997946417, 435.6
10.113114103298573, 435.70000000000005
10.11299533349011, 435.8
10.112876688389946, 435.90000000000003
10.112758167867137, 436.0
10.112639771790876, 436.1
10.112521500030496, 436.20000000000005
10.112403352455464, 436.3
10.112285328935386, 436.40000000000003
10.112167429340003, 436.5
10.112049653539197, 436.6
10.11193200140298, 436.70000000000005
10.111814472801507, 436.8
10.111697067605066, 436.90000000000003
10.11157978568408, 437.0
10.111462626909113, 437.1
10.111345591150858, 437.20000000000005
10.111228678280149, 437.3
10.111111888167954, 437.40000000000003
10.110995220685378, 437.5
10.110878675703658, 437.6
10.110762253094169, 437.70000000000005
10.11064595272842, 437.8
10.110529774478056, 437.90000000000003
10.110413718214854, 438.0
10.11029778381073, 438.1
10.110181971137727, 438.20000000000005
10.110066280068033, 438.3
10.109950710473962, 438.40000000000003
10.109835262227964, 438.5
10.109719935202625, 438.6
10.109604729270663, 438.70000000000005
10.109489644304928, 438.8
10.109374680178407, 438.90000000000003
10.109259836764219, 439.0
10.109145113935616, 439.1
10.109030511565983, 439.20000000000005
10.108916029528839, 439.3
10.108801667697833, 439.40000000000003
10.10868742594675, 439.5
10.108573304149505, 439.6
10.10845930218015, 439.70000000000005
10.10834541991286, 439.8
10.108231657221951, 439.90000000000003
10.10811801398187, 440.0
10.108004490067188, 440.1
10.107891085352618, 440.20000000000005
10.107777799712997, 440.3
10.107664633023298, 440.40000000000003
10.107551585158623, 440.5
10.107438655994207, 440.6
10.107325845405413, 440.70000000000005
10.107213153267738, 440.8
10.107100579456807, 440.90000000000003
10.106988123848378, 441.0
10.106875786318337, 441.1
10.106763566742703, 441.20000000000005
10.106651464997624, 441.3
10.106539480959377, 441.40000000000003
10.10642761450437, 441.5
10.10631586550914, 441.6
10.106204233850356, 441.70000000000005
10.106092719404813, 441.8
10.105981322049438, 441.90000000000003
10.105870041661285, 442.0
10.105758878117541, 442.1
10.105647831295517, 442.20000000000005
10.105536901072657, 442.3
10.105426087326531, 442.40000000000003
10.10531538993484, 442.5
10.105204808775408, 442.6
10.105094343726194, 442.70000000000005
10.10498399466528, 442.8
10.104873761470882, 442.90000000000003
10.104763644021338, 443.0
10.104653642195116, 443.1
10.10454375587081, 443.20000000000005
10.104433984927146, 443.3
10.104324329242973, 443.40000000000003
10.104214788697268, 443.5
10.104105363169136, 443.6
10.10399605253781, 443.70000000000005
10.103886856682644, 443.8
10.103777775483127, 443.90000000000003
10.10366880881887, 444.0
10.10355995656961, 444.1
10.103451218615211, 444.20000000000005
10.103342594835665, 444.3
10.103234085111087, 444.40000000000003
10.10312568932172, 444.5
10.103017407347933, 444.6
10.102909239070216, 444.70000000000005
10.102801184369193, 444.8
10.102693243125605, 444.90000000000003
10.102585415220323, 445.0
10.102477700534342, 445.1
10.10237009894878, 445.20000000000005
10.102262610344884, 445.3
10.102155234604021, 445.40000000000003
10.102047971607687, 445.5
10.1019408212375, 445.6
10.1018337833752, 445.70000000000005
10.101726857902657, 445.8
10.101620044701859, 445.90000000000003
10.101513343654922, 446.0
10.101406754644085, 446.1
10.101300277551708, 446.20000000000005
10.101193912260278, 446.3
10.101087658652405, 446.40000000000003
10.10098151661082, 446.5
10.10087548601838, 446.6
10.10076956675806, 446.70000000000005
10.100663758712965, 446.8
10.100558061766316, 446.90000000000003
10.100452475801461, 447.0
10.10034700070187, 447.1
10.100241636351132, 447.20000000000005
10.100136382632964, 447.3
10.1000312394312, 447.40000000000003
10.099926206629798, 447.5
10.099821284112837, 447.6
10.099716471764518, 447.70000000000005
10.099611769469165, 447.8
10.099507177111223, 447.90000000000003
10.099402694575256, 448.0
10.099298321745952, 448.1
10.099194058508118, 448.20000000000005
10.099089904746684, 448.3
10.0989858603467, 448.40000000000003
10.098881925193336, 448.5
10.098778099171883, 448.6
10.098674382167752, 448.70000000000005
10.098570774066477, 448.8
10.098467274753707, 448.90000000000003
10.098363884115216, 449.0
10.098260602036895, 449.1
10.098157428404756, 449.20000000000005
10.09805436310493, 449.3
10.09795140602367, 449.40000000000003
10.097848557047344, 449.5
10.097745816062444, 449.6
10.09764318295558, 449.70000000000005
10.097540657613475, 449.8
10.097438239922981, 449.90000000000003
10.097335929771063, 450.0
10.097233727044804, 450.1
10.097131631631408, 450.20000000000005
10.097029643418194, 450.3
10.096927762292605, 450.40000000000003
10.096825988142198, 450.5
10.09672432085465, 450.6
10.096622760317752, 450.70000000000005
10.096521306419419, 450.8
10.096419959047678, 450.90000000000003
10.096318718090677, 451.0
10.096217583436681, 451.1
10.096116554974072, 451.20000000000005
10.09601563259135, 451.3
10.095914816177128, 451.40000000000003
10.095814105620143, 451.5
10.095713500809241, 451.6
10.095613001633392, 451.70000000000005
10.095512607981677, 451.8
10.095412319743296, 451.90000000000003
10.095312136807566, 452.0
10.095212059063918, 452.1
10.095112086401901, 452.20000000000005
10.09501221871118, 452.3
10.094912455881532, 452.40000000000003
10.094812797802858, 452.5
10.094713244365165, 452.6
10.094613795458582, 452.70000000000005
10.09451445097335, 452.8
10.094415210799827, 452.90000000000003
10.094316074828487, 453.0
10.094217042949918, 453.1
10.09411811505482, 453.20000000000005
10.094019291034012, 453.3
10.093920570778426, 453.40000000000003
10.09382195417911, 453.5
10.09372344112722, 453.6
10.093625031514037, 453.70000000000005
10.093526725230948, 453.8
10.093428522169456, 453.90000000000003
10.093330422221177, 454.0
10.093232425277845, 454.1
10.093134531231303, 454.20000000000005
10.09303673997351, 454.3
10.092939051396538, 454.40000000000003
10.092841465392572, 454.5
10.09274398185391, 454.6
10.092646600672964, 454.70000000000005
10.092549321742258, 454.8
10.092452144954429, 454.90000000000003
10.092355070202226, 455.0
10.092258097378513, 455.1
10.092161226376266, 455.20000000000005
10.09206445708857, 455.3
10.091967789408628, 455.40000000000003
10.091871223229749, 455.5
10.091774758445357, 455.6
10.091678394948989, 455.70000000000005
10.091582132634292, 455.8
10.091485971395025, 455.90000000000003
10.091389911125061, 456.0
10.091293951718379, 456.1
10.091198093069075, 456.20000000000005
10.091102335071351, 456.3
10.091006677619527, 456.40000000000003
10.090911120608027, 456.5
10.090815663931389, 456.6
10.090720307484261, 456.70000000000005
10.090625051161403, 456.8
10.090529894857683, 456.90000000000003
10.090434838468083, 457.0
10.090339881887692, 457.1
10.09024502501171, 457.20000000000005
10.090150267735448, 457.3
10.090055609954325, 457.40000000000003
10.089961051563872, 457.5
10.08986659245973, 457.6
10.089772232537648, 457.70000000000005
10.089677971693483, 457.8
10.089583809823205, 457.90000000000003
10.08948974682289, 458.0
10.089395782588726, 458.1
10.089301917017007, 458.20000000000005
10.08920815000414, 458.3
10.089114481446636, 458.40000000000003
10.089020911241116, 458.5
10.088927439284312, 458.6
10.088834065473064, 458.70000000000005
10.088740789704318, 458.8
10.088647611875128, 458.90000000000003
10.088554531882659, 459.0
10.088461549624181, 459.1
10.088368664997075, 459.20000000000005
10.088275877898829, 459.3
10.088183188227035, 459.40000000000003
10.088090595879397, 459.5
10.087998100753722, 459.6
10.087905702747932, 459.70000000000005
10.087813401760046, 459.8
10.087721197688198, 459.90000000000003
10.087629090430626, 460.0
10.087537079885674, 460.1
10.087445165951795, 460.20000000000005
10.087353348527547, 460.3
10.087261627511593, 460.40000000000003
10.087170002802706, 460.5
10.087078474299764, 460.6
10.086987041901748, 460.70000000000005
10.086895705507752, 460.8
10.086804465016968, 460.90000000000003
10.0867133203287, 461.0
10.086622271342355, 461.1
10.086531317957446, 461.20000000000005
10.086440460073591, 461.3
10.086349697590514, 461.40000000000003
10.086259030408044, 461.5
10.086168458426116, 461.6
10.086077981544769, 461.70000000000005
10.085987599664147, 461.8
10.0858973126845, 461.90000000000003
10.085807120506182, 462.0
10.08571702302965, 462.1
10.085627020155469, 462.20000000000005
10.085537111784305, 462.3
10.08544729781693, 462.40000000000003
10.085357578154223, 462.5
10.085267952697162, 462.6
10.08517842134683, 462.70000000000005
10.085088984004416, 462.8
10.084999640571212, 462.90000000000003
10.084910390948613, 463.0
10.084821235038117, 463.1
10.084732172741326, 463.20000000000005
10.084643203959947, 463.3
10.08455432859579, 463.40000000000003
10.084465546550764, 463.5
10.084376857726886, 463.6
10.084288262026272, 463.70000000000005
10.084199759351144, 463.8
10.084111349603825, 463.90000000000003
10.08402303268674, 464.0
10.08393480850242, 464.1
10.083846676953492, 464.20000000000005
10.08375863794269, 464.3
10.08367069137285, 464.40000000000003
10.083582837146908, 464.5
10.083495075167903, 464.6
10.083407405338976, 464.70000000000005
10.08331982756337, 464.8
10.083232341744429, 464.90000000000003
10.083144947785597, 465.0
10.083057645590422, 465.1
10.082970435062553, 465.20000000000005
10.082883316105736, 465.3
10.082796288623825, 465.40000000000003
10.082709352520771, 465.5
10.082622507700624, 465.6
10.082535754067537, 465.70000000000005
10.082449091525767, 465.8
10.082362519979664, 465.90000000000003
10.082276039333685, 466.0
10.082189649492385, 466.1
10.082103350360418, 466.20000000000005
10.08201714184254, 466.3
10.081931023843605, 466.40000000000003
10.08184499626857, 466.5
10.081759059022488, 466.6
10.081673212010514, 466.70000000000005
10.081587455137903, 466.8
10.081501788310009, 466.90000000000003
10.081416211432282, 467.0
10.081330724410279, 467.1
10.081245327149649, 467.20000000000005
10.081160019556142, 467.3
10.081074801535609, 467.40000000000003
10.080989672993995, 467.5
10.080904633837351, 467.6
10.080819683971821, 467.70000000000005
10.08073482330365, 467.8
10.080650051739182, 467.90000000000003
10.080565369184857, 468.0
10.080480775547214, 468.1
10.080396270732889, 468.20000000000005
10.080311854648619, 468.3
10.080227527201238, 468.40000000000003
10.080143288297677, 468.5
10.080059137844964, 468.6
10.079975075750227, 468.70000000000005
10.079891101920689, 468.8
10.079807216263672, 468.90000000000003
10.079723418686596, 469.0
10.079639709096975, 469.1
10.079556087402423, 469.20000000000005
10.079472553510652, 469.3
10.079389107329465, 469.40000000000003
10.07930574876677, 469.5
10.079222477730564, 469.6
10.079139294128947, 469.70000000000005
10.079056197870111, 469.8
10.078973188862347, 469.90000000000003
10.078890267014042, 470.0
10.078807432233678, 470.1
10.078724684429833, 470.20000000000005
10.07864202351118, 470.3
10.078559449386495, 470.40000000000003
10.078476961964638, 470.5
10.078394561154575, 470.6
10.078312246865362, 470.70000000000005
10.078230019006154, 470.8
10.078147877486199, 470.90000000000003
10.078065822214839, 471.0
10.077983853101513, 471.1
10.077901970055755, 471.20000000000005
10.077820172987197, 471.3
10.077738461805561, 471.40000000000003
10.077656836420665, 471.5
10.077575296742424, 471.6
10.077493842680845, 471.70000000000005
10.07741247414603, 471.8
10.077331191048177, 471.90000000000003
10.077249993297576, 472.0
10.077168880804614, 472.1
10.07708785347977, 472.20000000000005
10.077006911233616, 472.3
10.07692605397682, 472.40000000000003
10.076845281620145, 472.5
10.076764594074444, 472.6
10.076683991250665, 472.70000000000005
10.076603473059851, 472.8
10.076523039413138, 472.90000000000003
10.076442690221754, 473.0
10.07636242539702, 473.1
10.076282244850354, 473.20000000000005
10.07620214849326, 473.3
10.076122136237343, 473.40000000000003
10.076042207994293, 473.5
10.075962363675899, 473.6
10.075882603194039, 473.70000000000005
10.075802926460685, 473.8
10.075723333387902, 473.90000000000003
10.075643823887845, 474.0
10.075564397872762, 474.1
10.075485055254996, 474.20000000000005
10.075405795946978, 474.3
10.075326619861233, 474.40000000000003
10.07524752691038, 474.5
10.075168517007123, 474.6
10.075089590064266, 474.70000000000005
10.075010745994698, 474.8
10.074931984711403, 474.90000000000003
10.074853306127457, 475.0
10.074774710156023, 475.1
10.07469619671036, 475.20000000000005
10.074617765703813, 475.3
10.074539417049824, 475.40000000000003
10.074461150661921, 475.5
10.074382966453726, 475.6
10.07430486433895, 475.70000000000005
10.074226844231394, 475.8
10.07414890604495, 475.90000000000003
10.074071049693604, 476.0
10.073993275091425, 476.1
10.073915582152578, 476.20000000000005
10.073837970791319, 476.3
10.073760440921987, 476.40000000000003
10.07368299245902, 476.5
10.073605625316938, 476.6
10.073528339410355, 476.70000000000005
10.073451134653974, 476.8
10.073374010962587, 476.90000000000003
10.073296968251077, 477.0
10.073220006434413, 477.1
10.073143125427658, 477.20000000000005
10.073066325145959, 477.3
10.072989605504556, 477.40000000000003
10.072912966418777, 477.5
10.072836407804036, 477.6
10.072759929575842, 477.70000000000005
10.072683531649787, 477.8
10.072607213941554, 477.90000000000003
10.072530976366915, 478.0
10.072454818841729, 478.1
10.072378741281945, 478.20000000000005
10.072302743603599, 478.3
10.072226825722815, 478.40000000000003
10.072150987555807, 478.5
10.072075229018873, 478.6
10.071999550028403, 478.70000000000005
10.071923950500873, 478.8
10.071848430352846, 478.90000000000003
10.071772989500975, 479.0
10.071697627862, 479.1
10.071622345352743, 479.20000000000005
10.071547141890123, 479.3
10.07147201739114, 479.40000000000003
10.071396971772879, 479.5
10.071322004952517, 479.6
10.071247116847317, 479.70000000000005
10.071172307374628, 479.8
10.071097576451884, 479.90000000000003
10.071022923996608, 480.0
10.070948349926411, 480.1
10.070873854158988, 480.20000000000005
10.070799436612122, 480.3
10.07072509720368, 480.40000000000003
10.070650835851616, 480.5
10.070576652473973, 480.6
10.070502546988875, 480.70000000000005
10.070428519314536, 480.8
10.070354569369256, 480.90000000000003
10.070280697071418, 481.0
10.070206902339493, 481.1
10.070133185092036, 481.20000000000005
10.07005954524769, 481.3
10.069985982725179, 481.40000000000003
10.069912497443317, 481.5
10.069839089321002, 481.6
10.069765758277216, 481.70000000000005
10.069692504231025, 481.8
10.069619327101583, 481.90000000000003
10.069546226808125, 482.0
10.069473203269977, 482.1
10.069400256406544, 482.20000000000005
10.069327386137317, 482.3
10.069254592381872, 482.40000000000003
10.069181875059872, 482.5
10.069109234091059, 482.6
10.069036669395263, 482.70000000000005
10.068964180892399, 482.8
10.068891768502462, 482.90000000000003
10.068819432145535, 483.0
10.068747171741782, 483.1
10.068674987211454, 483.20000000000005
10.068602878474882, 483.3
10.068530845452484, 483.40000000000003
10.06845888806476, 483.5
10.06838700623229, 483.6
10.068315199875746, 483.70000000000005
10.068243468915878, 483.8
10.068171813273516, 483.90000000000003
10.068100232869579, 484.0
10.068028727625066, 484.1
10.06795729746106, 484.20000000000005
10.067885942298727, 484.3
10.067814662059313, 484.40000000000003
10.06774345666415, 484.5
10.067672326034653, 484.6
10.067601270092316, 484.70000000000005
10.06753028875872, 484.8
10.067459381955523, 484.90000000000003
10.06738854960447, 485.0
10.067317791627385, 485.1
10.067247107946176, 485.20000000000005
10.067176498482834, 485.3
10.067105963159426, 485.40000000000003
10.067035501898108, 485.5
10.066965114621114, 485.6
10.066894801250761, 485.70000000000005
10.066824561709447, 485.8
10.066754395919652, 485.90000000000003
10.066684303803937, 486.0
10.066614285284944, 486.1
10.066544340285395, 486.20000000000005
10.066474468728096, 486.3
10.066404670535931, 486.40000000000003
10.06633494563187, 486.5
10.066265293938956, 486.6
10.06619571538032, 486.70000000000005
10.06612620987917, 486.8
10.066056777358797, 486.90000000000003
10.065987417742571, 487.0
10.065918130953941, 487.1
10.065848916916439, 487.20000000000005
10.065779775553676, 487.3
10.065710706789345, 487.40000000000003
10.065641710547215, 487.5
10.06557278675114, 487.6
10.06550393532505, 487.70000000000005
10.06543515619296, 487.8
10.065366449278958, 487.90000000000003
10.065297814507215, 488.0
10.065229251801982, 488.1
10.06516076108759, 488.20000000000005
10.065092342288448, 488.3
10.065023995329046, 488.40000000000003
10.06495572013395, 488.5
10.06488751662781, 488.6
10.064819384735351, 488.70000000000005
10.06475132438138, 488.8
10.064683335490779, 488.90000000000003
10.064615417988513, 489.0
10.064547571799626, 489.1
10.064479796849236, 489.20000000000005
10.064412093062543, 489.3
10.064344460364827, 489.40000000000003
10.064276898681443, 489.5
10.064209407937827, 489.6
10.064141988059493, 489.70000000000005
10.06407463897203, 489.8
10.06400736060111, 489.90000000000003
10.06394015287248, 490.0
10.063873015711964, 490.1
10.063805949045467, 490.20000000000005
10.06373895279897, 490.3
10.06367202689853, 490.40000000000003
10.063605171270286, 490.5
10.063538385840452, 490.6
10.06347167053532, 490.70000000000005
10.063405025281257, 490.8
10.063338450004712, 490.90000000000003
10.063271944632207, 491.0
10.063205509090343, 491.1
10.063139143305799, 491.20000000000005
10.063072847205328, 491.3
10.063006620715763, 491.40000000000003
10.062940463764011, 491.5
10.06287437627706, 491.6
10.06280835818197, 491.70000000000005
10.062742409405878, 491.8
10.062676529876002, 491.90000000000003
10.062610719519633, 492.0
10.062544978264137, 492.1
10.062479306036959, 492.20000000000005
10.062413702765621, 492.3
10.062348168377717, 492.40000000000003
10.062282702800921, 492.5
10.06221730596298, 492.6
10.062151977791718, 492.70000000000005
10.062086718215037, 492.8
10.06202152716091, 492.90000000000003
10.06195640455739, 493.0
10.061891350332605, 493.1
10.061826364414756, 493.20000000000005
10.06176144673212, 493.3
10.061696597213052, 493.40000000000003
10.061631815785978, 493.5
10.061567102379403, 493.6
10.061502456921904, 493.70000000000005
10.061437879342137, 493.8
10.061373369568827, 493.90000000000003
10.06130892753078, 494.0
10.061244553156872, 494.1
10.061180246376058, 494.20000000000005
10.061116007117363, 494.3
10.06105183530989, 494.40000000000003
10.060987730882815, 494.5
10.060923693765387, 494.6
10.060859723886933, 494.70000000000005
10.060795821176852, 494.8
10.060731985564615, 494.90000000000003
10.060668216979773, 495.0
10.060604515351944, 495.1
10.060540880610825, 495.20000000000005
10.060477312686183, 495.3
10.060413811507862, 495.40000000000003
10.06035037700578, 495.5
10.060287009109922, 495.6
10.060223707750357, 495.70000000000005
10.060160472857218, 495.8
10.060097304360719, 495.90000000000003
10.06003420219114, 496.0
10.059971166278839, 496.1
10.059908196554247, 496.20000000000005
10.059845292947864, 496.3
10.05978245539027, 496.40000000000003
10.05971968381211, 496.5
10.059656978144108, 496.6
10.059594338317057, 496.70000000000005
10.059531764261823, 496.8
10.059469255909349, 496.90000000000003
10.059406813190645, 497.0
10.059344436036794, 497.1
10.059282124378955, 497.20000000000005
10.059219878148356, 497.3
10.059157697276301, 497.40000000000003
10.05909558169416, 497.5
10.059033531333382, 497.6
10.058971546125482, 497.70000000000005
10.05890962600205, 497.8
10.058847770894747, 497.90000000000003
10.058785980735308, 498.0
10.058724255455536, 498.1
10.058662594987307, 498.20000000000005
10.058600999262572, 498.3
10.058539468213345, 498.40000000000003
10.058478001771721, 498.5
10.058416599869862, 498.6
10.058355262439997, 498.70000000000005
10.058293989414436, 498.8
10.05823278072555, 498.90000000000003
10.058171636305788, 499.0
10.058110556087668, 499.1
10.058049540003775, 499.20000000000005
10.057988587986772, 499.3
10.057927699969387, 499.40000000000003
10.057866875884418, 499.5
10.05780611566474, 499.6
10.057745419243291, 499.70000000000005
10.057684786553086, 499.8
10.057624217527206, 499.90000000000003
10.057563712098801, 500.0
10.057503270201098, 500.1
10.057442891767387, 500.20000000000005
10.057382576731031, 500.3
10.057322325025464, 500.40000000000003
10.057262136584187, 500.5
10.057202011340774, 500.6
10.057141949228866, 500.70000000000005
10.057081950182175, 500.8
10.057022014134484, 500.90000000000003
10.056962141019643, 501.0
10.056902330771573, 501.1
10.056842583324263, 501.20000000000005
10.056782898611774, 501.3
10.056723276568231, 501.40000000000003
10.056663717127835, 501.5
10.05660422022485, 501.6
10.056544785793614, 501.70000000000005
10.056485413768531, 501.8
10.056426104084075, 501.90000000000003
10.056366856674787, 502.0
10.056307671475277, 502.1
10.056248548420228, 502.20000000000005
10.056189487444387, 502.3
10.05613048848257, 502.40000000000003
10.056071551469662, 502.5
10.056012676340618, 502.6
10.05595386303046, 502.70000000000005
10.055895111474278, 502.8
10.05583642160723, 502.90000000000003
10.055777793364543, 503.0
10.05571922668151, 503.1
10.055660721493496, 503.20000000000005
10.055602277735927, 503.3
10.055543895344304, 503.40000000000003
10.055485574254192, 503.5
10.055427314401225, 503.6
10.055369115721104, 503.70000000000005
10.055310978149597, 503.8
10.05525290162254, 503.90000000000003
10.055194886075835, 504.0
10.055136931445455, 504.1
10.055079037667438, 504.20000000000005
10.055021204677887, 504.3
10.054963432412976, 504.40000000000003
10.054905720808941, 504.5
10.054848069802091, 504.6
10.0547904793288, 504.70000000000005
10.054732949325505, 504.8
10.054675479728713, 504.90000000000003
10.054618070474998, 505.0
10.054560721501, 505.1
10.054503432743424, 505.20000000000005
10.054446204139044, 505.3
10.054389035624698, 505.40000000000003
10.054331927137293, 505.5
10.054274878613798, 505.6
10.054217889991254, 505.70000000000005
10.054160961206764, 505.8
10.054104092197496, 505.90000000000003
10.054047282900688, 506.0
10.053990533253643, 506.1
10.053933843193727, 506.20000000000005
10.053877212658374, 506.3
10.053820641585084, 506.40000000000003
10.05376412991142, 506.5
10.053707677575012, 506.6
10.053651284513558, 506.70000000000005
10.053594950664818, 506.8
10.053538675966621, 506.90000000000003
10.053482460356856, 507.0
10.053426303773481, 507.1
10.053370206154518, 507.20000000000005
10.053314167438057, 507.3
10.053258187562246, 507.40000000000003
10.053202266465306, 507.5
10.053146404085517, 507.6
10.053090600361227, 507.70000000000005
10.053034855230848, 507.8
10.052979168632856, 507.90000000000003
10.052923540505791, 508.0
10.05286797078826, 508.1
10.052812459418933, 508.20000000000005
10.052757006336543, 508.3
10.05270161147989, 508.40000000000003
10.052646274787836, 508.5
10.052590996199308, 508.6
10.052535775653299, 508.70000000000005
10.052480613088862, 508.8
10.052425508445118, 508.90000000000003
10.052370461661251, 509.0
10.052315472676508, 509.1
10.052260541430197, 509.20000000000005
10.052205667861696, 509.3
10.05215085191044, 509.40000000000003
10.052096093515933, 509.5
10.052041392617742, 509.6
10.051986749155493, 509.70000000000005
10.05193216306888, 509.8
10.051877634297657, 509.90000000000003
10.051823162781645, 510.0
10.051768748460724, 510.1
10.05171439127484, 510.20000000000005
10.051660091164003, 510.3
10.05160584806828, 510.40000000000003
10.051551661927808, 510.5
10.051497532682784, 510.6
10.051443460273468, 510.70000000000005
10.051389444640181, 510.8
10.051335485723309, 510.90000000000003
10.051281583463298, 511.0
10.051227737800662, 511.1
10.051173948675972, 511.20000000000005
10.051120216029862, 511.3
10.05106653980303, 511.40000000000003
10.051012919936236, 511.5
10.050959356370303, 511.6
10.050905849046114, 511.70000000000005
10.050852397904615, 511.8
10.050799002886816, 511.90000000000003
10.050745663933785, 512.0
10.050692380986655, 512.1
10.05063915398662, 512.2
10.050585982874933, 512.3000000000001
10.050532867592915, 512.4
10.050479808081942, 512.5
10.050426804283456, 512.6
10.050373856138958, 512.7
10.050320963590012, 512.8000000000001
10.050268126578242, 512.9
10.050215345045334, 513.0
10.050162618933037, 513.1
10.050109948183158, 513.2
10.050057332737566, 513.3000000000001
10.050004772538191, 513.4
10.049952267527026, 513.5
10.049899817646121, 513.6
10.049847422837592, 513.7
10.049795083043612, 513.8000000000001
10.049742798206417, 513.9
10.0496905682683, 514.0
10.049638393171618, 514.1
10.049586272858788, 514.2
10.049534207272286, 514.3000000000001
10.04948219635465, 514.4
10.049430240048476, 514.5
10.049378338296425, 514.6
10.049326491041214, 514.7
10.04927469822562, 514.8000000000001
10.049222959792482, 514.9
10.0491712756847, 515.0
10.04911964584523, 515.1
10.049068070217093, 515.2
10.049016548743365, 515.3000000000001
10.048965081367184, 515.4
10.048913668031748, 515.5
10.048862308680315, 515.6
10.048811003256201, 515.7
10.048759751702782, 515.8000000000001
10.048708553963495, 515.9
10.048657409981834, 516.0
10.048606319701353, 516.1
10.048555283065667, 516.2
10.048504300018449, 516.3000000000001
10.04845337050343, 516.4
10.048402494464401, 516.5
10.048351671845214, 516.6
10.048300902589776, 516.7
10.048250186642058, 516.8000000000001
10.048199523946083, 516.9
10.04814891444594, 517.0
10.048098358085772, 517.1
10.048047854809782, 517.2
10.047997404562231, 517.3000000000001
10.04794700728744, 517.4
10.047896662929789, 517.5
10.047846371433712, 517.6
10.047796132743708, 517.7
10.047745946804326, 517.8000000000001
10.047695813560182, 517.9
10.047645732955944, 518.0
10.04759570493634, 518.1
10.047545729446156, 518.2
10.047495806430238, 518.3000000000001
10.047445935833487, 518.4
10.047396117600861, 518.5
10.04734635167738, 518.6
10.047296638008119, 518.7
10.04724697653821, 518.8000000000001
10.047197367212844, 518.9
10.04714780997727, 519.0
10.047098304776794, 519.1
10.047048851556779, 519.2
10.046999450262645, 519.3000000000001
10.046950100839869, 519.4
10.046900803233987, 519.5
10.04685155739059, 519.6
10.046802363255331, 519.7
10.046753220773914, 519.8000000000001
10.0467041298921, 519.9
10.046655090555713, 520.0
10.04660610271063, 520.1
10.046557166302783, 520.2
10.046508281278165, 520.3000000000001
10.046459447582823, 520.4
10.046410665162862, 520.5
10.046361933964441, 520.6
10.046313253933778, 520.7
10.046264625017148, 520.8000000000001
10.04621604716088, 520.9
10.046167520311363, 521.0
10.046119044415036, 521.1
10.0460706194184, 521.2
10.046022245268011, 521.3000000000001
10.04597392191048, 521.4
10.045925649292474, 521.5
10.045877427360717, 521.6
10.045829256061987, 521.7
10.045781135343121, 521.8000000000001
10.045733065151012, 521.9
10.045685045432604, 522.0
10.0456370761349, 522.1
10.045589157204958, 522.2
10.045541288589893, 522.3000000000001
10.045493470236874, 522.4
10.045445702093126, 522.5
10.045397984105929, 522.6
10.045350316222617, 522.7
10.045302698390584, 522.8000000000001
10.045255130557274, 522.9
10.04520761267019, 523.0
10.045160144676887, 523.1
10.045112726524977, 523.2
10.045065358162125, 523.3000000000001
10.045018039536055, 523.4
10.044970770594542, 523.5
10.044923551285418, 523.6
10.044876381556568, 523.7
10.044829261355934, 523.8000000000001
10.04478219063151, 523.9
10.044735169331346, 524.0
10.044688197403548, 524.1
10.044641274796275, 524.2
10.044594401457738, 524.3000000000001
10.044547577336207, 524.4
10.044500802380004, 524.5
10.044454076537505, 524.6
10.04440739975714, 524.7
10.044360771987396, 524.8000000000001
10.04431419317681, 524.9
10.044267663273974, 525.0
10.044221182227536, 525.1
10.044174749986198, 525.2
10.044128366498713, 525.3000000000001
10.04408203171389, 525.4
10.04403574558059, 525.5
10.04398950804773, 525.6
10.04394331906428, 525.7
10.043897178579263, 525.8000000000001
10.043851086541755, 525.9
10.043805042900887, 526.0
10.04375904760584, 526.1
10.043713100605855, 526.2
10.04366720185022, 526.3000000000001
10.043621351288277, 526.4
10.043575548869423, 526.5
10.04352979454311, 526.6
10.04348408825884, 526.7
10.043438429966168, 526.8000000000001
10.043392819614704, 526.9
10.043347257154108, 527.0
10.043301742534096, 527.1
10.043256275704435, 527.2
10.043210856614945, 527.3000000000001
10.043165485215498, 527.4
10.043120161456022, 527.5
10.043074885286494, 527.6
10.043029656656943, 527.7
10.042984475517454, 527.8000000000001
10.04293934181816, 527.9
10.042894255509252, 528.0
10.042849216540967, 528.1
10.042804224863598, 528.2
10.042759280427491, 528.3000000000001
10.042714383183043, 528.4
10.042669533080701, 528.5
10.042624730070967, 528.6
10.042579974104394, 528.7
10.042535265131583, 528.8000000000001
10.042490603103195, 528.9
10.042445987969936, 529.0
10.042401419682568, 529.1
10.042356898191901, 529.2
10.0423124234488, 529.3000000000001
10.04226799540418, 529.4
10.042223614009005, 529.5
10.042179279214295, 529.6
10.042134990971121, 529.7
10.042090749230601, 529.8000000000001
10.042046553943909, 529.9
10.042002405062268, 530.0
10.041958302536953, 530.1
10.041914246319289, 530.2
10.041870236360653, 530.3000000000001
10.041826272612475, 530.4
10.041782355026232, 530.5
10.041738483553454, 530.6
10.041694658145722, 530.7
10.04165087875467, 530.8000000000001
10.041607145331977, 530.9
10.041563457829378, 531.0
10.041519816198656, 531.1
10.041476220391647, 531.2
10.041432670360237, 531.3000000000001
10.041389166056359, 531.4
10.041345707431999, 531.5
10.041302294439195, 531.6
10.041258927030034, 531.7
10.041215605156653, 531.8000000000001
10.041172328771239, 531.9
10.04112909782603, 532.0
10.041085912273312, 532.1
10.041042772065424, 532.2
10.040999677154755, 532.3000000000001
10.040956627493742, 532.4
10.040913623034873, 532.5
10.040870663730686, 532.6
10.040827749533769, 532.7
10.040784880396759, 532.8000000000001
10.040742056272341, 532.9
10.040699277113255, 533.0
10.040656542872286, 533.1
10.04061385350227, 533.2
10.040571208956093, 533.3000000000001
10.040528609186689, 533.4
10.040486054147042, 533.5
10.040443543790188, 533.6
10.040401078069207, 533.7
10.040358656937235, 533.8000000000001
10.04031628034745, 533.9
10.040273948253086, 534.0
10.04023166060742, 534.1
10.040189417363782, 534.2
10.04014721847555, 534.3000000000001
10.040105063896151, 534.4
10.04006295357906, 534.5
10.040020887477802, 534.6
10.03997886554595, 534.7
10.039936887737126, 534.8000000000001
10.039894954005002, 534.9
10.039853064303296, 535.0
10.039811218585777, 535.1
10.039769416806262, 535.2
10.039727658918615, 535.3000000000001
10.03968594487675, 535.4
10.039644274634629, 535.5
10.039602648146262, 535.6
10.039561065365708, 535.7
10.039519526247075, 535.8000000000001
10.039478030744515, 535.9
10.039436578812234, 536.0
10.03939517040448, 536.1
10.039353805475557, 536.2
10.039312483979808, 536.3000000000001
10.039271205871628, 536.4
10.039229971105463, 536.5
10.039188779635802, 536.6
10.039147631417185, 536.7
10.039106526404197, 536.8000000000001
10.039065464551472, 536.9
10.039024445813693, 537.0
10.038983470145588, 537.1
10.038942537501935, 537.2
10.038901647837559, 537.3000000000001
10.03886080110733, 537.4
10.038819997266167, 537.5
10.038779236269038, 537.6
10.038738518070955, 537.7
10.03869784262698, 537.8000000000001
10.038657209892222, 537.9
10.038616619821834, 538.0
10.038576072371022, 538.1
10.038535567495032, 538.2
10.038495105149162, 538.3000000000001
10.038454685288755, 538.4
10.038414307869202, 538.5
10.038373972845939, 538.6
10.03833368017445, 538.7
10.038293429810267, 538.8000000000001
10.038253221708967, 538.9
10.038213055826173, 539.0
10.038172932117556, 539.1
10.038132850538833, 539.2
10.038092811045768, 539.3000000000001
10.03805281359417, 539.4
10.038012858139897, 539.5
10.03797294463885, 539.6
10.03793307304698, 539.7
10.037893243320282, 539.8000000000001
10.037853455414796, 539.9
10.03781370928661, 540.0
10.037774004891858, 540.1
10.037734342186722, 540.2
10.037694721127426, 540.3000000000001
10.037655141670243, 540.4
10.037615603771489, 540.5
10.037576107387528, 540.6
10.03753665247477, 540.7
10.037497238989673, 540.8000000000001
10.037457866888733, 540.9
10.0374185361285, 541.0
10.037379246665566, 541.1
10.037339998456567, 541.2
10.037300791458188, 541.3000000000001
10.037261625627156, 541.4
10.037222500920247, 541.5
10.037183417294282, 541.6
10.037144374706122, 541.7
10.03710537311268, 541.8000000000001
10.037066412470912, 541.9
10.037027492737817, 542.0
10.036988613870442, 542.1
10.036949775825878, 542.2
10.036910978561261, 542.3000000000001
10.036872222033772, 542.4
10.036833506200637, 542.5
10.036794831019126, 542.6
10.036756196446555, 542.7
10.036717602440287, 542.8000000000001
10.036679048957724, 542.9
10.03664053595632, 543.0
10.036602063393566, 543.1
10.036563631227002, 543.2
10.036525239414214, 543.3000000000001
10.03648688791283, 543.4
10.03644857668052, 543.5
10.036410305675005, 543.6
10.036372074854047, 543.7
10.03633388417545, 543.8000000000001
10.036295733597067, 543.9
10.03625762307679, 544.0
10.03621955257256, 544.1
10.036181522042359, 544.2
10.036143531444214, 544.3000000000001
10.036105580736198, 544.4
10.036067669876426, 544.5
10.036029798823055, 544.6
10.03599196753429, 544.7
10.03595417596838, 544.8000000000001
10.035916424083613, 544.9
10.035878711838325, 545.0
10.035841039190895, 545.1
10.035803406099745, 545.2
10.03576581252334, 545.3000000000001
10.03572825842019, 545.4
10.03569074374885, 545.5
10.035653268467913, 545.6
10.035615832536022, 545.7
10.035578435911859, 545.8000000000001
10.035541078554152, 545.9
10.03550376042167, 546.0
10.035466481473229, 546.1
10.035429241667682, 546.2
10.03539204096393, 546.3000000000001
10.035354879320918, 546.4
10.035317756697632, 546.5
10.0352806730531, 546.6
10.035243628346393, 546.7
10.035206622536629, 546.8000000000001
10.035169655582965, 546.9
10.035132727444603, 547.0
10.035095838080787, 547.1
10.035058987450801, 547.2
10.035022175513978, 547.3000000000001
10.034985402229688, 547.4
10.034948667557348, 547.5
10.034911971456413, 547.6
10.034875313886385, 547.7
10.034838694806805, 547.8000000000001
10.034802114177257, 547.9
10.03476557195737, 548.0
10.034729068106815, 548.1
10.034692602585302, 548.2
10.034656175352588, 548.3000000000001
10.034619786368467, 548.4
10.03458343559278, 548.5
10.034547122985407, 548.6
10.034510848506272, 548.7
10.034474612115341, 548.8000000000001
10.03443841377262, 548.9
10.034402253438158, 549.0
10.034366131072048, 549.1
10.034330046634421, 549.2
10.034294000085456, 549.3000000000001
10.034257991385367, 549.4
10.034222020494413, 549.5
10.034186087372895, 549.6
10.034150191981153, 549.7
10.034114334279574, 549.8000000000001
10.03407851422858, 549.9
10.03404273178864, 550.0
10.034006986920263, 550.1
10.033971279583996, 550.2
10.033935609740434, 550.3000000000001
10.033899977350206, 550.4
10.033864382373988, 550.5
10.033828824772495, 550.6
10.033793304506485, 550.7
10.033757821536753, 550.8000000000001
10.033722375824139, 550.9
10.033686967329524, 551.0
10.033651596013828, 551.1
10.033616261838013, 551.2
10.033580964763082, 551.3000000000001
10.03354570475008, 551.4
10.033510481760093, 551.5
10.033475295754245, 551.6
10.033440146693703, 551.7
10.033405034539674, 551.8000000000001
10.033369959253408, 551.9
10.033334920796191, 552.0
10.033299919129355, 552.1
10.03326495421427, 552.2
10.033230026012344, 552.3000000000001
10.03319513448503, 552.4
10.03316027959382, 552.5
10.033125461300248, 552.6
10.033090679565882, 552.7
10.033055934352339, 552.8000000000001
10.033021225621269, 552.9
10.032986553334366, 553.0
10.032951917453365, 553.1
10.03291731794004, 553.2
10.032882754756203, 553.3000000000001
10.03284822786371, 553.4
10.032813737224453, 553.5
10.032779282800368, 553.6
10.032744864553427, 553.7
10.032710482445646, 553.8000000000001
10.032676136439077, 553.9
10.032641826495816, 554.0
10.032607552577995, 554.1
10.032573314647788, 554.2
10.032539112667408, 554.3000000000001
10.032504946599106, 554.4
10.032470816405176, 554.5
10.032436722047951, 554.6
10.032402663489801, 554.7
10.032368640693138, 554.8000000000001
10.03233465362041, 554.9
10.032300702234108, 555.0
10.032266786496763, 555.1
10.032232906370941, 555.2
10.032199061819252, 555.3000000000001
10.032165252804342, 555.4
10.032131479288898, 555.5
10.032097741235646, 555.6
10.032064038607349, 555.7
10.03203037136681, 555.8000000000001
10.031996739476876, 555.9
10.031963142900425, 556.0
10.03192958160038, 556.1
10.0318960555397, 556.2
10.031862564681385, 556.3000000000001
10.03182910898847, 556.4
10.031795688424031, 556.5
10.031762302951186, 556.6
10.031728952533088, 556.7
10.031695637132929, 556.8000000000001
10.03166235671394, 556.9
10.03162911123939, 557.0
10.031595900672588, 557.1
10.031562724976881, 557.2
10.031529584115656, 557.3000000000001
10.031496478052334, 557.4
10.03146340675038, 557.5
10.031430370173291, 557.6
10.03139736828461, 557.7
10.031364401047911, 557.8000000000001
10.031331468426812, 557.9
10.031298570384964, 558.0
10.03126570688606, 558.1
10.03123287789383, 558.2
10.031200083372042, 558.3000000000001
10.031167323284501, 558.4
10.031134597595052, 558.5
10.031101906267578, 558.6
10.031069249265997, 558.7
10.031036626554268, 558.8000000000001
10.031004038096386, 558.9
10.030971483856385, 559.0
10.030938963798336, 559.1
10.030906477886347, 559.2
10.030874026084566, 559.3000000000001
10.030841608357177, 559.4
10.0308092246684, 559.5
10.030776874982498, 559.6
10.030744559263766, 559.7
10.030712277476539, 559.8000000000001
10.030680029585188, 559.9
10.030647815554124, 560.0
10.030615635347791, 560.1
10.030583488930676, 560.2
10.030551376267299, 560.3000000000001
10.030519297322218, 560.4
10.03048725206003, 560.5
10.030455240445368, 560.6
10.0304232624429, 560.7
10.030391318017335, 560.8000000000001
10.030359407133417, 560.9
10.030327529755928, 561.0
10.030295685849683, 561.1
10.030263875379541, 561.2
10.030232098310393, 561.3000000000001
10.030200354607167, 561.4
10.03016864423483, 561.5
10.030136967158384, 561.6
10.030105323342868, 561.7
10.030073712753358, 561.8000000000001
10.030042135354968, 561.9
10.030010591112845, 562.0
10.029979079992176, 562.1
10.029947601958185, 562.2
10.029916156976128, 562.3000000000001
10.029884745011303, 562.4
10.029853366029041, 562.5
10.029822019994711, 562.6
10.029790706873717, 562.7
10.0297594266315, 562.8000000000001
10.029728179233537, 562.9
10.02969696464534, 563.0
10.029665782832463, 563.1
10.02963463376049, 563.2
10.02960351739504, 563.3000000000001
10.029572433701775, 563.4
10.029541382646388, 563.5
10.029510364194609, 563.6
10.029479378312205, 563.7
10.029448424964977, 563.8000000000001
10.029417504118765, 563.9
10.02938661573944, 564.0
10.029355759792914, 564.1
10.029324936245132, 564.2
10.029294145062075, 564.3000000000001
10.02926338620976, 564.4
10.02923265965424, 564.5
10.029201965361603, 564.6
10.029171303297973, 564.7
10.029140673429511, 564.8000000000001
10.02911007572241, 564.9
10.029079510142902, 565.0
10.029048976657252, 565.1
10.029018475231762, 565.2
10.028988005832769, 565.3000000000001
10.028957568426645, 565.4
10.028927162979796, 565.5
10.028896789458667, 565.6
10.028866447829735, 565.7
10.028836138059514, 565.8000000000001
10.028805860114552, 565.9
10.028775613961432, 566.0
10.028745399566773, 566.1
10.028715216897227, 566.2
10.028685065919484, 566.3000000000001
10.02865494660027, 566.4
10.028624858906339, 566.5
10.028594802804488, 566.6
10.028564778261543, 566.7
10.02853478524437, 566.8000000000001
10.028504823719864, 566.9
10.028474893654957, 567.0
10.028444995016619, 567.1
10.02841512777185, 567.2
10.028385291887691, 567.3000000000001
10.02835548733121, 567.4
10.028325714069512, 567.5
10.028295972069738, 567.6
10.028266261299065, 567.7
10.0282365817247, 567.8000000000001
10.02820693331389, 567.9
10.02817731603391, 568.0
10.028147729852074, 568.1
10.028118174735729, 568.2
10.028088650652256, 568.3000000000001
10.028059157569071, 568.4
10.028029695453624, 568.5
10.028000264273397, 568.6
10.02797086399591, 568.7
10.027941494588713, 568.8000000000001
10.027912156019395, 568.9
10.027882848255574, 569.0
10.027853571264906, 569.1
10.027824325015077, 569.2
10.02779510947381, 569.3000000000001
10.027765924608863, 569.4
10.027736770388023, 569.5
10.027707646779115, 569.6
10.027678553749997, 569.7
10.027649491268559, 569.8000000000001
10.027620459302726, 569.9
10.027591457820458, 570.0
10.027562486789746, 570.1
10.027533546178617, 570.2
10.027504635955129, 570.3000000000001
10.027475756087377, 570.4
10.027446906543485, 570.5
10.027418087291615, 570.6
10.027389298299958, 570.7
10.027360539536744, 570.8000000000001
10.02733181097023, 570.9
10.027303112568712, 571.0
10.027274444300515, 571.1
10.027245806134, 571.2
10.027217198037558, 571.3000000000001
10.027188619979619, 571.4
10.02716007192864, 571.5
10.027131553853113, 571.6
10.027103065721567, 571.7
10.02707460750256, 571.8000000000001
10.027046179164682, 571.9
10.027017780676559, 572.0
10.026989412006849, 572.1
10.026961073124241, 572.2
10.026932763997461, 572.3000000000001
10.026904484595264, 572.4
10.026876234886439, 572.5
10.026848014839809, 572.6
10.026819824424226, 572.7
10.02679166360858, 572.8000000000001
10.026763532361791, 572.9
10.026735430652812, 573.0
10.026707358450626, 573.1
10.026679315724252, 573.2
10.026651302442742, 573.3000000000001
10.026623318575178, 573.4
10.026595364090674, 573.5
10.026567438958379, 573.6
10.026539543147473, 573.7
10.026511676627168, 573.8000000000001
10.026483839366708, 573.9
10.026456031335373, 574.0
10.026428252502471, 574.1
10.026400502837344, 574.2
10.026372782309364, 574.3000000000001
10.02634509088794, 574.4
10.026317428542507, 574.5
10.026289795242537, 574.6
10.026262190957532, 574.7
10.026234615657026, 574.8000000000001
10.026207069310587, 574.9
10.026179551887811, 575.0
10.026152063358328, 575.1
10.026124603691802, 575.2
10.026097172857925, 575.3000000000001
10.026069770826425, 575.4
10.026042397567057, 575.5
10.026015053049612, 575.6
10.02598773724391, 575.7
10.025960450119802, 575.8000000000001
10.025933191647177, 575.9
10.025905961795948, 576.0
10.025878760536061, 576.1
10.025851587837499, 576.2
10.02582444367027, 576.3000000000001
10.025797328004417, 576.4
10.025770240810013, 576.5
10.025743182057163, 576.6
10.025716151716002, 576.7
10.025689149756701, 576.8000000000001
10.025662176149456, 576.9
10.0256352308645, 577.0
10.025608313872093, 577.1
10.025581425142526, 577.2
10.025554564646127, 577.3000000000001
10.025527732353249, 577.4
10.025500928234278, 577.5
10.025474152259632, 577.6
10.02544740439976, 577.7
10.02542068462514, 577.8000000000001
10.025393992906283, 577.9
10.025367329213731, 578.0
10.025340693518057, 578.1
10.025314085789864, 578.2
10.025287505999785, 578.3000000000001
10.025260954118485, 578.4
10.02523443011666, 578.5
10.025207933965037, 578.6
10.025181465634374, 578.7
10.025155025095458, 578.8000000000001
10.025128612319108, 578.9
10.025102227276173, 579.0
10.025075869937533, 579.1
10.025049540274098, 579.2
10.02502323825681, 579.3000000000001
10.02499696385664, 579.4
10.02497071704459, 579.5
10.024944497791694, 579.6
10.024918306069013, 579.7
10.02489214184764, 579.8000000000001
10.024866005098701, 579.9
10.024839895793347, 580.0
10.024813813902764, 580.1
10.024787759398166, 580.2
10.024761732250797, 580.3000000000001
10.024735732431933, 580.4
10.02470975991288, 580.5
10.024683814664971, 580.6
10.024657896659573, 580.7
10.02463200586808, 580.8000000000001
10.024606142261918, 580.9
10.024580305812544, 581.0
10.02455449649144, 581.1
10.024528714270124, 581.2
10.02450295912014, 581.3000000000001
10.024477231013064, 581.4
10.0244515299205, 581.5
10.024425855814084, 581.6
10.02440020866548, 581.7
10.024374588446381, 581.8000000000001
10.024348995128513, 581.9
10.024323428683628, 582.0
10.02429788908351, 582.1
10.024272376299972, 582.2
10.024246890304857, 582.3000000000001
10.024221431070037, 582.4
10.024195998567414, 582.5
10.024170592768918, 582.6
10.024145213646511, 582.7
10.024119861172181, 582.8000000000001
10.02409453531795, 582.9
10.024069236055865, 583.0
10.024043963358007, 583.1
10.024018717196482, 583.2
10.023993497543426, 583.3000000000001
10.023968304371005, 583.4
10.023943137651415, 583.5
10.02391799735688, 583.6
10.023892883459656, 583.7
10.023867795932023, 583.8000000000001
10.023842734746294, 583.9
10.02381769987481, 584.0
10.023792691289941, 584.1
10.023767708964087, 584.2
10.023742752869675, 584.3000000000001
10.023717822979162, 584.4
10.023692919265034, 584.5
10.023668041699807, 584.6
10.023643190256022, 584.7
10.023618364906254, 584.8000000000001
10.023593565623102, 584.9
10.023568792379198, 585.0
10.023544045147199, 585.1
10.023519323899794, 585.2
10.023494628609699, 585.3000000000001
10.023469959249658, 585.4
10.023445315792445, 585.5
10.023420698210863, 585.6
10.023396106477742, 585.7
10.023371540565941, 585.8000000000001
10.023347000448346, 585.9
10.023322486097875, 586.0
10.023297997487472, 586.1
10.02327353459011, 586.2
10.023249097378791, 586.3000000000001
10.023224685826543, 586.4
10.023200299906426, 586.5
10.023175939591525, 586.6
10.023151604854954, 586.7
10.023127295669857, 586.8000000000001
10.023103012009404, 586.9
10.023078753846795, 587.0
10.023054521155256, 587.1
10.023030313908043, 587.2
10.02300613207844, 587.3000000000001
10.022981975639757, 587.4
10.022957844565335, 587.5
10.022933738828542, 587.6
10.02290965840277, 587.7
10.022885603261448, 587.8000000000001
10.022861573378023, 587.9
10.022837568725976, 588.0
10.022813589278813, 588.1
10.02278963501007, 588.2
10.02276570589331, 588.3000000000001
10.022741801902121, 588.4
10.022717923010124, 588.5
10.022694069190964, 588.6
10.022670240418313, 588.7
10.022646436665873, 588.8000000000001
10.022622657907373, 588.9
10.02259890411657, 589.0
10.022575175267248, 589.1
10.022551471333218, 589.2
10.022527792288319, 589.3000000000001
10.022504138106417, 589.4
10.022480508761404, 589.5
10.022456904227205, 589.6
10.022433324477767, 589.7
10.022409769487066, 589.8000000000001
10.022386239229105, 589.9
10.022362733677914, 590.0
10.022339252807553, 590.1
10.022315796592105, 590.2
10.022292365005683, 590.3000000000001
10.022268958022426, 590.4
10.022245575616502, 590.5
10.022222217762105, 590.6
10.022198884433454, 590.7
10.022175575604798, 590.8000000000001
10.022152291250412, 590.9
10.0221290313446, 591.0
10.022105795861687, 591.1
10.022082584776033, 591.2
10.022059398062018, 591.3000000000001
10.022036235694053, 591.4
10.022013097646575, 591.5
10.021989983894045, 591.6
10.021966894410957, 591.7
10.021943829171825, 591.8000000000001
10.021920788151194, 591.9
10.021897771323635, 592.0
10.021874778663745, 592.1
10.02185181014615, 592.2
10.021828865745496, 592.3000000000001
10.021805945436464, 592.4
10.021783049193756, 592.5
10.021760176992103, 592.6
10.021737328806262, 592.7
10.021714504611015, 592.8000000000001
10.021691704381174, 592.9
10.021668928091573, 593.0
10.021646175717077, 593.1
10.021623447232574, 593.2
10.02160074261298, 593.3000000000001
10.021578061833237, 593.4
10.021555404868312, 593.5
10.0215327716932, 593.6
10.021510162282922, 593.7
10.021487576612525, 593.8000000000001
10.021465014657082, 593.9
10.021442476391693, 594.0
10.021419961791482, 594.1
10.021397470831602, 594.2
10.021375003487229, 594.3000000000001
10.021352559733568, 594.4
10.021330139545848, 594.5
10.021307742899324, 594.6
10.02128536976928, 594.7
10.021263020131023, 594.8000000000001
10.021240693959886, 594.9
10.021218391231228, 595.0
10.021196111920435, 595.1
10.02117385600292, 595.2
10.021151623454116, 595.3000000000001
10.02112941424949, 595.4
10.021107228364528, 595.5
10.021085065774745, 595.6
10.02106292645568, 595.7
10.021040810382903, 595.8000000000001
10.021018717532002, 595.9
10.020996647878594, 596.0
10.02097460139832, 596.1
10.020952578066852, 596.2
10.020930577859883, 596.3000000000001
10.02090860075313, 596.4
10.020886646722339, 596.5
10.020864715743281, 596.6
10.02084280779175, 596.7
10.02082092284357, 596.8000000000001
10.020799060874584, 596.9
10.020777221860666, 597.0
10.020755405777711, 597.1
10.020733612601644, 597.2
10.020711842308412, 597.3000000000001
10.020690094873988, 597.4
10.02066837027437, 597.5
10.020646668485583, 597.6
10.020624989483673, 597.7
10.020603333244715, 597.8000000000001
10.020581699744808, 597.9
10.020560088960076, 598.0
10.020538500866667, 598.1
10.020516935440757, 598.2
10.020495392658544, 598.3000000000001
10.020473872496252, 598.4
10.02045237493013, 598.5
10.020430899936454, 598.6
10.02040944749152, 598.7
10.020388017571655, 598.8000000000001
10.020366610153205, 598.9
10.020345225212544, 599.0
10.020323862726071, 599.1
10.020302522670208, 599.2
10.020281205021405, 599.3000000000001
10.020259909756133, 599.4
10.02023863685089, 599.5
10.020217386282196, 599.6
10.0201961580266, 599.7
10.020174952060673, 599.8000000000001
10.02015376836101, 599.9
10.02013260690423, 600.0
10.02011146766698, 600.1
10.02009035062593, 600.2
10.020069255757772, 600.3000000000001
10.020048183039226, 600.4
10.020027132447034, 600.5
10.020006103957964, 600.6
10.019985097548808, 600.7
10.019964113196382, 600.8000000000001
10.019943150877525, 600.9
10.019922210569105, 601.0
10.019901292248006, 601.1
10.019880395891146, 601.2
10.01985952147546, 601.3000000000001
10.019838668977911, 601.4
10.019817838375484, 601.5
10.01979702964519, 601.6
10.019776242764063, 601.7
10.019755477709161, 601.8000000000001
10.019734734457566, 601.9
10.019714012986386, 602.0
10.01969331327275, 602.1
10.019672635293814, 602.2
10.019651979026756, 602.3000000000001
10.019631344448777, 602.4
10.019610731537107, 602.5
10.019590140268992, 602.6
10.019569570621709, 602.7
10.019549022572557, 602.8000000000001
10.019528496098856, 602.9
10.019507991177951, 603.0
10.019487507787215, 603.1
10.019467045904038, 603.2
10.01944660550584, 603.3000000000001
10.019426186570058, 603.4
10.01940578907416, 603.5
10.019385412995632, 603.6
10.019365058311987, 603.7
10.01934472500076, 603.8000000000001
10.01932441303951, 603.9
10.019304122405817, 604.0
10.01928385307729, 604.1
10.01926360503156, 604.2
10.019243378246276, 604.3000000000001
10.019223172699117, 604.4
10.019202988367784, 604.5
10.019182825229997, 604.6
10.019162683263506, 604.7
10.01914256244608, 604.8000000000001
10.019122462755512, 604.9
10.019102384169619, 605.0
10.019082326666242, 605.1
10.019062290223243, 605.2
10.019042274818508, 605.3000000000001
10.01902228042995, 605.4
10.019002307035498, 605.5
10.01898235461311, 605.6
10.018962423140765, 605.7
10.018942512596468, 605.8000000000001
10.018922622958241, 605.9
10.018902754204134, 606.0
10.01888290631222, 606.1
10.018863079260592, 606.2
10.018843273027368, 606.3000000000001
10.018823487590689, 606.4
10.018803722928718, 606.5
10.018783979019643, 606.6
10.018764255841672, 606.7
10.018744553373038, 606.8000000000001
10.018724871591996, 606.9
10.018705210476824, 607.0
10.018685570005823, 607.1
10.018665950157317, 607.2
10.018646350909652, 607.3000000000001
10.018626772241197, 607.4
10.018607214130343, 607.5
10.018587676555507, 607.6
10.018568159495123, 607.7
10.018548662927653, 607.8000000000001
10.018529186831579, 607.9
10.018509731185405, 608.0
10.018490295967661, 608.1
10.018470881156896, 608.2
10.018451486731681, 608.3000000000001
10.018432112670613, 608.4
10.018412758952309, 608.5
10.01839342555541, 608.6
10.018374112458575, 608.7
10.018354819640495, 608.8000000000001
10.018335547079872, 608.9
10.018316294755438, 609.0
10.018297062645946, 609.1
10.018277850730168, 609.2
10.018258658986902, 609.3000000000001
10.018239487394965, 609.4
10.0182203359332, 609.5
10.018201204580471, 609.6
10.018182093315662, 609.7
10.018163002117682, 609.8000000000001
10.018143930965458, 609.9
10.018124879837945, 610.0
10.018105848714114, 610.1
10.018086837572964, 610.2
10.018067846393512, 610.3000000000001
10.018048875154799, 610.4
10.018029923835886, 610.5
10.018010992415858, 610.6
10.017992080873821, 610.7
10.017973189188904, 610.8000000000001
10.017954317340255, 610.9
10.017935465307048, 611.0
10.017916633068475, 611.1
10.017897820603753, 611.2
10.01787902789212, 611.3000000000001
10.017860254912833, 611.4
10.017841501645174, 611.5
10.017822768068447, 611.6
10.017804054161974, 611.7
10.017785359905105, 611.8000000000001
10.017766685277204, 611.9
10.017748030257662, 612.0
10.017729394825892, 612.1
10.017710778961325, 612.2
10.017692182643415, 612.3000000000001
10.01767360585164, 612.4
10.017655048565494, 612.5
10.0176365107645, 612.6
10.017617992428198, 612.7
10.017599493536148, 612.8000000000001
10.017581014067934, 612.9
10.017562554003163, 613.0
10.01754411332146, 613.1
10.017525692002472, 613.2
10.01750729002587, 613.3000000000001
10.017488907371343, 613.4
10.017470544018602, 613.5
10.017452199947382, 613.6
10.017433875137437, 613.7
10.017415569568543, 613.8000000000001
10.017397283220497, 613.9
10.017379016073114, 614.0
10.017360768106238, 614.1
10.017342539299726, 614.2
10.01732432963346, 614.3000000000001
10.017306139087346, 614.4000000000001
10.017287967641304, 614.5
10.01726981527528, 614.6
10.017251681969242, 614.7
10.017233567703174, 614.8000000000001
10.017215472457085, 614.9000000000001
10.017197396211005, 615.0
10.017179338944983, 615.1
10.01716130063909, 615.2
10.01714328127342, 615.3000000000001
10.017125280828083, 615.4000000000001
10.017107299283213, 615.5
10.017089336618966, 615.6
10.017071392815517, 615.7
10.01705346785306, 615.8000000000001
10.017035561711815, 615.9000000000001
10.017017674372017, 616.0
10.016999805813926, 616.1
10.01698195601782, 616.2
10.016964124964002, 616.3000000000001
10.01694631263279, 616.4000000000001
10.016928519004525, 616.5
10.01691074405957, 616.6
10.016892987778307, 616.7
10.01687525014114, 616.8000000000001
10.016857531128492, 616.9000000000001
10.016839830720807, 617.0
10.01682214889855, 617.1
10.016804485642206, 617.2
10.016786840932282, 617.3000000000001
10.016769214749303, 617.4000000000001
10.016751607073816, 617.5
10.016734017886389, 617.6
10.016716447167608, 617.7
10.016698894898083, 617.8000000000001
10.01668136105844, 617.9000000000001
10.01666384562933, 618.0
10.016646348591419, 618.1
10.016628869925398, 618.2
10.016611409611977, 618.3000000000001
10.016593967631884, 618.4000000000001
10.01657654396587, 618.5
10.016559138594706, 618.6
10.016541751499181, 618.7
10.016524382660107, 618.8000000000001
10.016507032058314, 618.9000000000001
10.016489699674652, 619.0
10.016472385489994, 619.1
10.016455089485229, 619.2
10.01643781164127, 619.3000000000001
10.016420551939046, 619.4000000000001
10.01640331035951, 619.5
10.016386086883632, 619.6
10.016368881492404, 619.7
10.016351694166838, 619.8000000000001
10.016334524887963, 619.9000000000001
10.01631737363683, 620.0
10.016300240394512, 620.1
10.016283125142099, 620.2
10.0162660278607, 620.3000000000001
10.016248948531446, 620.4000000000001
10.016231887135488, 620.5
10.016214843653996, 620.6
10.016197818068159, 620.7
10.016180810359188, 620.8000000000001
10.01616382050831, 620.9000000000001
10.016146848496778, 621.0
10.016129894305855, 621.1
10.016112957916834, 621.2
10.016096039311021, 621.3000000000001
10.016079138469745, 621.4000000000001
10.016062255374353, 621.5
10.016045390006209, 621.6
10.016028542346703, 621.7
10.016011712377239, 621.8000000000001
10.015994900079242, 621.9000000000001
10.01597810543416, 622.0
10.015961328423455, 622.1
10.01594456902861, 622.2
10.01592782723113, 622.3000000000001
10.015911103012536, 622.4000000000001
10.015894396354373, 622.5
10.0158777072382, 622.6
10.0158610356456, 622.7
10.015844381558171, 622.8000000000001
10.015827744957535, 622.9000000000001
10.01581112582533, 623.0
10.015794524143214, 623.1
10.015777939892864, 623.2
10.015761373055977, 623.3000000000001
10.015744823614268, 623.4000000000001
10.015728291549474, 623.5
10.015711776843347, 623.6
10.015695279477661, 623.7
10.01567879943421, 623.8000000000001
10.015662336694804, 623.9000000000001
10.015645891241276, 624.0
10.015629463055472, 624.1
10.015613052119264, 624.2
10.01559665841454, 624.3000000000001
10.015580281923205, 624.4000000000001
10.015563922627186, 624.5
10.015547580508427, 624.6
10.015531255548893, 624.7
10.015514947730567, 624.8000000000001
10.015498657035451, 624.9000000000001
10.015482383445564, 625.0
10.015466126942945, 625.1
10.015449887509655, 625.2
10.01543366512777, 625.3000000000001
10.015417459779385, 625.4000000000001
10.015401271446617, 625.5
10.015385100111597, 625.6
10.01536894575648, 625.7
10.015352808363435, 625.8000000000001
10.015336687914653, 625.9000000000001
10.015320584392342, 626.0
10.015304497778729, 626.1
10.015288428056062, 626.2
10.015272375206603, 626.3000000000001
10.015256339212636, 626.4000000000001
10.015240320056462, 626.5
10.015224317720403, 626.6
10.015208332186797, 626.7
10.015192363438, 626.8000000000001
10.015176411456391, 626.9000000000001
10.015160476224361, 627.0
10.015144557724325, 627.1
10.015128655938714, 627.2
10.015112770849978, 627.3000000000001
10.015096902440586, 627.4000000000001
10.015081050693023, 627.5
10.015065215589797, 627.6
10.015049397113428, 627.7
10.015033595246459, 627.8000000000001
10.01501780997145, 627.9000000000001
10.01500204127098, 628.0
10.014986289127647, 628.1
10.014970553524062, 628.2
10.014954834442861, 628.3000000000001
10.014939131866695, 628.4000000000001
10.014923445778235, 628.5
10.014907776160168, 628.6
10.0148921229952, 628.7
10.014876486266054, 628.8000000000001
10.014860865955475, 628.9000000000001
10.014845262046222, 629.0
10.014829674521074, 629.1
10.014814103362827, 629.2
10.014798548554296, 629.3000000000001
10.014783010078315, 629.4000000000001
10.014767487917732, 629.5
10.014751982055419, 629.6
10.01473649247426, 629.7
10.014721019157161, 629.8000000000001
10.014705562087046, 629.9000000000001
10.014690121246854, 630.0
10.014674696619545, 630.1
10.014659288188096, 630.2
10.014643895935498, 630.3000000000001
10.014628519844765, 630.4000000000001
10.014613159898929, 630.5
10.014597816081034, 630.6
10.014582488374149, 630.7
10.014567176761355, 630.8000000000001
10.014551881225756, 630.9000000000001
10.01453660175047, 631.0
10.014521338318632, 631.1
10.014506090913397, 631.2
10.014490859517938, 631.3000000000001
10.014475644115445, 631.4000000000001
10.014460444689123, 631.5
10.0144452612222, 631.6
10.014430093697916, 631.7
10.014414942099533, 631.8000000000001
10.014399806410328, 631.9000000000001
10.014384686613598, 632.0
10.014369582692654, 632.1
10.014354494630826, 632.2
10.014339422411464, 632.3000000000001
10.01432436601793, 632.4000000000001
10.014309325433612, 632.5
10.014294300641906, 632.6
10.01427929162623, 632.7
10.014264298370023, 632.8000000000001
10.014249320856734, 632.9000000000001
10.014234359069835, 633.0
10.014219412992812, 633.1
10.01420448260917, 633.2
10.01418956790243, 633.3000000000001
10.014174668856134, 633.4000000000001
10.014159785453835, 633.5
10.014144917679108, 633.6
10.014130065515545, 633.7
10.014115228946753, 633.8000000000001
10.01410040795636, 633.9000000000001
10.014085602528006, 634.0
10.014070812645352, 634.1
10.014056038292075, 634.2
10.014041279451869, 634.3000000000001
10.014026536108444, 634.4000000000001
10.014011808245531, 634.5
10.013997095846873, 634.6
10.013982398896234, 634.7
10.013967717377392, 634.8000000000001
10.013953051274147, 634.9000000000001
10.013938400570309, 635.0
10.01392376524971, 635.1
10.013909145296198, 635.2
10.013894540693638, 635.3000000000001
10.01387995142591, 635.4000000000001
10.013865377476913, 635.5
10.013850818830562, 635.6
10.01383627547079, 635.7
10.013821747381547, 635.8000000000001
10.013807234546796, 635.9000000000001
10.013792736950522, 636.0
10.013778254576724, 636.1
10.013763787409419, 636.2
10.013749335432639, 636.3000000000001
10.013734898630435, 636.4000000000001
10.013720476986874, 636.5
10.013706070486037, 636.6
10.013691679112027, 636.7
10.01367730284896, 636.8000000000001
10.013662941680968, 636.9000000000001
10.013648595592203, 637.0
10.01363426456683, 637.1
10.013619948589035, 637.2
10.013605647643017, 637.3000000000001
10.013591361712992, 637.4000000000001
10.013577090783194, 637.5
10.013562834837872, 637.6
10.013548593861293, 637.7
10.013534367837739, 637.8000000000001
10.01352015675151, 637.9000000000001
10.01350596058692, 638.0
10.013491779328305, 638.1
10.01347761296001, 638.2
10.013463461466403, 638.3000000000001
10.013449324831862, 638.4000000000001
10.013435203040789, 638.5
10.013421096077597, 638.6
10.013407003926716, 638.7
10.013392926572593, 638.8000000000001
10.01337886399969, 638.9000000000001
10.01336481619249, 639.0
10.013350783135488, 639.1
10.013336764813197, 639.2
10.013322761210143, 639.3000000000001
10.013308772310872, 639.4000000000001
10.013294798099945, 639.5
10.01328083856194, 639.6
10.01326689368145, 639.7
10.013252963443085, 639.8000000000001
10.013239047831469, 639.9000000000001
10.013225146831246, 640.0
10.013211260427074, 640.1
10.013197388603626, 640.2
10.013183531345591, 640.3000000000001
10.013169688637678, 640.4000000000001
10.01315586046461, 640.5
10.01314204681112, 640.6
10.01312824766197, 640.7
10.013114463001925, 640.8000000000001
10.013100692815772, 640.9000000000001
10.013086937088316, 641.0
10.013073195804372, 641.1
10.013059468948777, 641.2
10.013045756506381, 641.3000000000001
10.01303205846205, 641.4000000000001
10.013018374800666, 641.5
10.013004705507125, 641.6
10.012991050566344, 641.7
10.012977409963248, 641.8000000000001
10.012963783682787, 641.9000000000001
10.012950171709921, 642.0
10.012936574029625, 642.1
10.012922990626894, 642.2
10.012909421486736, 642.3000000000001
10.012895866594175, 642.4000000000001
10.012882325934251, 642.5
10.01286879949202, 642.6
10.012855287252554, 642.7
10.01284178920094, 642.8000000000001
10.012828305322278, 642.9000000000001
10.01281483560169, 643.0
10.012801380024309, 643.1
10.012787938575283, 643.2
10.012774511239778, 643.3000000000001
10.012761098002976, 643.4000000000001
10.012747698850072, 643.5
10.012734313766279, 643.6
10.012720942736824, 643.7
10.01270758574695, 643.8000000000001
10.012694242781915, 643.9000000000001
10.012680913826994, 644.0
10.012667598867475, 644.1
10.012654297888664, 644.2
10.012641010875882, 644.3000000000001
10.012627737814462, 644.4000000000001
10.012614478689757, 644.5
10.012601233487134, 644.6
10.012588002191972, 644.7
10.01257478478967, 644.8000000000001
10.012561581265642, 644.9000000000001
10.012548391605312, 645.0
10.012535215794127, 645.1
10.012522053817543, 645.2
10.012508905661035, 645.3000000000001
10.01249577131009, 645.4000000000001
10.012482650750215, 645.5
10.012469543966928, 645.6
10.012456450945763, 645.7
10.01244337167227, 645.8000000000001
10.012430306132014, 645.9000000000001
10.012417254310575, 646.0
10.012404216193548, 646.1
10.012391191766545, 646.2
10.01237818101519, 646.3000000000001
10.012365183925125, 646.4000000000001
10.012352200482004, 646.5
10.012339230671499, 646.6
10.012326274479294, 646.7
10.012313331891091, 646.8000000000001
10.012300402892606, 646.9000000000001
10.01228748746957, 647.0
10.012274585607726, 647.1
10.012261697292837, 647.2
10.01224882251068, 647.3000000000001
10.012235961247043, 647.4000000000001
10.012223113487734, 647.5
10.012210279218571, 647.6
10.012197458425392, 647.7
10.012184651094046, 647.8000000000001
10.012171857210397, 647.9000000000001
10.012159076760327, 648.0
10.012146309729728, 648.1
10.012133556104512, 648.2
10.012120815870603, 648.3000000000001
10.012108089013939, 648.4000000000001
10.012095375520474, 648.5
10.012082675376178, 648.6
10.012069988567033, 648.7
10.012057315079037, 648.8000000000001
10.012044654898204, 648.9000000000001
10.01203200801056, 649.0
10.012019374402149, 649.1
10.012006754059026, 649.2
10.011994146967265, 649.3000000000001
10.01198155311295, 649.4000000000001
10.011968972482181, 649.5
10.011956405061076, 649.6
10.011943850835761, 649.7
10.011931309792384, 649.8000000000001
10.011918781917103, 649.9000000000001
10.01190626719609, 650.0
10.011893765615534, 650.1
10.011881277161638, 650.2
10.011868801820619, 650.3000000000001
10.011856339578706, 650.4000000000001
10.01184389042215, 650.5
10.011831454337205, 650.6
10.011819031310152, 650.7
10.011806621327276, 650.8000000000001
10.011794224374881, 650.9000000000001
10.011781840439287, 651.0
10.011769469506826, 651.1
10.011757111563844, 651.2
10.011744766596701, 651.3000000000001
10.011732434591774, 651.4000000000001
10.011720115535454, 651.5
10.01170780941414, 651.6
10.011695516214255, 651.7
10.01168323592223, 651.8000000000001
10.011670968524513, 651.9000000000001
10.011658714007561, 652.0
10.011646472357853, 652.1
10.011634243561877, 652.2
10.011622027606137, 652.3000000000001
10.01160982447715, 652.4000000000001
10.011597634161449, 652.5
10.011585456645578, 652.6
10.0115732919161, 652.7
10.01156113995959, 652.8000000000001
10.011549000762631, 652.9000000000001
10.011536874311831, 653.0
10.011524760593804, 653.1
10.011512659595182, 653.2
10.011500571302607, 653.3000000000001
10.01148849570274, 653.4000000000001
10.011476432782251, 653.5
10.01146438252783, 653.6
10.011452344926175, 653.7
10.011440319964002, 653.8000000000001
10.01142830762804, 653.9000000000001
10.011416307905032, 654.0
10.01140432078173, 654.1
10.011392346244909, 654.2
10.011380384281352, 654.3000000000001
10.011368434877857, 654.4000000000001
10.011356498021236, 654.5
10.011344573698313, 654.6
10.01133266189593, 654.7
10.011320762600938, 654.8000000000001
10.011308875800207, 654.9000000000001
10.011297001480617, 655.0
10.011285139629063, 655.1
10.011273290232452, 655.2
10.011261453277708, 655.3000000000001
10.011249628751766, 655.4000000000001
10.011237816641577, 655.5
10.011226016934103, 655.6
10.011214229616321, 655.7
10.011202454675225, 655.8000000000001
10.011190692097815, 655.9000000000001
10.011178941871112, 656.0
10.011167203982147, 656.1
10.011155478417965, 656.2
10.011143765165626, 656.3000000000001
10.011132064212202, 656.4000000000001
10.01112037554478, 656.5
10.011108699150457, 656.6
10.011097035016348, 656.7
10.011085383129581, 656.8000000000001
10.011073743477295, 656.9000000000001
10.011062116046645, 657.0
10.011050500824796, 657.1
10.01103889779893, 657.2
10.01102730695624, 657.3000000000001
10.011015728283937, 657.4000000000001
10.011004161769238, 657.5
10.01099260739938, 657.6
10.01098106516161, 657.7
10.010969535043191, 657.8000000000001
10.010958017031395, 657.9000000000001
10.010946511113513, 658.0
10.010935017276843, 658.1
10.010923535508702, 658.2
10.010912065796418, 658.3000000000001
10.010900608127333, 658.4000000000001
10.0108891624888, 658.5
10.010877728868186, 658.6
10.010866307252874, 658.7
10.010854897630258, 658.8000000000001
10.010843499987747, 658.9000000000001
10.010832114312759, 659.0
10.010820740592731, 659.1
10.01080937881511, 659.2
10.010798028967352, 659.3000000000001
10.010786691036937, 659.4000000000001
10.010775365011348, 659.5
10.010764050878086, 659.6
10.010752748624665, 659.7
10.01074145823861, 659.8000000000001
10.010730179707458, 659.9000000000001
10.010718913018765, 660.0
10.010707658160095, 660.1
10.010696415119027, 660.2
10.010685183883151, 660.3000000000001
10.010673964440073, 660.4000000000001
10.01066275677741, 660.5
10.010651560882794, 660.6
10.010640376743867, 660.7
10.010629204348286, 660.8000000000001
10.01061804368372, 660.9000000000001
10.010606894737853, 661.0
10.010595757498377, 661.1
10.010584631953003, 661.2
10.010573518089453, 661.3000000000001
10.010562415895459, 661.4000000000001
10.010551325358769, 661.5
10.010540246467142, 661.6
10.010529179208351, 661.7
10.010518123570183, 661.8000000000001
10.010507079540433, 661.9000000000001
10.010496047106916, 662.0
10.010485026257454, 662.1
10.010474016979884, 662.2
10.010463019262055, 662.3000000000001
10.010452033091829, 662.4000000000001
10.010441058457083, 662.5
10.010430095345702, 662.6
10.01041914374559, 662.7
10.010408203644657, 662.8000000000001
10.01039727503083, 662.9000000000001
10.010386357892047, 663.0
10.01037545221626, 663.1
10.010364557991434, 663.2
10.010353675205543, 663.3000000000001
10.010342803846578, 663.4000000000001
10.010331943902539, 663.5
10.01032109536144, 663.6
10.01031025821131, 663.7
10.010299432440188, 663.8000000000001
10.010288618036126, 663.9000000000001
10.01027781498719, 664.0
10.010267023281452, 664.1
10.010256242907007, 664.2
10.010245473851954, 664.3000000000001
10.01023471610441, 664.4000000000001
10.0102239696525, 664.5
10.010213234484365, 664.6
10.010202510588156, 664.7
10.01019179795204, 664.8000000000001
10.01018109656419, 664.9000000000001
10.010170406412799, 665.0
10.010159727486066, 665.1
10.010149059772205, 665.2
10.010138403259445, 665.3000000000001
10.010127757936022, 665.4000000000001
10.01011712379019, 665.5
10.01010650081021, 665.6
10.01009588898436, 665.7
10.010085288300926, 665.8000000000001
10.01007469874821, 665.9000000000001
10.010064120314524, 666.0
10.010053552988195, 666.1
10.010042996757557, 666.2
10.010032451610961, 666.3000000000001
10.01002191753677, 666.4000000000001
10.010011394523357, 666.5
10.010000882559106, 666.6
10.00999038163242, 666.7
10.009979891731707, 666.8000000000001
10.009969412845388, 666.9000000000001
10.0099589449619, 667.0
10.00994848806969, 667.1
10.009938042157216, 667.2
10.009927607212951, 667.3000000000001
10.009917183225378, 667.4000000000001
10.00990677018299, 667.5
10.009896368074298, 667.6
10.00988597688782, 667.7
10.009875596612087, 667.8000000000001
10.009865227235645, 667.9000000000001
10.009854868747048, 668.0
10.009844521134864, 668.1
10.009834184387673, 668.2
10.009823858494066, 668.3000000000001
10.009813543442647, 668.4000000000001
10.009803239222032, 668.5
10.009792945820848, 668.6
10.009782663227737, 668.7
10.009772391431348, 668.8000000000001
10.009762130420345, 668.9000000000001
10.009751880183403, 669.0
10.00974164070921, 669.1
10.009731411986465, 669.2
10.009721194003879, 669.3000000000001
10.009710986750175, 669.4000000000001
10.009700790214087, 669.5
10.009690604384362, 669.6
10.009680429249759, 669.7
10.009670264799047, 669.8000000000001
10.009660111021008, 669.9000000000001
10.009649967904435, 670.0
10.009639835438136, 670.1
10.009629713610927, 670.2
10.009619602411636, 670.3000000000001
10.009609501829104, 670.4000000000001
10.009599411852184, 670.5
10.009589332469739, 670.6
10.009579263670645, 670.7
10.00956920544379, 670.8000000000001
10.009559157778074, 670.9000000000001
10.009549120662408, 671.0
10.009539094085712, 671.1
10.009529078036921, 671.2
10.009519072504983, 671.3000000000001
10.009509077478853, 671.4000000000001
10.0094990929475, 671.5
10.009489118899905, 671.6
10.00947915532506, 671.7
10.00946920221197, 671.8000000000001
10.009459259549647, 671.9000000000001
10.00944932732712, 672.0
10.009439405533426, 672.1
10.009429494157615, 672.2
10.009419593188749, 672.3000000000001
10.009409702615901, 672.4000000000001
10.009399822428154, 672.5
10.009389952614605, 672.6
10.00938009316436, 672.7
10.009370244066538, 672.8000000000001
10.009360405310268, 672.9000000000001
10.009350576884692, 673.0
10.009340758778963, 673.1
10.009330950982244, 673.2
10.009321153483713, 673.3000000000001
10.009311366272556, 673.4000000000001
10.00930158933797, 673.5
10.009291822669164, 673.6
10.009282066255361, 673.7
10.009272320085794, 673.8000000000001
10.009262584149704, 673.9000000000001
10.009252858436348, 674.0
10.00924314293499, 674.1
10.009233437634908, 674.2
10.009223742525391, 674.3000000000001
10.00921405759574, 674.4000000000001
10.009204382835264, 674.5
10.009194718233287, 674.6
10.009185063779142, 674.7
10.009175419462174, 674.8000000000001
10.009165785271739, 674.9000000000001
10.009156161197204, 675.0
10.009146547227948, 675.1
10.009136943353358, 675.2
10.009127349562837, 675.3000000000001
10.009117765845795, 675.4000000000001
10.009108192191658, 675.5
10.009098628589856, 675.6
10.009089075029836, 675.7
10.009079531501055, 675.8000000000001
10.00906999799298, 675.9000000000001
10.009060474495087, 676.0
10.009050960996866, 676.1
10.00904145748782, 676.2
10.009031963957458, 676.3000000000001
10.009022480395302, 676.4000000000001
10.009013006790887, 676.5
10.009003543133757, 676.6
10.008994089413466, 676.7
10.008984645619583, 676.8000000000001
10.008975211741681, 676.9000000000001
10.008965787769352, 677.0
10.008956373692195, 677.1
10.008946969499819, 677.2
10.008937575181845, 677.3000000000001
10.008928190727904, 677.4000000000001
10.00891881612764, 677.5
10.008909451370705, 677.6
10.008900096446766, 677.7
10.008890751345497, 677.8000000000001
10.008881416056584, 677.9000000000001
10.008872090569724, 678.0
10.008862774874626, 678.1
10.008853468961007, 678.2
10.008844172818598, 678.3000000000001
10.008834886437139, 678.4000000000001
10.00882560980638, 678.5
10.008816342916083, 678.6
10.00880708575602, 678.7
10.008797838315976, 678.8000000000001
10.008788600585744, 678.9000000000001
10.008779372555129, 679.0
10.008770154213945, 679.1
10.00876094555202, 679.2
10.00875174655919, 679.3000000000001
10.008742557225302, 679.4000000000001
10.008733377540215, 679.5
10.008724207493799, 679.6
10.008715047075931, 679.7
10.008705896276501, 679.8000000000001
10.00869675508541, 679.9000000000001
10.00868762349257, 680.0
10.008678501487902, 680.1
10.008669389061339, 680.2
10.008660286202824, 680.3000000000001
10.008651192902311, 680.4000000000001
10.008642109149765, 680.5
10.008633034935158, 680.6
10.008623970248477, 680.7
10.008614915079717, 680.8000000000001
10.008605869418883, 680.9000000000001
10.008596833255993, 681.0
10.008587806581074, 681.1
10.008578789384163, 681.2
10.00856978165531, 681.3000000000001
10.008560783384572, 681.4000000000001
10.008551794562019, 681.5
10.008542815177728, 681.6
10.008533845221791, 681.7
10.008524884684308, 681.8000000000001
10.008515933555389, 681.9000000000001
10.008506991825156, 682.0
10.00849805948374, 682.1
10.008489136521282, 682.2
10.008480222927934, 682.3000000000001
10.00847131869386, 682.4000000000001
10.008462423809233, 682.5
10.008453538264233, 682.6
10.008444662049055, 682.7
10.008435795153902, 682.8000000000001
10.008426937568991, 682.9000000000001
10.008418089284543, 683.0
10.008409250290795, 683.1
10.00840042057799, 683.2
10.008391600136383, 683.3000000000001
10.00838278895624, 683.4000000000001
10.008373987027836, 683.5
10.008365194341456, 683.6
10.008356410887398, 683.7
10.008347636655966, 683.8000000000001
10.008338871637477, 683.9000000000001
10.008330115822258, 684.0
10.008321369200644, 684.1
10.008312631762983, 684.2
10.008303903499632, 684.3000000000001
10.008295184400957, 684.4000000000001
10.008286474457336, 684.5
10.008277773659156, 684.6
10.008269081996813, 684.7
10.008260399460717, 684.8000000000001
10.008251726041284, 684.9000000000001
10.00824306172894, 685.0
10.008234406514125, 685.1
10.008225760387285, 685.2
10.008217123338879, 685.3000000000001
10.008208495359373, 685.4000000000001
10.008199876439246, 685.5
10.008191266568984, 685.6
10.008182665739087, 685.7
10.00817407394006, 685.8000000000001
10.008165491162423, 685.9000000000001
10.008156917396702, 686.0
10.008148352633436, 686.1
10.008139796863171, 686.2
10.008131250076465, 686.3000000000001
10.008122712263885, 686.4000000000001
10.008114183416009, 686.5
10.008105663523422, 686.6
10.008097152576722, 686.7
10.008088650566517, 686.8000000000001
10.008080157483422, 686.9000000000001
10.008071673318064, 687.0
10.00806319806108, 687.1
10.008054731703115, 687.2
10.008046274234827, 687.3000000000001
10.00803782564688, 687.4000000000001
10.008029385929952, 687.5
10.008020955074725, 687.6
10.008012533071897, 687.7
10.00800411991217, 687.8000000000001
10.007995715586263, 687.9000000000001
10.007987320084897, 688.0
10.007978933398809, 688.1
10.00797055551874, 688.2
10.007962186435446, 688.3000000000001
10.007953826139689, 688.4000000000001
10.007945474622241, 688.5
10.007937131873888, 688.6
10.00792879788542, 688.7
10.00792047264764, 688.8000000000001
10.007912156151361, 688.9000000000001
10.007903848387402, 689.0
10.007895549346594, 689.1
10.00788725901978, 689.2
10.007878977397809, 689.3000000000001
10.007870704471541, 689.4000000000001
10.007862440231847, 689.5
10.007854184669604, 689.6
10.0078459377757, 689.7
10.007837699541035, 689.8000000000001
10.007829469956517, 689.9000000000001
10.007821249013062, 690.0
10.007813036701599, 690.1
10.007804833013061, 690.2
10.007796637938398, 690.3000000000001
10.007788451468564, 690.4000000000001
10.007780273594522, 690.5
10.007772104307247, 690.6
10.007763943597723, 690.7
10.007755791456946, 690.8000000000001
10.007747647875917, 690.9000000000001
10.007739512845648, 691.0
10.00773138635716, 691.1
10.007723268401485, 691.2
10.007715158969663, 691.3000000000001
10.007707058052745, 691.4000000000001
10.00769896564179, 691.5
10.007690881727866, 691.6
10.007682806302052, 691.7
10.007674739355435, 691.8000000000001
10.007666680879112, 691.9000000000001
10.007658630864189, 692.0
10.00765058930178, 692.1
10.007642556183013, 692.2
10.00763453149902, 692.3000000000001
10.007626515240947, 692.4000000000001
10.007618507399943, 692.5
10.007610507967174, 692.6
10.007602516933808, 692.7
10.007594534291028, 692.8000000000001
10.007586560030022, 692.9000000000001
10.007578594141991, 693.0
10.007570636618143, 693.1
10.007562687449694, 693.2
10.007554746627871, 693.3000000000001
10.007546814143913, 693.4000000000001
10.007538889989062, 693.5
10.007530974154573, 693.6
10.00752306663171, 693.7
10.007515167411748, 693.8000000000001
10.007507276485965, 693.9000000000001
10.007499393845656, 694.0
10.007491519482118, 694.1
10.007483653386661, 694.2
10.007475795550604, 694.3000000000001
10.007467945965276, 694.4000000000001
10.007460104622012, 694.5
10.00745227151216, 694.6
10.007444446627071, 694.7
10.007436629958113, 694.8000000000001
10.007428821496656, 694.9000000000001
10.007421021234086, 695.0
10.00741322916179, 695.1
10.00740544527117, 695.2
10.007397669553635, 695.3000000000001
10.007389902000604, 695.4000000000001
10.007382142603504, 695.5
10.00737439135377, 695.6
10.007366648242847, 695.7
10.007358913262193, 695.8000000000001
10.007351186403268, 695.9000000000001
10.007343467657545, 696.0
10.007335757016504, 696.1
10.007328054471637, 696.2
10.007320360014441, 696.3000000000001
10.007312673636426, 696.4000000000001
10.007304995329108, 696.5
10.007297325084012, 696.6
10.007289662892674, 696.7
10.007282008746637, 696.8000000000001
10.007274362637453, 696.9000000000001
10.007266724556684, 697.0
10.0072590944959, 697.1
10.00725147244668, 697.2
10.00724385840061, 697.3000000000001
10.007236252349289, 697.4000000000001
10.007228654284322, 697.5
10.007221064197324, 697.6
10.007213482079917, 697.7
10.007205907923733, 697.8000000000001
10.007198341720413, 697.9000000000001
10.007190783461606, 698.0
10.00718323313897, 698.1
10.007175690744175, 698.2
10.007168156268893, 698.3000000000001
10.00716062970481, 698.4000000000001
10.00715311104362, 698.5
10.007145600277024, 698.6
10.007138097396734, 698.7
10.007130602394467, 698.8000000000001
10.007123115261953, 698.9000000000001
10.007115635990928, 699.0
10.007108164573138, 699.1
10.007100701000336, 699.2
10.007093245264286, 699.3000000000001
10.007085797356758, 699.4000000000001
10.007078357269533, 699.5
10.0070709249944, 699.6
10.007063500523156, 699.7
10.007056083847607, 699.8000000000001
10.007048674959567, 699.9000000000001
10.00704127385086, 700.0
10.007033880513315, 700.1
10.007026494938776, 700.2
10.007019117119091, 700.3000000000001
10.007011747046116, 700.4000000000001
10.007004384711717, 700.5
10.006997030107769, 700.6
10.006989683226156, 700.7
10.006982344058768, 700.8000000000001
10.006975012597506, 700.9000000000001
10.006967688834278, 701.0
10.006960372761002, 701.1
10.006953064369602, 701.2
10.006945763652014, 701.3000000000001
10.00693847060018, 701.4000000000001
10.00693118520605, 701.5
10.006923907461584, 701.6
10.00691663735875, 701.7
10.006909374889522, 701.8000000000001
10.006902120045888, 701.9000000000001
10.00689487281984, 702.0
10.00688763320338, 702.1
10.006880401188516, 702.2
10.006873176767268, 702.3000000000001
10.006865959931663, 702.4000000000001
10.006858750673734, 702.5
10.006851548985527, 702.6
10.006844354859092, 702.7
10.00683716828649, 702.8000000000001
10.006829989259789, 702.9000000000001
10.006822817771067, 703.0
10.006815653812406, 703.1
10.006808497375903, 703.2
10.006801348453658, 703.3000000000001
10.006794207037782, 703.4000000000001
10.006787073120393, 703.5
10.006779946693616, 703.6
10.006772827749588, 703.7
10.006765716280452, 703.8000000000001
10.006758612278357, 703.9000000000001
10.006751515735465, 704.0
10.006744426643943, 704.1
10.006737344995967, 704.2
10.006730270783722, 704.3000000000001
10.0067232039994, 704.4000000000001
10.0067161446352, 704.5
10.006709092683334, 704.6
10.006702048136017, 704.7
10.006695010985474, 704.8000000000001
10.006687981223939, 704.9000000000001
10.006680958843654, 705.0
10.00667394383687, 705.1
10.00666693619584, 705.2
10.006659935912834, 705.3000000000001
10.006652942980125, 705.4000000000001
10.006645957389996, 705.5
10.006638979134737, 705.6
10.006632008206646, 705.7
10.006625044598028, 705.8000000000001
10.0066180883012, 705.9000000000001
10.006611139308484, 706.0
10.00660419761221, 706.1
10.006597263204718, 706.2
10.006590336078354, 706.3000000000001
10.006583416225471, 706.4000000000001
10.006576503638435, 706.5
10.006569598309614, 706.6
10.006562700231388, 706.7
10.006555809396145, 706.8000000000001
10.00654892579628, 706.9000000000001
10.006542049424192, 707.0
10.006535180272296, 707.1
10.006528318333011, 707.2
10.00652146359876, 707.3000000000001
10.006514616061981, 707.4000000000001
10.006507775715116, 707.5
10.006500942550616, 707.6
10.006494116560939, 707.7
10.00648729773855, 707.8000000000001
10.006480486075924, 707.9000000000001
10.006473681565545, 708.0
10.0064668841999, 708.1
10.00646009397149, 708.2
10.006453310872821, 708.3000000000001
10.006446534896405, 708.4000000000001
10.006439766034763, 708.5
10.006433004280426, 708.6
10.006426249625932, 708.7
10.006419502063824, 708.8000000000001
10.006412761586658, 708.9000000000001
10.006406028186992, 709.0
10.006399301857396, 709.1
10.006392582590445, 709.2
10.006385870378725, 709.3000000000001
10.006379165214828, 709.4000000000001
10.006372467091351, 709.5
10.006365776000905, 709.6
10.006359091936105, 709.7
10.006352414889571, 709.8000000000001
10.006345744853936, 709.9000000000001
10.00633908182184, 710.0
10.006332425785928, 710.1
10.006325776738853, 710.2
10.006319134673276, 710.3000000000001
10.00631249958187, 710.4000000000001
10.00630587145731, 710.5
10.00629925029228, 710.6
10.006292636079472, 710.7
10.006286028811589, 710.8000000000001
10.006279428481337, 710.9000000000001
10.00627283508143, 711.0
10.006266248604595, 711.1
10.00625966904356, 711.2
10.006253096391065, 711.3000000000001
10.006246530639855, 711.4000000000001
10.006239971782684, 711.5
10.006233419812311, 711.6
10.006226874721508, 711.7
10.00622033650305, 711.8000000000001
10.006213805149722, 711.9000000000001
10.006207280654314, 712.0
10.006200763009627, 712.1
10.006194252208466, 712.2
10.006187748243647, 712.3000000000001
10.006181251107991, 712.4000000000001
10.006174760794329, 712.5
10.006168277295494, 712.6
10.006161800604334, 712.7
10.0061553307137, 712.8000000000001
10.006148867616451, 712.9000000000001
10.006142411305454, 713.0
10.006135961773584, 713.1
10.006129519013722, 713.2
10.006123083018759, 713.3000000000001
10.00611665378159, 713.4000000000001
10.006110231295118, 713.5
10.006103815552258, 713.6
10.006097406545928, 713.7
10.006091004269054, 713.8000000000001
10.006084608714572, 713.9000000000001
10.006078219875421, 714.0
10.006071837744551, 714.1
10.00606546231492, 714.2
10.00605909357949, 714.3000000000001
10.00605273153123, 714.4000000000001
10.006046376163123, 714.5
10.006040027468153, 714.6
10.006033685439311, 714.7
10.0060273500696, 714.8000000000001
10.006021021352026, 714.9000000000001
10.006014699279607, 715.0
10.006008383845364, 715.1
10.006002075042327, 715.2
10.005995772863532, 715.3000000000001
10.005989477302025, 715.4000000000001
10.005983188350857, 715.5
10.005976906003088, 715.6
10.005970630251785, 715.7
10.00596436109002, 715.8000000000001
10.005958098510876, 715.9000000000001
10.00595184250744, 716.0
10.005945593072807, 716.1
10.00593935020008, 716.2
10.00593311388237, 716.3000000000001
10.005926884112794, 716.4000000000001
10.005920660884476, 716.5
10.005914444190546, 716.6
10.005908234024146, 716.7
10.00590203037842, 716.8000000000001
10.005895833246523, 716.9000000000001
10.005889642621614, 717.0
10.005883458496863, 717.1
10.005877280865441, 717.2
10.005871109720532, 717.3000000000001
10.005864945055325, 717.4000000000001
10.005858786863017, 717.5
10.005852635136812, 717.6
10.005846489869917, 717.7
10.005840351055554, 717.8000000000001
10.005834218686946, 717.9000000000001
10.005828092757325, 718.0
10.005821973259929, 718.1
10.005815860188006, 718.2
10.005809753534809, 718.3000000000001
10.005803653293597, 718.4000000000001
10.005797559457639, 718.5
10.005791472020208, 718.6
10.005785390974587, 718.7
10.005779316314063, 718.8000000000001
10.005773248031934, 718.9000000000001
10.005767186121501, 719.0
10.005761130576074, 719.1
10.005755081388969, 719.2
10.00574903855351, 719.3000000000001
10.00574300206303, 719.4000000000001
10.005736971910864, 719.5
10.005730948090356, 719.6
10.00572493059486, 719.7
10.005718919417737, 719.8000000000001
10.005712914552348, 719.9000000000001
10.005706915992068, 720.0
10.005700923730275, 720.1
10.005694937760358, 720.2
10.00568895807571, 720.3000000000001
10.00568298466973, 720.4000000000001
10.005677017535827, 720.5
10.005671056667415, 720.6
10.005665102057915, 720.7
10.005659153700753, 720.8000000000001
10.005653211589367, 720.9000000000001
10.005647275717198, 721.0
10.005641346077695, 721.1
10.005635422664314, 721.2
10.005629505470516, 721.3000000000001
10.005623594489771, 721.4000000000001
10.005617689715557, 721.5
10.005611791141355, 721.6
10.005605898760656, 721.7
10.005600012566957, 721.8000000000001
10.005594132553762, 721.9000000000001
10.00558825871458, 722.0
10.00558239104293, 722.1
10.005576529532336, 722.2
10.005570674176326, 722.3000000000001
10.005564824968442, 722.4000000000001
10.005558981902224, 722.5
10.005553144971227, 722.6
10.005547314169007, 722.7
10.00554148948913, 722.8000000000001
10.005535670925166, 722.9000000000001
10.005529858470695, 723.0
10.0055240521193, 723.1
10.005518251864576, 723.2
10.005512457700117, 723.3000000000001
10.005506669619532, 723.4000000000001
10.005500887616432, 723.5
10.005495111684434, 723.6
10.005489341817166, 723.7
10.005483578008258, 723.8000000000001
10.005477820251349, 723.9000000000001
10.005472068540085, 724.0
10.005466322868118, 724.1
10.005460583229107, 724.2
10.005454849616717, 724.3000000000001
10.005449122024618, 724.4000000000001
10.005443400446493, 724.5
10.005437684876025, 724.6
10.005431975306905, 724.7
10.005426271732833, 724.8000000000001
10.005420574147514, 724.9000000000001
10.00541488254466, 725.0
10.005409196917988, 725.1
10.005403517261223, 725.2
10.0053978435681, 725.3000000000001
10.005392175832354, 725.4000000000001
10.00538651404773, 725.5
10.00538085820798, 725.6
10.005375208306862, 725.7
10.00536956433814, 725.8000000000001
10.005363926295585, 725.9000000000001
10.005358294172975, 726.0
10.005352667964093, 726.1
10.005347047662731, 726.2
10.005341433262686, 726.3000000000001
10.00533582475776, 726.4000000000001
10.005330222141763, 726.5
10.005324625408514, 726.6
10.005319034551835, 726.7
10.005313449565556, 726.8000000000001
10.005307870443511, 726.9000000000001
10.005302297179545, 727.0
10.005296729767506, 727.1
10.00529116820125, 727.2
10.005285612474639, 727.3000000000001
10.00528006258154, 727.4000000000001
10.00527451851583, 727.5
10.005268980271389, 727.6
10.005263447842104, 727.7
10.00525792122187, 727.8000000000001
10.005252400404588, 727.9000000000001
10.005246885384164, 728.0
10.00524137615451, 728.1
10.005235872709548, 728.2
10.005230375043203, 728.3000000000001
10.005224883149408, 728.4000000000001
10.0052193970221, 728.5
10.005213916655228, 728.6
10.00520844204274, 728.7
10.005202973178594, 728.8000000000001
10.005197510056757, 728.9000000000001
10.005192052671196, 729.0
10.005186601015891, 729.1
10.005181155084825, 729.2
10.005175714871987, 729.3000000000001
10.005170280371372, 729.4000000000001
10.005164851576982, 729.5
10.005159428482827, 729.6
10.00515401108292, 729.7
10.005148599371283, 729.8000000000001
10.005143193341944, 729.9000000000001
10.005137792988934, 730.0
10.005132398306296, 730.1
10.005127009288074, 730.2
10.005121625928322, 730.3000000000001
10.005116248221096, 730.4000000000001
10.005110876160463, 730.5
10.005105509740496, 730.6
10.005100148955268, 730.7
10.005094793798865, 730.8000000000001
10.005089444265376, 730.9000000000001
10.005084100348897, 731.0
10.005078762043532, 731.1
10.005073429343385, 731.2
10.005068102242575, 731.3000000000001
10.005062780735221, 731.4000000000001
10.005057464815449, 731.5
10.005052154477394, 731.6
10.005046849715193, 731.7
10.005041550522991, 731.8000000000001
10.005036256894941, 731.9000000000001
10.005030968825201, 732.0
10.005025686307935, 732.1
10.00502040933731, 732.2
10.005015137907506, 732.3000000000001
10.005009872012703, 732.4000000000001
10.00500461164709, 732.5
10.004999356804861, 732.6
10.004994107480217, 732.7
10.004988863667363, 732.8000000000001
10.004983625360511, 732.9000000000001
10.004978392553882, 733.0
10.0049731652417, 733.1
10.004967943418198, 733.2
10.004962727077608, 733.3000000000001
10.004957516214176, 733.4000000000001
10.004952310822151, 733.5
10.004947110895788, 733.6
10.004941916429347, 733.7
10.004936727417096, 733.8000000000001
10.004931543853308, 733.9000000000001
10.004926365732262, 734.0
10.004921193048244, 734.1
10.004916025795543, 734.2
10.004910863968458, 734.3000000000001
10.004905707561292, 734.4000000000001
10.004900556568353, 734.5
10.004895410983957, 734.6
10.004890270802424, 734.7
10.004885136018082, 734.8000000000001
10.004880006625262, 734.9000000000001
10.004874882618305, 735.0
10.004869763991556, 735.1
10.004864650739364, 735.2
10.004859542856089, 735.3000000000001
10.00485444033609, 735.4000000000001
10.004849343173737, 735.5
10.004844251363405, 735.6
10.004839164899474, 735.7
10.00483408377633, 735.8000000000001
10.004829007988365, 735.9000000000001
10.004823937529977, 736.0
10.004818872395571, 736.1
10.004813812579556, 736.2
10.004808758076347, 736.3000000000001
10.004803708880367, 736.4000000000001
10.004798664986042, 736.5
10.004793626387807, 736.6
10.0047885930801, 736.7
10.004783565057366, 736.8000000000001
10.004778542314055, 736.9000000000001
10.004773524844625, 737.0
10.004768512643539, 737.1
10.004763505705263, 737.2
10.004758504024272, 737.3000000000001
10.004753507595046, 737.4000000000001
10.004748516412072, 737.5
10.004743530469838, 737.6
10.004738549762845, 737.7
10.004733574285593, 737.8000000000001
10.004728604032593, 737.9000000000001
10.004723638998358, 738.0
10.00471867917741, 738.1
10.004713724564274, 738.2
10.004708775153482, 738.3000000000001
10.00470383093957, 738.4000000000001
10.004698891917084, 738.5
10.004693958080571, 738.6
10.004689029424586, 738.7
10.00468410594369, 738.8000000000001
10.00467918763245, 738.9000000000001
10.004674274485435, 739.0
10.004669366497225, 739.1
10.004664463662403, 739.2
10.004659565975556, 739.3000000000001
10.004654673431283, 739.4000000000001
10.00464978602418, 739.5
10.004644903748854, 739.6
10.004640026599917, 739.7
10.004635154571988, 739.8000000000001
10.004630287659687, 739.9000000000001
10.004625425857645, 740.0
10.004620569160494, 740.1
10.004615717562876, 740.2
10.004610871059436, 740.3000000000001
10.004606029644822, 740.4000000000001
10.004601193313695, 740.5
10.004596362060715, 740.6
10.004591535880552, 740.7
10.004586714767877, 740.8000000000001
10.00458189871737, 740.9000000000001
10.004577087723717, 741.0
10.004572281781607, 741.1
10.004567480885736, 741.2
10.004562685030807, 741.3000000000001
10.004557894211525, 741.4000000000001
10.004553108422602, 741.5
10.004548327658759, 741.6
10.004543551914717, 741.7
10.004538781185206, 741.8000000000001
10.00453401546496, 741.9000000000001
10.004529254748721, 742.0
10.004524499031236, 742.1
10.004519748307253, 742.2
10.00451500257153, 742.3000000000001
10.00451026181883, 742.4000000000001
10.00450552604392, 742.5
10.004500795241574, 742.6
10.00449606940657, 742.7
10.004491348533694, 742.8000000000001
10.004486632617734, 742.9000000000001
10.004481921653486, 743.0
10.00447721563575, 743.1
10.004472514559334, 743.2
10.004467818419046, 743.3000000000001
10.004463127209707, 743.4000000000001
10.004458440926136, 743.5
10.004453759563164, 743.6
10.004449083115622, 743.7
10.004444411578351, 743.8000000000001
10.004439744946193, 743.9000000000001
10.004435083214, 744.0
10.004430426376626, 744.1
10.004425774428931, 744.2
10.00442112736578, 744.3000000000001
10.004416485182047, 744.4000000000001
10.004411847872605, 744.5
10.00440721543234, 744.6
10.004402587856136, 744.7
10.004397965138887, 744.8000000000001
10.00439334727549, 744.9000000000001
10.004388734260852, 745.0
10.004384126089878, 745.1
10.004379522757484, 745.2
10.004374924258588, 745.3000000000001
10.004370330588117, 745.4000000000001
10.004365741741, 745.5
10.004361157712172, 745.6
10.004356578496575, 745.7
10.004352004089153, 745.8000000000001
10.00434743448486, 745.9000000000001
10.00434286967865, 746.0
10.004338309665489, 746.1
10.00433375444034, 746.2
10.004329203998179, 746.3000000000001
10.00432465833398, 746.4000000000001
10.00432011744273, 746.5
10.004315581319414, 746.6
10.004311049959028, 746.7
10.004306523356572, 746.8000000000001
10.004302001507048, 746.9000000000001
10.004297484405466, 747.0
10.00429297204684, 747.1
10.004288464426192, 747.2
10.004283961538546, 747.3000000000001
10.00427946337893, 747.4000000000001
10.004274969942383, 747.5
10.004270481223944, 747.6
10.00426599721866, 747.7
10.00426151792158, 747.8000000000001
10.004257043327764, 747.9000000000001
10.00425257343227, 748.0
10.004248108230167, 748.1
10.004243647716525, 748.2
10.004239191886422, 748.3000000000001
10.00423474073494, 748.4000000000001
10.00423029425717, 748.5
10.004225852448199, 748.6
10.004221415303128, 748.7
10.00421698281706, 748.8000000000001
10.004212554985102, 748.9000000000001
10.004208131802368, 749.0
10.004203713263976, 749.1
10.00419929936505, 749.2
10.004194890100717, 749.3000000000001
10.004190485466111, 749.4000000000001
10.004186085456372, 749.5
10.004181690066643, 749.6
10.004177299292072, 749.7
10.004172913127816, 749.8000000000001
10.004168531569032, 749.9000000000001
10.004164154610885, 750.0
10.004159782248545, 750.1
10.004155414477184, 750.2
10.004151051291982, 750.3000000000001
10.004146692688126, 750.4000000000001
10.004142338660804, 750.5
10.00413798920521, 750.6
10.004133644316545, 750.7
10.004129303990013, 750.8000000000001
10.004124968220824, 750.9000000000001
10.004120637004192, 751.0
10.004116310335338, 751.1
10.004111988209486, 751.2
10.004107670621865, 751.3000000000001
10.004103357567711, 751.4000000000001
10.004099049042265, 751.5
10.00409474504077, 751.6
10.004090445558479, 751.7
10.004086150590643, 751.8000000000001
10.004081860132523, 751.9000000000001
10.004077574179384, 752.0
10.004073292726495, 752.1
10.004069015769133, 752.2
10.004064743302575, 752.3000000000001
10.004060475322108, 752.4000000000001
10.00405621182302, 752.5
10.004051952800605, 752.6
10.004047698250165, 752.7
10.004043448167003, 752.8000000000001
10.004039202546428, 752.9000000000001
10.004034961383754, 753.0
10.004030724674301, 753.1
10.004026492413393, 753.2
10.00402226459636, 753.3000000000001
10.004018041218533, 753.4000000000001
10.004013822275253, 753.5
10.004009607761864, 753.6
10.004005397673714, 753.7
10.004001192006156, 753.8000000000001
10.00399699075455, 753.9000000000001
10.003992793914257, 754.0
10.003988601480648, 754.1
10.003984413449093, 754.2
10.003980229814971, 754.3000000000001
10.003976050573666, 754.4000000000001
10.003971875720563, 754.5
10.003967705251057, 754.6
10.003963539160543, 754.7
10.003959377444424, 754.8000000000001
10.003955220098108, 754.9000000000001
10.003951067117004, 755.0
10.003946918496531, 755.1
10.00394277423211, 755.2
10.003938634319166, 755.3000000000001
10.00393449875313, 755.4000000000001
10.00393036752944, 755.5
10.003926240643533, 755.6
10.003922118090857, 755.7
10.003917999866863, 755.8000000000001
10.003913885967002, 755.9000000000001
10.003909776386736, 756.0
10.00390567112153, 756.1
10.003901570166851, 756.2
10.003897473518176, 756.3000000000001
10.003893381170982, 756.4000000000001
10.003889293120753, 756.5
10.003885209362977, 756.6
10.003881129893147, 756.7
10.00387705470676, 756.8000000000001
10.003872983799317, 756.9000000000001
10.003868917166328, 757.0
10.003864854803302, 757.1
10.003860796705759, 757.2
10.003856742869218, 757.3000000000001
10.003852693289204, 757.4000000000001
10.00384864796125, 757.5
10.003844606880891, 757.6
10.003840570043666, 757.7
10.00383653744512, 757.8000000000001
10.003832509080802, 757.9000000000001
10.003828484946267, 758.0
10.003824465037074, 758.1
10.003820449348785, 758.2
10.003816437876969, 758.3000000000001
10.003812430617199, 758.4000000000001
10.003808427565051, 758.5
10.003804428716109, 758.6
10.003800434065957, 758.7
10.003796443610188, 758.8000000000001
10.003792457344398, 758.9000000000001
10.003788475264185, 759.0
10.003784497365158, 759.1
10.003780523642925, 759.2
10.0037765540931, 759.3000000000001
10.003772588711303, 759.4000000000001
10.003768627493157, 759.5
10.00376467043429, 759.6
10.003760717530334, 759.7
10.003756768776928, 759.8000000000001
10.003752824169712, 759.9000000000001
10.003748883704334, 760.0
10.003744947376445, 760.1
10.0037410151817, 760.2
10.00373708711576, 760.3000000000001
10.003733163174287, 760.4000000000001
10.003729243352954, 760.5
10.003725327647434, 760.6
10.003721416053404, 760.7
10.003717508566547, 760.8000000000001
10.003713605182552, 760.9000000000001
10.00370970589711, 761.0
10.003705810705918, 761.1
10.003701919604678, 761.2
10.003698032589094, 761.3000000000001
10.003694149654876, 761.4000000000001
10.003690270797739, 761.5
10.003686396013402, 761.6
10.003682525297588, 761.7
10.003678658646026, 761.8000000000001
10.003674796054447, 761.9000000000001
10.00367093751859, 762.0
10.003667083034196, 762.1
10.003663232597011, 762.2
10.003659386202784, 762.3000000000001
10.003655543847271, 762.4000000000001
10.003651705526233, 762.5
10.00364787123543, 762.6
10.003644040970633, 762.7
10.003640214727614, 762.8000000000001
10.00363639250215, 762.9000000000001
10.003632574290023, 763.0
10.003628760087018, 763.1
10.003624949888927, 763.2
10.003621143691543, 763.3000000000001
10.003617341490667, 763.4000000000001
10.003613543282102, 763.5
10.003609749061656, 763.6
10.003605958825142, 763.7
10.003602172568376, 763.8000000000001
10.003598390287179, 763.9000000000001
10.003594611977377, 764.0
10.003590837634802, 764.1
10.003587067255285, 764.2
10.003583300834668, 764.3000000000001
10.003579538368792, 764.4000000000001
10.003575779853504, 764.5
10.003572025284658, 764.6
10.00356827465811, 764.7
10.003564527969719, 764.8000000000001
10.00356078521535, 764.9000000000001
10.003557046390874, 765.0
10.003553311492164, 765.1
10.003549580515097, 765.2
10.003545853455556, 765.3000000000001
10.003542130309427, 765.4000000000001
10.003538411072602, 765.5
10.003534695740976, 765.6
10.003530984310448, 765.7
10.003527276776921, 765.8000000000001
10.003523573136306, 765.9000000000001
10.003519873384512, 766.0
10.003516177517458, 766.1
10.003512485531065, 766.2
10.003508797421258, 766.3000000000001
10.003505113183966, 766.4000000000001
10.003501432815122, 766.5
10.003497756310667, 766.6
10.00349408366654, 766.7
10.00349041487869, 766.8000000000001
10.003486749943068, 766.9000000000001
10.003483088855628, 767.0
10.00347943161233, 767.1
10.003475778209138, 767.2
10.003472128642018, 767.3000000000001
10.003468482906944, 767.4000000000001
10.003464840999893, 767.5
10.003461202916844, 767.6
10.003457568653781, 767.7
10.003453938206695, 767.8000000000001
10.003450311571578, 767.9000000000001
10.003446688744429, 768.0
10.003443069721246, 768.1
10.00343945449804, 768.2
10.003435843070816, 768.3000000000001
10.003432235435591, 768.4000000000001
10.003428631588383, 768.5
10.003425031525214, 768.6
10.003421435242114, 768.7
10.003417842735109, 768.8000000000001
10.003414254000237, 768.9000000000001
10.003410669033537, 769.0
10.003407087831052, 769.1
10.003403510388829, 769.2
10.00339993670292, 769.3000000000001
10.003396366769381, 769.4000000000001
10.003392800584274, 769.5
10.003389238143662, 769.6
10.00338567944361, 769.7
10.003382124480195, 769.8000000000001
10.00337857324949, 769.9000000000001
10.003375025747578, 770.0
10.003371481970543, 770.1
10.003367941914474, 770.2
10.003364405575464, 770.3000000000001
10.00336087294961, 770.4000000000001
10.003357344033013, 770.5
10.003353818821779, 770.6
10.003350297312016, 770.7
10.003346779499838, 770.8000000000001
10.003343265381362, 770.9000000000001
10.003339754952712, 771.0
10.003336248210012, 771.1
10.003332745149391, 771.2
10.003329245766984, 771.3000000000001
10.003325750058929, 771.4000000000001
10.003322258021367, 771.5
10.003318769650445, 771.6
10.003315284942312, 771.7
10.003311803893123, 771.8000000000001
10.003308326499035, 771.9000000000001
10.00330485275621, 772.0
10.003301382660817, 772.1
10.003297916209023, 772.2
10.003294453397004, 772.3000000000001
10.003290994220936, 772.4000000000001
10.003287538677004, 772.5
10.003284086761393, 772.6
10.003280638470294, 772.7
10.0032771937999, 772.8000000000001
10.00327375274641, 772.9000000000001
10.003270315306025, 773.0
10.003266881474953, 773.1
10.003263451249405, 773.2
10.003260024625593, 773.3000000000001
10.003256601599736, 773.4000000000001
10.003253182168056, 773.5
10.00324976632678, 773.6
10.003246354072138, 773.7
10.003242945400363, 773.8000000000001
10.003239540307693, 773.9000000000001
10.003236138790369, 774.0
10.00323274084464, 774.1
10.003229346466753, 774.2
10.003225955652963, 774.3000000000001
10.003222568399528, 774.4000000000001
10.003219184702708, 774.5
10.00321580455877, 774.6
10.003212427963984, 774.7
10.003209054914622, 774.8000000000001
10.003205685406963, 774.9000000000001
10.003202319437285, 775.0
10.003198957001876, 775.1
10.003195598097024, 775.2
10.003192242719022, 775.3000000000001
10.003188890864168, 775.4000000000001
10.00318554252876, 775.5
10.003182197709105, 775.6
10.00317885640151, 775.7
10.003175518602289, 775.8000000000001
10.003172184307756, 775.9000000000001
10.003168853514232, 776.0
10.003165526218043, 776.1
10.003162202415513, 776.2
10.003158882102976, 776.3000000000001
10.003155565276769, 776.4000000000001
10.003152251933228, 776.5
10.003148942068698, 776.6
10.003145635679527, 776.7
10.003142332762064, 776.8000000000001
10.003139033312664, 776.9000000000001
10.003135737327685, 777.0
10.00313244480349, 777.1
10.003129155736447, 777.2
10.003125870122924, 777.3000000000001
10.003122587959295, 777.4000000000001
10.003119309241937, 777.5
10.003116033967233, 777.6
10.003112762131567, 777.7
10.003109493731328, 777.8000000000001
10.00310622876291, 777.9000000000001
10.00310296722271, 778.0
10.003099709107126, 778.1
10.003096454412564, 778.2
10.00309320313543, 778.3000000000001
10.003089955272138, 778.4000000000001
10.003086710819103, 778.5
10.003083469772744, 778.6
10.003080232129482, 778.7
10.003076997885746, 778.8000000000001
10.003073767037966, 778.9000000000001
10.003070539582577, 779.0
10.003067315516015, 779.1
10.003064094834723, 779.2
10.003060877535146, 779.3000000000001
10.003057663613735, 779.4000000000001
10.003054453066941, 779.5
10.003051245891221, 779.6
10.003048042083035, 779.7
10.003044841638848, 779.8000000000001
10.003041644555127, 779.9000000000001
10.003038450828344, 780.0
10.003035260454974, 780.1
10.003032073431497, 780.2
10.003028889754393, 780.3000000000001
10.003025709420152, 780.4000000000001
10.00302253242526, 780.5
10.003019358766215, 780.6
10.00301618843951, 780.7
10.003013021441648, 780.8000000000001
10.003009857769134, 780.9000000000001
10.003006697418478, 781.0
10.003003540386189, 781.1
10.003000386668782, 781.2
10.00299723626278, 781.3000000000001
10.002994089164705, 781.4000000000001
10.002990945371081, 781.5
10.002987804878442, 781.6
10.00298466768332, 781.7
10.002981533782252, 781.8000000000001
10.002978403171781, 781.9000000000001
10.002975275848451, 782.0
10.00297215180881, 782.1
10.002969031049412, 782.2
10.00296591356681, 782.3000000000001
10.002962799357563, 782.4000000000001
10.002959688418239, 782.5
10.0029565807454, 782.6
10.002953476335616, 782.7
10.002950375185463, 782.8000000000001
10.002947277291518, 782.9000000000001
10.002944182650362, 783.0
10.00294109125858, 783.1
10.002938003112758, 783.2
10.00293491820949, 783.3000000000001
10.00293183654537, 783.4000000000001
10.002928758116997, 783.5
10.002925682920974, 783.6
10.002922610953908, 783.7
10.002919542212407, 783.8000000000001
10.002916476693084, 783.9000000000001
10.002913414392557, 784.0
10.002910355307446, 784.1
10.002907299434373, 784.2
10.002904246769967, 784.3000000000001
10.002901197310859, 784.4000000000001
10.002898151053682, 784.5
10.002895107995075, 784.6
10.002892068131679, 784.7
10.00288903146014, 784.8000000000001
10.002885997977108, 784.9000000000001
10.002882967679232, 785.0
10.002879940563169, 785.1
10.002876916625578, 785.2
10.002873895863122, 785.3000000000001
10.002870878272466, 785.4000000000001
10.00286786385028, 785.5
10.002864852593238, 785.6
10.002861844498014, 785.7
10.002858839561291, 785.8000000000001
10.002855837779752, 785.9000000000001
10.002852839150083, 786.0
10.002849843668976, 786.1
10.002846851333123, 786.2
10.002843862139223, 786.3000000000001
10.002840876083976, 786.4000000000001
10.002837893164088, 786.5
10.002834913376265, 786.6
10.00283193671722, 786.7
10.002828963183667, 786.8000000000001
10.002825992772324, 786.9000000000001
10.002823025479913, 787.0
10.002820061303158, 787.1
10.00281710023879, 787.2
10.002814142283539, 787.3000000000001
10.00281118743414, 787.4000000000001
10.002808235687334, 787.5
10.002805287039862, 787.6
10.00280234148847, 787.7
10.002799399029907, 787.8000000000001
10.002796459660926, 787.9000000000001
10.002793523378282, 788.0
10.002790590178735, 788.1
10.002787660059047, 788.2
10.002784733015986, 788.3000000000001
10.002781809046319, 788.4000000000001
10.00277888814682, 788.5
10.002775970314266, 788.6
10.002773055545436, 788.7
10.002770143837113, 788.8000000000001
10.002767235186084, 788.9000000000001
10.002764329589139, 789.0
10.00276142704307, 789.1
10.002758527544675, 789.2
10.002755631090753, 789.3000000000001
10.002752737678108, 789.4000000000001
10.002749847303546, 789.5
10.002746959963877, 789.6
10.002744075655915, 789.7
10.002741194376476, 789.8000000000001
10.00273831612238, 789.9000000000001
10.002735440890453, 790.0
10.002732568677517, 790.1
10.002729699480406, 790.2
10.002726833295952, 790.3000000000001
10.002723970120991, 790.4000000000001
10.002721109952365, 790.5
10.002718252786915, 790.6
10.002715398621488, 790.7
10.002712547452935, 790.8000000000001
10.00270969927811, 790.9000000000001
10.002706854093868, 791.0
10.00270401189707, 791.1
10.002701172684578, 791.2
10.002698336453259, 791.3000000000001
10.002695503199982, 791.4000000000001
10.002692672921622, 791.5
10.002689845615054, 791.6
10.002687021277158, 791.7
10.002684199904817, 791.8000000000001
10.002681381494916, 791.9000000000001
10.002678566044347, 792.0
10.002675753550001, 792.1
10.002672944008774, 792.2
10.002670137417565, 792.3000000000001
10.002667333773276, 792.4000000000001
10.002664533072814, 792.5
10.002661735313087, 792.6
10.002658940491008, 792.7
10.002656148603492, 792.8000000000001
10.002653359647459, 792.9000000000001
10.00265057361983, 793.0
10.002647790517528, 793.1
10.002645010337485, 793.2
10.00264223307663, 793.3000000000001
10.002639458731899, 793.4000000000001
10.00263668730023, 793.5
10.002633918778566, 793.6
10.002631153163849, 793.7
10.002628390453026, 793.8000000000001
10.00262563064305, 793.9000000000001
10.002622873730875, 794.0
10.002620119713457, 794.1
10.002617368587758, 794.2
10.002614620350741, 794.3000000000001
10.002611874999372, 794.4000000000001
10.002609132530623, 794.5
10.002606392941466, 794.6
10.002603656228878, 794.7
10.002600922389838, 794.8000000000001
10.00259819142133, 794.9000000000001
10.002595463320336, 795.0
10.00259273808385, 795.1
10.002590015708861, 795.2
10.002587296192367, 795.3000000000001
10.002584579531364, 795.4000000000001
10.002581865722856, 795.5
10.002579154763847, 795.6
10.002576446651345, 795.7
10.002573741382362, 795.8000000000001
10.00257103895391, 795.9000000000001
10.002568339363009, 796.0
10.002565642606678, 796.1
10.002562948681941, 796.2
10.002560257585825, 796.3000000000001
10.00255756931536, 796.4000000000001
10.00255488386758, 796.5
10.002552201239519, 796.6
10.002549521428218, 796.7
10.002546844430718, 796.8000000000001
10.002544170244066, 796.9000000000001
10.00254149886531, 797.0
10.002538830291503, 797.1
10.002536164519697, 797.2
10.002533501546951, 797.3000000000001
10.002530841370326, 797.4000000000001
10.002528183986888, 797.5
10.0025255293937, 797.6
10.002522877587838, 797.7
10.00252022856637, 797.8000000000001
10.002517582326375, 797.9000000000001
10.002514938864932, 798.0
10.002512298179123, 798.1
10.002509660266035, 798.2
10.002507025122757, 798.3000000000001
10.002504392746378, 798.4000000000001
10.002501763133994, 798.5
10.002499136282703, 798.6
10.002496512189605, 798.7
10.002493890851806, 798.8000000000001
10.002491272266411, 798.9000000000001
10.00248865643053, 799.0
10.002486043341278, 799.1
10.00248343299577, 799.2
10.002480825391125, 799.3000000000001
10.002478220524464, 799.4000000000001
10.002475618392914, 799.5
10.002473018993602, 799.6
10.002470422323658, 799.7
10.002467828380217, 799.8000000000001
10.002465237160418, 799.9000000000001
10.0024626486614, 800.0
10.002460062880305, 800.1
10.00245747981428, 800.2
10.002454899460476, 800.3000000000001
10.002452321816042, 800.4000000000001
10.002449746878135, 800.5
10.002447174643914, 800.6
10.002444605110538, 800.7
10.002442038275172, 800.8000000000001
10.002439474134983, 800.9000000000001
10.002436912687141, 801.0
10.00243435392882, 801.1
10.002431797857195, 801.2
10.002429244469445, 801.3000000000001
10.002426693762752, 801.4000000000001
10.0024241457343, 801.5
10.002421600381279, 801.6
10.002419057700878, 801.7
10.002416517690293, 801.8000000000001
10.002413980346718, 801.9000000000001
10.002411445667354, 802.0
10.002408913649404, 802.1
10.002406384290072, 802.2
10.002403857586568, 802.3000000000001
10.002401333536103, 802.4000000000001
10.00239881213589, 802.5
10.002396293383148, 802.6
10.002393777275095, 802.7
10.002391263808956, 802.8000000000001
10.002388752981958, 802.9000000000001
10.002386244791326, 803.0
10.002383739234295, 803.1
10.0023812363081, 803.2
10.002378736009977, 803.3000000000001
10.002376238337167, 803.4000000000001
10.002373743286913, 803.5
10.002371250856463, 803.6
10.002368761043064, 803.7
10.002366273843968, 803.8000000000001
10.002363789256432, 803.9000000000001
10.002361307277713, 804.0
10.002358827905072, 804.1
10.002356351135772, 804.2
10.00235387696708, 804.3000000000001
10.002351405396265, 804.4000000000001
10.0023489364206, 804.5
10.002346470037358, 804.6
10.002344006243819, 804.7
10.002341545037263, 804.8000000000001
10.002339086414974, 804.9000000000001
10.002336630374238, 805.0
10.002334176912345, 805.1
10.002331726026588, 805.2
10.00232927771426, 805.3000000000001
10.00232683197266, 805.4000000000001
10.002324388799089, 805.5
10.00232194819085, 805.6
10.00231951014525, 805.7
10.002317074659597, 805.8000000000001
10.002314641731205, 805.9000000000001
10.002312211357387, 806.0
10.00230978353546, 806.1
10.00230735826275, 806.2
10.002304935536573, 806.3000000000001
10.002302515354259, 806.4000000000001
10.002300097713137, 806.5
10.00229768261054, 806.6
10.002295270043797, 806.7
10.002292860010252, 806.8000000000001
10.002290452507241, 806.9000000000001
10.002288047532108, 807.0
10.0022856450822, 807.1
10.002283245154864, 807.2
10.002280847747452, 807.3000000000001
10.002278452857317, 807.4000000000001
10.002276060481817, 807.5
10.002273670618312, 807.6
10.002271283264163, 807.7
10.002268898416736, 807.8000000000001
10.002266516073398, 807.9000000000001
10.00226413623152, 808.0
10.002261758888478, 808.1
10.002259384041645, 808.2
10.002257011688402, 808.3000000000001
10.002254641826129, 808.4000000000001
10.00225227445221, 808.5
10.002249909564036, 808.6
10.002247547158994, 808.7
10.002245187234477, 808.8000000000001
10.00224282978788, 808.9000000000001
10.002240474816603, 809.0
10.002238122318046, 809.1
10.002235772289612, 809.2
10.002233424728708, 809.3000000000001
10.002231079632743, 809.4000000000001
10.002228736999129, 809.5
10.00222639682528, 809.6
10.002224059108613, 809.7
10.00222172384655, 809.8000000000001
10.00221939103651, 809.9000000000001
10.002217060675921, 810.0
10.002214732762212, 810.1
10.002212407292811, 810.2
10.002210084265153, 810.3000000000001
10.002207763676674, 810.4000000000001
10.002205445524813, 810.5
10.002203129807013, 810.6
10.002200816520716, 810.7
10.002198505663369, 810.8000000000001
10.002196197232422, 810.9000000000001
10.002193891225328, 811.0
10.002191587639542, 811.1
10.00218928647252, 811.2
10.002186987721723, 811.3000000000001
10.002184691384615, 811.4000000000001
10.002182397458661, 811.5
10.00218010594133, 811.6
10.002177816830091, 811.7
10.00217553012242, 811.8000000000001
10.002173245815792, 811.9000000000001
10.002170963907686, 812.0
10.002168684395583, 812.1
10.002166407276968, 812.2
10.002164132549328, 812.3000000000001
10.002161860210151, 812.4000000000001
10.00215959025693, 812.5
10.002157322687161, 812.6
10.002155057498339, 812.7
10.002152794687966, 812.8000000000001
10.002150534253543, 812.9000000000001
10.002148276192576, 813.0
10.002146020502574, 813.1
10.002143767181046, 813.2
10.002141516225507, 813.3000000000001
10.00213926763347, 813.4000000000001
10.002137021402456, 813.5
10.002134777529983, 813.6
10.002132536013576, 813.7
10.002130296850762, 813.8000000000001
10.002128060039068, 813.9000000000001
10.002125825576027, 814.0
10.002123593459173, 814.1
10.00212136368604, 814.2
10.00211913625417, 814.3000000000001
10.002116911161103, 814.4000000000001
10.002114688404383, 814.5
10.002112467981558, 814.6
10.002110249890178, 814.7
10.002108034127794, 814.8000000000001
10.002105820691959, 814.9000000000001
10.002103609580233, 815.0
10.002101400790174, 815.1
10.002099194319344, 815.2
10.002096990165308, 815.3000000000001
10.002094788325634, 815.4000000000001
10.002092588797892, 815.5
10.002090391579653, 815.6
10.002088196668494, 815.7
10.002086004061992, 815.8000000000001
10.002083813757727, 815.9000000000001
10.00208162575328, 816.0
10.00207944004624, 816.1
10.002077256634191, 816.2
10.002075075514725, 816.3000000000001
10.002072896685434, 816.4000000000001
10.002070720143914, 816.5
10.002068545887763, 816.6
10.00206637391458, 816.7
10.00206420422197, 816.8000000000001
10.002062036807537, 816.9000000000001
10.002059871668889, 817.0
10.002057708803637, 817.1
10.002055548209393, 817.2
10.002053389883773, 817.3000000000001
10.002051233824396, 817.4000000000001
10.00204908002888, 817.5
10.00204692849485, 817.6
10.002044779219931, 817.7
10.00204263220175, 817.8000000000001
10.002040487437938, 817.9000000000001
10.002038344926127, 818.0
10.002036204663955, 818.1
10.002034066649058, 818.2
10.002031930879076, 818.3000000000001
10.002029797351653, 818.4000000000001
10.002027666064434, 818.5
10.002025537015067, 818.6
10.0020234102012, 818.7
10.00202128562049, 818.8000000000001
10.002019163270589, 818.9000000000001
10.002017043149154, 819.0
10.002014925253848, 819.1
10.00201280958233, 819.2
10.002010696132269, 819.3000000000001
10.00200858490133, 819.4000000000001
10.002006475887184, 819.5
10.002004369087501, 819.6
10.002002264499959, 819.7
10.002000162122235, 819.8000000000001
10.001998061952007, 819.9000000000001
10.001995963986957, 820.0
10.00199386822477, 820.1
10.001991774663136, 820.2
10.001989683299739, 820.3000000000001
10.001987594132274, 820.4000000000001
10.001985507158436, 820.5
10.00198342237592, 820.6
10.001981339782425, 820.7
10.001979259375654, 820.8000000000001
10.00197718115331, 820.9000000000001
10.001975105113099, 821.0
10.00197303125273, 821.1
10.001970959569915, 821.2
10.001968890062367, 821.3000000000001
10.001966822727802, 821.4000000000001
10.001964757563938, 821.5
10.001962694568496, 821.6
10.001960633739198, 821.7
10.001958575073772, 821.8000000000001
10.001956518569944, 821.9000000000001
10.001954464225445, 822.0
10.001952412038008, 822.1
10.001950362005369, 822.2
10.001948314125263, 822.3000000000001
10.001946268395432, 822.4000000000001
10.001944224813617, 822.5
10.001942183377562, 822.6
10.001940144085015, 822.7
10.001938106933727, 822.8000000000001
10.001936071921447, 822.9000000000001
10.00193403904593, 823.0
10.001932008304932, 823.1
10.001929979696211, 823.2
10.00192795321753, 823.3000000000001
10.001925928866651, 823.4000000000001
10.001923906641341, 823.5
10.001921886539368, 823.6
10.0019198685585, 823.7
10.001917852696515, 823.8000000000001
10.001915838951184, 823.9000000000001
10.001913827320285, 824.0
10.001911817801599, 824.1
10.001909810392908, 824.2
10.001907805091996, 824.3000000000001
10.00190580189665, 824.4000000000001
10.001903800804659, 824.5
10.001901801813814, 824.6
10.001899804921909, 824.7
10.00189781012674, 824.8000000000001
10.001895817426107, 824.9000000000001
10.00189382681781, 825.0
10.00189183829965, 825.1
10.001889851869436, 825.2
10.001887867524973, 825.3000000000001
10.001885885264072, 825.4000000000001
10.001883905084544, 825.5
10.001881926984204, 825.6
10.00187995096087, 825.7
10.001877977012361, 825.8000000000001
10.001876005136499, 825.9000000000001
10.001874035331106, 826.0
10.00187206759401, 826.1
10.001870101923036, 826.2
10.001868138316016, 826.3000000000001
10.001866176770784, 826.4000000000001
10.001864217285176, 826.5
10.001862259857026, 826.6
10.001860304484175, 826.7
10.001858351164467, 826.8000000000001
10.001856399895743, 826.9000000000001
10.001854450675852, 827.0
10.001852503502642, 827.1
10.001850558373963, 827.2
10.00184861528767, 827.3000000000001
10.001846674241618, 827.4000000000001
10.001844735233664, 827.5
10.001842798261668, 827.6
10.001840863323494, 827.7
10.001838930417005, 827.8000000000001
10.001836999540068, 827.9000000000001
10.00183507069055, 828.0
10.001833143866325, 828.1
10.001831219065265, 828.2
10.001829296285246, 828.3000000000001
10.001827375524146, 828.4000000000001
10.001825456779844, 828.5
10.001823540050225, 828.6
10.001821625333172, 828.7
10.001819712626572, 828.8000000000001
10.001817801928315, 828.9000000000001
10.00181589323629, 829.0
10.001813986548393, 829.1
10.001812081862518, 829.2
10.001810179176562, 829.3000000000001
10.001808278488427, 829.4000000000001
10.001806379796015, 829.5
10.00180448309723, 829.6
10.001802588389978, 829.7
10.001800695672168, 829.8000000000001
10.001798804941712, 829.9000000000001
10.001796916196524, 830.0
10.001795029434517, 830.1
10.001793144653611, 830.2
10.001791261851725, 830.3000000000001
10.00178938102678, 830.4000000000001
10.001787502176702, 830.5
10.001785625299418, 830.6
10.001783750392853, 830.7
10.00178187745494, 830.8000000000001
10.001780006483612, 830.9000000000001
10.001778137476805, 831.0
10.001776270432455, 831.1
10.0017744053485, 831.2
10.001772542222884, 831.3000000000001
10.00177068105355, 831.4000000000001
10.001768821838445, 831.5
10.001766964575515, 831.6
10.00176510926271, 831.7
10.001763255897984, 831.8000000000001
10.001761404479291, 831.9000000000001
10.001759555004588, 832.0
10.001757707471834, 832.1
10.001755861878989, 832.2
10.001754018224016, 832.3000000000001
10.001752176504882, 832.4000000000001
10.001750336719551, 832.5
10.001748498865997, 832.6
10.001746662942187, 832.7
10.001744828946098, 832.8000000000001
10.001742996875704, 832.9000000000001
10.001741166728985, 833.0
10.00173933850392, 833.1
10.001737512198492, 833.2
10.001735687810683, 833.3000000000001
10.001733865338482, 833.4000000000001
10.001732044779876, 833.5
10.001730226132857, 833.6
10.001728409395417, 833.7
10.001726594565552, 833.8000000000001
10.001724781641258, 833.9000000000001
10.001722970620534, 834.0
10.001721161501383, 834.1
10.001719354281807, 834.2
10.00171754895981, 834.3000000000001
10.001715745533403, 834.4000000000001
10.001713944000592, 834.5
10.001712144359391, 834.6
10.001710346607814, 834.7
10.001708550743876, 834.8000000000001
10.001706756765595, 834.9000000000001
10.00170496467099, 835.0
10.001703174458086, 835.1
10.001701386124905, 835.2
10.001699599669474, 835.3000000000001
10.00169781508982, 835.4000000000001
10.001696032383975, 835.5
10.001694251549972, 835.6
10.001692472585844, 835.7
10.001690695489629, 835.8000000000001
10.001688920259365, 835.9000000000001
10.001687146893094, 836.0
10.001685375388856, 836.1
10.001683605744699, 836.2
10.001681837958667, 836.3000000000001
10.00168007202881, 836.4000000000001
10.00167830795318, 836.5
10.00167654572983, 836.6
10.001674785356812, 836.7
10.001673026832187, 836.8000000000001
10.001671270154013, 836.9000000000001
10.001669515320351, 837.0
10.001667762329266, 837.1
10.00166601117882, 837.2
10.001664261867083, 837.3000000000001
10.001662514392121, 837.4000000000001
10.001660768752009, 837.5
10.00165902494482, 837.6
10.001657282968628, 837.7
10.001655542821512, 837.8000000000001
10.001653804501549, 837.9000000000001
10.001652068006823, 838.0
10.001650333335416, 838.1
10.001648600485414, 838.2
10.001646869454904, 838.3000000000001
10.001645140241976, 838.4000000000001
10.001643412844722, 838.5
10.001641687261234, 838.6
10.001639963489609, 838.7
10.001638241527944, 838.8000000000001
10.00163652137434, 838.9000000000001
10.001634803026898, 839.0
10.00163308648372, 839.1
10.001631371742912, 839.2
10.001629658802582, 839.3000000000001
10.00162794766084, 839.4000000000001
10.001626238315795, 839.5
10.001624530765564, 839.6
10.00162282500826, 839.7
10.001621121042001, 839.8000000000001
10.001619418864907, 839.9000000000001
10.0016177184751, 840.0
10.001616019870701, 840.1
10.001614323049838, 840.2
10.001612628010635, 840.3000000000001
10.001610934751223, 840.4000000000001
10.001609243269735, 840.5
10.001607553564302, 840.6
10.00160586563306, 840.7
10.001604179474146, 840.8000000000001
10.001602495085699, 840.9000000000001
10.001600812465858, 841.0
10.00159913161277, 841.1
10.001597452524576, 841.2
10.001595775199425, 841.3000000000001
10.001594099635465, 841.4000000000001
10.001592425830848, 841.5
10.001590753783725, 841.6
10.001589083492252, 841.7
10.001587414954585, 841.8000000000001
10.001585748168884, 841.9000000000001
10.001584083133306, 842.0
10.001582419846017, 842.1
10.001580758305177, 842.2
10.001579098508957, 842.3000000000001
10.001577440455522, 842.4000000000001
10.001575784143043, 842.5
10.001574129569693, 842.6
10.001572476733646, 842.7
10.001570825633076, 842.8000000000001
10.00156917626616, 842.9000000000001
10.001567528631082, 843.0
10.00156588272602, 843.1
10.001564238549157, 843.2
10.001562596098681, 843.3000000000001
10.001560955372778, 843.4000000000001
10.001559316369637, 843.5
10.001557679087448, 843.6
10.001556043524406, 843.7
10.001554409678706, 843.8000000000001
10.001552777548543, 843.9000000000001
10.001551147132117, 844.0
10.001549518427629, 844.1
10.00154789143328, 844.2
10.001546266147274, 844.3000000000001
10.00154464256782, 844.4000000000001
10.001543020693124, 844.5
10.001541400521395, 844.6
10.001539782050848, 844.7
10.001538165279696, 844.8000000000001
10.001536550206152, 844.9000000000001
10.001534936828437, 845.0
10.001533325144766, 845.1
10.001531715153364, 845.2
10.001530106852453, 845.3000000000001
10.001528500240259, 845.4000000000001
10.001526895315006, 845.5
10.001525292074925, 845.6
10.001523690518246, 845.7
10.001522090643201, 845.8000000000001
10.001520492448025, 845.9000000000001
10.001518895930955, 846.0
10.001517301090228, 846.1
10.001515707924083, 846.2
10.001514116430762, 846.3000000000001
10.00151252660851, 846.4000000000001
10.00151093845557, 846.5
10.001509351970192, 846.6
10.001507767150624, 846.7
10.001506183995115, 846.8000000000001
10.001504602501921, 846.9000000000001
10.001503022669294, 847.0
10.00150144449549, 847.1
10.00149986797877, 847.2
10.001498293117393, 847.3000000000001
10.00149671990962, 847.4000000000001
10.001495148353714, 847.5
10.001493578447942, 847.6
10.00149201019057, 847.7
10.00149044357987, 847.8000000000001
10.001488878614111, 847.9000000000001
10.001487315291566, 848.0
10.00148575361051, 848.1
10.001484193569219, 848.2
10.00148263516597, 848.3000000000001
10.001481078399046, 848.4000000000001
10.001479523266726, 848.5
10.001477969767295, 848.6
10.00147641789904, 848.7
10.001474867660246, 848.8000000000001
10.001473319049202, 848.9000000000001
10.0014717720642, 849.0
10.001470226703532, 849.1
10.001468682965493, 849.2
10.00146714084838, 849.3000000000001
10.001465600350489, 849.4000000000001
10.001464061470122, 849.5
10.001462524205579, 849.6
10.001460988555163, 849.7
10.00145945451718, 849.8000000000001
10.001457922089937, 849.9000000000001
10.001456391271743, 850.0
10.001454862060907, 850.1
10.001453334455743, 850.2
10.001451808454565, 850.3000000000001
10.001450284055688, 850.4000000000001
10.001448761257429, 850.5
10.001447240058107, 850.6
10.001445720456047, 850.7
10.001444202449568, 850.8000000000001
10.001442686036995, 850.9000000000001
10.001441171216657, 851.0
10.001439657986879, 851.1
10.001438146345993, 851.2
10.00143663629233, 851.3000000000001
10.001435127824223, 851.4000000000001
10.001433620940007, 851.5
10.001432115638021, 851.6
10.001430611916602, 851.7
10.00142910977409, 851.8000000000001
10.001427609208827, 851.9000000000001
10.001426110219159, 852.0
10.001424612803428, 852.1
10.001423116959984, 852.2
10.001421622687175, 852.3000000000001
10.001420129983353, 852.4000000000001
10.001418638846872, 852.5
10.001417149276083, 852.6
10.001415661269343, 852.7
10.00141417482501, 852.8000000000001
10.001412689941445, 852.9000000000001
10.001411206617005, 853.0
10.001409724850058, 853.1
10.001408244638965, 853.2
10.001406765982093, 853.3000000000001
10.001405288877812, 853.4000000000001
10.00140381332449, 853.5
10.0014023393205, 853.6
10.001400866864213, 853.7
10.001399395954005, 853.8000000000001
10.001397926588254, 853.9000000000001
10.001396458765337, 854.0
10.001394992483633, 854.1
10.001393527741525, 854.2
10.001392064537397, 854.3000000000001
10.001390602869632, 854.4000000000001
10.001389142736619, 854.5
10.001387684136745, 854.6
10.001386227068402, 854.7
10.00138477152998, 854.8000000000001
10.001383317519872, 854.9000000000001
10.001381865036477, 855.0
10.001380414078188, 855.1
10.001378964643406, 855.2
10.00137751673053, 855.3000000000001
10.001376070337963, 855.4000000000001
10.00137462546411, 855.5
10.001373182107372, 855.6
10.001371740266158, 855.7
10.001370299938879, 855.8000000000001
10.001368861123943, 855.9000000000001
10.001367423819763, 856.0
10.001365988024753, 856.1
10.001364553737327, 856.2
10.001363120955903, 856.3000000000001
10.001361689678898, 856.4000000000001
10.001360259904736, 856.5
10.001358831631835, 856.6
10.001357404858622, 856.7
10.00135597958352, 856.8000000000001
10.001354555804957, 856.9000000000001
10.001353133521361, 857.0
10.001351712731164, 857.1
10.001350293432797, 857.2
10.001348875624693, 857.3000000000001
10.001347459305286, 857.4000000000001
10.001346044473015, 857.5
10.001344631126319, 857.6
10.001343219263637, 857.7
10.00134180888341, 857.8000000000001
10.001340399984082, 857.9000000000001
10.001338992564099, 858.0
10.001337586621906, 858.1
10.001336182155953, 858.2
10.001334779164688, 858.3000000000001
10.001333377646565, 858.4000000000001
10.001331977600037, 858.5
10.001330579023557, 858.6
10.001329181915583, 858.7
10.001327786274572, 858.8000000000001
10.001326392098985, 858.9000000000001
10.00132499938728, 859.0
10.001323608137923, 859.1
10.001322218349378, 859.2
10.001320830020111, 859.3000000000001
10.00131944314859, 859.4000000000001
10.001318057733284, 859.5
10.001316673772664, 859.6
10.001315291265202, 859.7
10.001313910209374, 859.8000000000001
10.001312530603654, 859.9000000000001
10.00131115244652, 860.0
10.001309775736452, 860.1
10.00130840047193, 860.2
10.001307026651434, 860.3000000000001
10.00130565427345, 860.4000000000001
10.001304283336463, 860.5
10.001302913838959, 860.6
10.001301545779429, 860.7
10.00130017915636, 860.8000000000001
10.001298813968246, 860.9000000000001
10.00129745021358, 861.0
10.001296087890855, 861.1
10.00129472699857, 861.2
10.00129336753522, 861.3000000000001
10.00129200949931, 861.4000000000001
10.001290652889335, 861.5
10.001289297703801, 861.6
10.001287943941213, 861.7
10.001286591600074, 861.8000000000001
10.001285240678895, 861.9000000000001
10.001283891176183, 862.0
10.001282543090447, 862.1
10.001281196420202, 862.2
10.001279851163961, 862.3000000000001
10.001278507320238, 862.4000000000001
10.001277164887552, 862.5
10.00127582386442, 862.6
10.001274484249363, 862.7
10.001273146040901, 862.8000000000001
10.001271809237558, 862.9000000000001
10.001270473837858, 863.0
10.001269139840328, 863.1
10.001267807243496, 863.2
10.00126647604589, 863.3000000000001
10.001265146246041, 863.4000000000001
10.001263817842483, 863.5
10.00126249083375, 863.6
10.001261165218374, 863.7
10.001259840994894, 863.8000000000001
10.00125851816185, 863.9000000000001
10.001257196717779, 864.0
10.001255876661226, 864.1
10.001254557990732, 864.2
10.001253240704841, 864.3000000000001
10.001251924802101, 864.4000000000001
10.00125061028106, 864.5
10.001249297140266, 864.6
10.001247985378269, 864.7
10.001246674993622, 864.8000000000001
10.001245365984879, 864.9000000000001
10.001244058350595, 865.0
10.001242752089327, 865.1
10.001241447199634, 865.2
10.001240143680075, 865.3000000000001
10.001238841529211, 865.4000000000001
10.001237540745606, 865.5
10.001236241327824, 865.6
10.00123494327443, 865.7
10.00123364658399, 865.8000000000001
10.001232351255078, 865.9000000000001
10.00123105728626, 866.0
10.00122976467611, 866.1
10.0012284734232, 866.2
10.001227183526106, 866.3000000000001
10.001225894983405, 866.4000000000001
10.001224607793672, 866.5
10.00122332195549, 866.6
10.001222037467436, 866.7
10.001220754328095, 866.8000000000001
10.00121947253605, 866.9000000000001
10.001218192089887, 867.0
10.001216912988193, 867.1
10.001215635229554, 867.2
10.001214358812563, 867.3000000000001
10.00121308373581, 867.4000000000001
10.001211809997887, 867.5
10.00121053759739, 867.6
10.001209266532912, 867.7
10.001207996803053, 867.8000000000001
10.00120672840641, 867.9000000000001
10.001205461341584, 868.0
10.001204195607176, 868.1
10.001202931201789, 868.2
10.001201668124027, 868.3000000000001
10.001200406372497, 868.4000000000001
10.001199145945806, 868.5
10.001197886842563, 868.6
10.00119662906138, 868.7
10.001195372600865, 868.8000000000001
10.001194117459635, 868.9000000000001
10.001192863636302, 869.0
10.001191611129483, 869.1
10.001190359937798, 869.2
10.001189110059864, 869.3000000000001
10.001187861494302, 869.4000000000001
10.001186614239732, 869.5
10.001185368294779, 869.6
10.001184123658069, 869.7
10.001182880328228, 869.8000000000001
10.001181638303883, 869.9000000000001
10.001180397583664, 870.0
10.0011791581662, 870.1
10.001177920050127, 870.2
10.001176683234075, 870.3000000000001
10.00117544771668, 870.4000000000001
10.001174213496578, 870.5
10.001172980572406, 870.6
10.001171748942804, 870.7
10.001170518606415, 870.8000000000001
10.001169289561878, 870.9000000000001
10.001168061807837, 871.0
10.00116683534294, 871.1
10.00116561016583, 871.2
10.001164386275155, 871.3000000000001
10.001163163669567, 871.4000000000001
10.001161942347714, 871.5
10.00116072230825, 871.6
10.001159503549825, 871.7
10.001158286071098, 871.8000000000001
10.001157069870724, 871.9000000000001
10.00115585494736, 872.0
10.001154641299665, 872.1
10.001153428926301, 872.2
10.00115221782593, 872.3000000000001
10.001151007997212, 872.4000000000001
10.001149799438815, 872.5
10.001148592149404, 872.6
10.001147386127647, 872.7
10.001146181372214, 872.8000000000001
10.001144977881772, 872.9000000000001
10.001143775654997, 873.0
10.00114257469056, 873.1
10.001141374987135, 873.2
10.001140176543398, 873.3000000000001
10.001138979358027, 873.4000000000001
10.001137783429701, 873.5
10.0011365887571, 873.6
10.001135395338906, 873.7
10.0011342031738, 873.8000000000001
10.001133012260468, 873.9000000000001
10.001131822597594, 874.0
10.001130634183866, 874.1
10.001129447017973, 874.2
10.001128261098605, 874.3000000000001
10.001127076424451, 874.4000000000001
10.001125892994205, 874.5
10.001124710806561, 874.6
10.001123529860214, 874.7
10.00112235015386, 874.8000000000001
10.001121171686199, 874.9000000000001
10.001119994455928, 875.0
10.00111881846175, 875.1
10.001117643702365, 875.2
10.001116470176477, 875.3000000000001
10.00111529788279, 875.4000000000001
10.001114126820013, 875.5
10.001112956986852, 875.6
10.001111788382016, 875.7
10.001110621004214, 875.8000000000001
10.001109454852159, 875.9000000000001
10.001108289924565, 876.0
10.001107126220145, 876.1
10.001105963737613, 876.2
10.00110480247569, 876.3000000000001
10.00110364243309, 876.4000000000001
10.001102483608536, 876.5
10.001101326000747, 876.6
10.001100169608446, 876.7
10.001099014430357, 876.8000000000001
10.001097860465206, 876.9000000000001
10.001096707711717, 877.0
10.00109555616862, 877.1
10.001094405834642, 877.2
10.001093256708517, 877.3000000000001
10.001092108788972, 877.4000000000001
10.001090962074745, 877.5
10.001089816564566, 877.6
10.001088672257174, 877.7
10.001087529151304, 877.8000000000001
10.001086387245696, 877.9000000000001
10.001085246539088, 878.0
10.001084107030222, 878.1
10.00108296871784, 878.2
10.001081831600686, 878.3000000000001
10.001080695677505, 878.4000000000001
10.001079560947044, 878.5
10.00107842740805, 878.6
10.001077295059272, 878.7
10.001076163899459, 878.8000000000001
10.001075033927364, 878.9000000000001
10.001073905141741, 879.0
10.001072777541342, 879.1
10.001071651124924, 879.2
10.001070525891244, 879.3000000000001
10.001069401839057, 879.4000000000001
10.001068278967127, 879.5
10.00106715727421, 879.6
10.001066036759072, 879.7
10.001064917420475, 879.8000000000001
10.001063799257183, 879.9000000000001
10.001062682267964, 880.0
10.001061566451583, 880.1
10.001060451806808, 880.2
10.00105933833241, 880.3000000000001
10.001058226027162, 880.4000000000001
10.001057114889834, 880.5
10.0010560049192, 880.6
10.001054896114034, 880.7
10.001053788473115, 880.8000000000001
10.001052681995219, 880.9000000000001
10.001051576679124, 881.0
10.00105047252361, 881.1
10.001049369527461, 881.2
10.001048267689457, 881.3000000000001
10.001047167008384, 881.4000000000001
10.001046067483024, 881.5
10.001044969112167, 881.6
10.001043871894598, 881.7
10.00104277582911, 881.8000000000001
10.001041680914488, 881.9000000000001
10.001040587149529, 882.0
10.001039494533021, 882.1
10.001038403063761, 882.2
10.001037312740545, 882.3000000000001
10.001036223562167, 882.4000000000001
10.001035135527427, 882.5
10.001034048635123, 882.6
10.001032962884056, 882.7
10.001031878273027, 882.8000000000001
10.00103079480084, 882.9000000000001
10.0010297124663, 883.0
10.00102863126821, 883.1
10.001027551205379, 883.2
10.001026472276614, 883.3000000000001
10.001025394480724, 883.4000000000001
10.001024317816519, 883.5
10.001023242282812, 883.6
10.001022167878416, 883.7
10.001021094602143, 883.8000000000001
10.00102002245281, 883.9000000000001
10.001018951429234, 884.0
10.001017881530233, 884.1
10.001016812754626, 884.2
10.001015745101235, 884.3000000000001
10.001014678568879, 884.4000000000001
10.001013613156381, 884.5
10.001012548862567, 884.6
10.001011485686261, 884.7
10.00101042362629, 884.8000000000001
10.001009362681483, 884.9000000000001
10.001008302850668, 885.0
10.001007244132675, 885.1
10.001006186526336, 885.2
10.001005130030483, 885.3000000000001
10.001004074643951, 885.4000000000001
10.001003020365575, 885.5
10.001001967194192, 885.6
10.001000915128637, 885.7
10.000999864167753, 885.8000000000001
10.000998814310377, 885.9000000000001
10.00099776555535, 886.0
10.000996717901517, 886.1
10.00099567134772, 886.2
10.000994625892805, 886.3000000000001
10.000993581535617, 886.4000000000001
10.000992538275005, 886.5
10.000991496109817, 886.6
10.000990455038902, 886.7
10.000989415061111, 886.8000000000001
10.000988376175297, 886.9000000000001
10.000987338380313, 887.0
10.000986301675013, 887.1
10.000985266058255, 887.2
10.000984231528893, 887.3000000000001
10.000983198085788, 887.4000000000001
10.000982165727798, 887.5
10.000981134453784, 887.6
10.000980104262608, 887.7
10.000979075153133, 887.8000000000001
10.000978047124223, 887.9000000000001
10.000977020174743, 888.0
10.000975994303559, 888.1
10.00097496950954, 888.2
10.000973945791555, 888.3000000000001
10.000972923148474, 888.4000000000001
10.000971901579168, 888.5
10.00097088108251, 888.6
10.000969861657374, 888.7
10.000968843302633, 888.8000000000001
10.000967826017165, 888.9000000000001
10.000966809799847, 889.0
10.000965794649558, 889.1
10.000964780565175, 889.2
10.000963767545581, 889.3000000000001
10.000962755589658, 889.4000000000001
10.000961744696289, 889.5
10.000960734864357, 889.6
10.00095972609275, 889.7
10.000958718380353, 889.8000000000001
10.000957711726054, 889.9000000000001
10.000956706128742, 890.0
10.000955701587307, 890.1
10.00095469810064, 890.2
10.000953695667635, 890.3000000000001
10.000952694287184, 890.4000000000001
10.000951693958182, 890.5
10.000950694679526, 890.6
10.000949696450112, 890.7
10.00094869926884, 890.8000000000001
10.000947703134607, 890.9000000000001
10.000946708046316, 891.0
10.000945714002867, 891.1
10.000944721003163, 891.2
10.00094372904611, 891.3000000000001
10.000942738130611, 891.4000000000001
10.000941748255574, 891.5
10.000940759419906, 891.6
10.000939771622516, 891.7
10.000938784862312, 891.8000000000001
10.000937799138207, 891.9000000000001
10.000936814449112, 892.0
10.00093583079394, 892.1
10.000934848171607, 892.2
10.000933866581027, 892.3000000000001
10.000932886021117, 892.4000000000001
10.000931906490795, 892.5
10.00093092798898, 892.6
10.000929950514593, 892.7
10.000928974066552, 892.8000000000001
10.000927998643782, 892.9000000000001
10.000927024245206, 893.0
10.000926050869749, 893.1
10.000925078516335, 893.2
10.000924107183893, 893.3000000000001
10.00092313687135, 893.4000000000001
10.000922167577635, 893.5
10.000921199301677, 893.6
10.00092023204241, 893.7
10.000919265798766, 893.8000000000001
10.000918300569676, 893.9000000000001
10.000917336354078, 894.0
10.000916373150906, 894.1
10.000915410959097, 894.2
10.00091444977759, 894.3000000000001
10.000913489605322, 894.4000000000001
10.000912530441237, 894.5
10.000911572284274, 894.6
10.000910615133375, 894.7
10.000909658987485, 894.8000000000001
10.000908703845548, 894.9000000000001
10.00090774970651, 895.0
10.000906796569318, 895.1
10.00090584443292, 895.2
10.000904893296266, 895.3000000000001
10.000903943158304, 895.4000000000001
10.000902994017988, 895.5
10.00090204587427, 895.6
10.000901098726102, 895.7
10.00090015257244, 895.8000000000001
10.000899207412239, 895.9000000000001
10.000898263244457, 896.0
10.00089732006805, 896.1
10.000896377881979, 896.2
10.000895436685203, 896.3000000000001
10.000894496476684, 896.4000000000001
10.000893557255385, 896.5
10.000892619020266, 896.6
10.000891681770295, 896.7
10.000890745504435, 896.8000000000001
10.000889810221656, 896.9000000000001
10.000888875920923, 897.0
10.000887942601207, 897.1
10.000887010261476, 897.2
10.0008860789007, 897.3000000000001
10.000885148517854, 897.4000000000001
10.00088421911191, 897.5
10.000883290681843, 897.6
10.000882363226626, 897.7
10.000881436745239, 897.8000000000001
10.000880511236657, 897.9000000000001
10.000879586699858, 898.0
10.000878663133824, 898.1
10.000877740537533, 898.2
10.000876818909969, 898.3000000000001
10.000875898250113, 898.4000000000001
10.00087497855695, 898.5
10.000874059829465, 898.6
10.000873142066645, 898.7
10.000872225267475, 898.8000000000001
10.000871309430945, 898.9000000000001
10.000870394556042, 899.0
10.000869480641757, 899.1
10.000868567687084, 899.2
10.000867655691012, 899.3000000000001
10.000866744652537, 899.4000000000001
10.000865834570652, 899.5
10.000864925444352, 899.6
10.000864017272635, 899.7
10.000863110054498, 899.8000000000001
10.000862203788941, 899.9000000000001
10.000861298474963, 900.0
