Time(s)	Temperature (C)
0.0		21.0
0.1		21.0
0.2		21.0
0.3		21.0
0.4		21.0
0.5		20.9
0.6		20.9
0.7		20.9
0.8		20.9
0.9		20.9
1.0		20.9
1.1		20.9
1.2		20.9
1.3		20.9
1.4		20.8
1.5		20.8
1.6		20.8
1.7		20.8
1.8		20.8
1.9		20.8
2.0		20.8
2.1		20.8
2.2		20.7
2.3		20.7
2.4		20.7
2.5		20.7
2.6		20.7
2.7		20.7
2.8		20.7
2.9		20.7
3.0		20.7
3.1		20.6
3.2		20.6
3.3		20.6
3.4		20.6
3.5		20.6
3.6		20.6
3.7		20.6
3.8		20.6
3.9		20.6
4.0		20.5
4.1		20.5
4.2		20.5
4.3		20.5
4.4		20.5
4.5		20.5
4.6		20.5
4.7		20.5
4.8		20.5
4.9		20.4
5.0		20.4
5.1		20.4
5.2		20.4
5.3		20.4
5.4		20.4
5.5		20.4
5.6		20.4
5.7		20.4
5.8		20.3
5.9		20.3
6.0		20.3
6.1		20.3
6.2		20.3
6.3		20.3
6.4		20.3
6.5		20.3
6.6		20.3
6.7		20.3
6.8		20.2
6.9		20.2
7.0		20.2
7.1		20.2
7.2		20.2
7.3		20.2
7.4		20.2
7.5		20.2
7.6		20.2
7.7		20.1
7.8		20.1
7.9		20.1
8.0		20.1
8.1		20.1
8.2		20.1
8.3		20.1
8.4		20.1
8.5		20.1
8.6		20.0
8.7		20.0
8.8		20.0
8.9		20.0
9.0		20.0
9.1		20.0
9.2		20.0
9.3		20.0
9.4		20.0
9.5		20.0
9.6		19.9
9.7		19.9
9.8		19.9
9.9		19.9
10.0		19.9
10.1		19.9
10.2		19.9
10.3		19.9
10.4		19.9
10.5		19.9
10.6		19.8
10.7		19.8
10.8		19.8
10.9		19.8
11.0		19.8
11.1		19.8
11.2		19.8
11.3		19.8
11.4		19.8
11.5		19.7
11.6		19.7
11.7		19.7
11.8		19.7
11.9		19.7
12.0		19.7
12.1		19.7
12.2		19.7
12.3		19.7
12.4		19.7
12.5		19.6
12.6		19.6
12.7		19.6
12.8		19.6
12.9		19.6
13.0		19.6
13.1		19.6
13.2		19.6
13.3		19.6
13.4		19.6
13.5		19.5
13.6		19.5
13.7		19.5
13.8		19.5
13.9		19.5
14.0		19.5
14.1		19.5
14.2		19.5
14.3		19.5
14.4		19.5
14.5		19.4
14.6		19.4
14.7		19.4
14.8		19.4
14.9		19.4
15.0		19.4
15.1		19.4
15.2		19.4
15.3		19.4
15.4		19.4
15.5		19.3
15.6		19.3
15.7		19.3
15.8		19.3
15.9		19.3
16.0		19.3
16.1		19.3
16.2		19.3
16.3		19.3
16.4		19.3
16.5		19.2
16.6		19.2
16.7		19.2
16.8		19.2
16.9		19.2
17.0		19.2
17.1		19.2
17.2		19.2
17.3		19.2
17.4		19.2
17.5		19.2
17.6		19.1
17.7		19.1
17.8		19.1
17.9		19.1
18.0		19.1
18.1		19.1
18.2		19.1
18.3		19.1
18.4		19.1
18.5		19.1
18.6		19.0
18.7		19.0
18.8		19.0
18.9		19.0
19.0		19.0
19.1		19.0
19.2		19.0
19.3		19.0
19.4		19.0
19.5		19.0
19.6		19.0
19.7		18.9
19.8		18.9
19.9		18.9
20.0		18.9
20.1		18.9
20.2		18.9
20.3		18.9
20.4		18.9
20.5		18.9
20.6		18.9
20.7		18.9
20.8		18.8
20.9		18.8
21.0		18.8
21.1		18.8
21.2		18.8
21.3		18.8
21.4		18.8
21.5		18.8
21.6		18.8
21.7		18.8
21.8		18.7
21.9		18.7
22.0		18.7
22.1		18.7
22.2		18.7
22.3		18.7
22.4		18.7
22.5		18.7
22.6		18.7
22.7		18.7
22.8		18.7
22.9		18.6
23.0		18.6
23.1		18.6
23.2		18.6
23.3		18.6
23.4		18.6
23.5		18.6
23.6		18.6
23.7		18.6
23.8		18.6
23.9		18.6
24.0		18.5
24.1		18.5
24.2		18.5
24.3		18.5
24.4		18.5
24.5		18.5
24.6		18.5
24.7		18.5
24.8		18.5
24.9		18.5
25.0		18.5
25.1		18.5
25.2		18.4
25.3		18.4
25.4		18.4
25.5		18.4
25.6		18.4
25.7		18.4
25.8		18.4
25.9		18.4
26.0		18.4
26.1		18.4
26.2		18.4
26.3		18.3
26.4		18.3
26.5		18.3
26.6		18.3
26.7		18.3
26.8		18.3
26.9		18.3
27.0		18.3
27.1		18.3
27.2		18.3
27.3		18.3
27.4		18.2
27.5		18.2
27.6		18.2
27.7		18.2
27.8		18.2
27.9		18.2
28.0		18.2
28.1		18.2
28.2		18.2
28.3		18.2
28.4		18.2
28.5		18.2
28.6		18.1
28.7		18.1
28.8		18.1
28.9		18.1
29.0		18.1
29.1		18.1
29.2		18.1
29.3		18.1
29.4		18.1
29.5		18.1
29.6		18.1
29.7		18.1
29.8		18.0
29.9		18.0
30.0		18.0
30.1		18.0
30.2		18.0
30.3		18.0
30.4		18.0
30.5		18.0
30.6		18.0
30.7		18.0
30.8		18.0
30.9		18.0
31.0		17.9
31.1		17.9
31.2		17.9
31.3		17.9
31.4		17.9
31.5		17.9
31.6		17.9
31.7		17.9
31.8		17.9
31.9		17.9
32.0		17.9
32.1		17.9
32.2		17.8
32.3		17.8
32.4		17.8
32.5		17.8
32.6		17.8
32.7		17.8
32.8		17.8
32.9		17.8
33.0		17.8
33.1		17.8
33.2		17.8
33.3		17.8
33.4		17.7
33.5		17.7
33.6		17.7
33.7		17.7
33.8		17.7
33.9		17.7
34.0		17.7
34.1		17.7
34.2		17.7
34.3		17.7
34.4		17.7
34.5		17.7
34.6		17.6
34.7		17.6
34.8		17.6
34.9		17.6
35.0		17.6
35.1		17.6
35.2		17.6
35.3		17.6
35.4		17.6
35.5		17.6
35.6		17.6
35.7		17.6
35.8		17.6
35.9		17.5
36.0		17.5
36.1		17.5
36.2		17.5
36.3		17.5
36.4		17.5
36.5		17.5
36.6		17.5
36.7		17.5
36.8		17.5
36.9		17.5
37.0		17.5
37.1		17.4
37.2		17.4
37.3		17.4
37.4		17.4
37.5		17.4
37.6		17.4
37.7		17.4
37.8		17.4
37.9		17.4
38.0		17.4
38.1		17.4
38.2		17.4
38.3		17.4
38.4		17.3
38.5		17.3
38.6		17.3
38.7		17.3
38.8		17.3
38.9		17.3
39.0		17.3
39.1		17.3
39.2		17.3
39.3		17.3
39.4		17.3
39.5		17.3
39.6		17.3
39.7		17.2
39.8		17.2
39.9		17.2
40.0		17.2
40.1		17.2
40.2		17.2
40.3		17.2
40.4		17.2
40.5		17.2
40.6		17.2
40.7		17.2
40.8		17.2
40.9		17.2
41.0		17.2
41.1		17.1
41.2		17.1
41.3		17.1
41.4		17.1
41.5		17.1
41.6		17.1
41.7		17.1
41.8		17.1
41.9		17.1
42.0		17.1
42.1		17.1
42.2		17.1
42.3		17.1
42.4		17.0
42.5		17.0
42.6		17.0
42.7		17.0
42.8		17.0
42.9		17.0
43.0		17.0
43.1		17.0
43.2		17.0
43.3		17.0
43.4		17.0
43.5		17.0
43.6		17.0
43.7		17.0
43.8		16.9
43.9		16.9
44.0		16.9
44.1		16.9
44.2		16.9
44.3		16.9
44.4		16.9
44.5		16.9
44.6		16.9
44.7		16.9
44.8		16.9
44.9		16.9
45.0		16.9
45.1		16.8
45.2		16.8
45.3		16.8
45.4		16.8
45.5		16.8
45.6		16.8
45.7		16.8
45.8		16.8
45.9		16.8
46.0		16.8
46.1		16.8
46.2		16.8
46.3		16.8
46.4		16.8
46.5		16.7
46.6		16.7
46.7		16.7
46.8		16.7
46.9		16.7
47.0		16.7
47.1		16.7
47.2		16.7
47.3		16.7
47.4		16.7
47.5		16.7
47.6		16.7
47.7		16.7
47.8		16.7
47.9		16.7
48.0		16.6
48.1		16.6
48.2		16.6
48.3		16.6
48.4		16.6
48.5		16.6
48.6		16.6
48.7		16.6
48.8		16.6
48.9		16.6
49.0		16.6
49.1		16.6
49.2		16.6
49.3		16.6
49.4		16.5
49.5		16.5
49.6		16.5
49.7		16.5
49.8		16.5
49.9		16.5
50.0		16.5
50.1		16.5
50.2		16.5
50.3		16.5
50.4		16.5
50.5		16.5
50.6		16.5
50.7		16.5
50.8		16.5
50.9		16.4
51.0		16.4
51.1		16.4
51.2		16.4
51.3		16.4
51.4		16.4
51.5		16.4
51.6		16.4
51.7		16.4
51.8		16.4
51.9		16.4
52.0		16.4
52.1		16.4
52.2		16.4
52.3		16.4
52.4		16.3
52.5		16.3
52.6		16.3
52.7		16.3
52.8		16.3
52.9		16.3
53.0		16.3
53.1		16.3
53.2		16.3
53.3		16.3
53.4		16.3
53.5		16.3
53.6		16.3
53.7		16.3
53.8		16.3
53.9		16.2
54.0		16.2
54.1		16.2
54.2		16.2
54.3		16.2
54.4		16.2
54.5		16.2
54.6		16.2
54.7		16.2
54.8		16.2
54.9		16.2
55.0		16.2
55.1		16.2
55.2		16.2
55.3		16.2
55.4		16.1
55.5		16.1
55.6		16.1
55.7		16.1
55.8		16.1
55.9		16.1
56.0		16.1
56.1		16.1
56.2		16.1
56.3		16.1
56.4		16.1
56.5		16.1
56.6		16.1
56.7		16.1
56.8		16.1
56.9		16.1
57.0		16.0
57.1		16.0
57.2		16.0
57.3		16.0
57.4		16.0
57.5		16.0
57.6		16.0
57.7		16.0
57.8		16.0
57.9		16.0
58.0		16.0
58.1		16.0
58.2		16.0
58.3		16.0
58.4		16.0
58.5		15.9
58.6		15.9
58.7		15.9
58.8		15.9
58.9		15.9
59.0		15.9
59.1		15.9
59.2		15.9
59.3		15.9
59.4		15.9
59.5		15.9
59.6		15.9
59.7		15.9
59.8		15.9
59.9		15.9
60.0		15.9
60.1		15.9
60.2		15.8
60.3		15.8
60.4		15.8
60.5		15.8
60.6		15.8
60.7		15.8
60.8		15.8
60.9		15.8
61.0		15.8
61.1		15.8
61.2		15.8
61.3		15.8
61.4		15.8
61.5		15.8
61.6		15.8
61.7		15.8
61.8		15.7
61.9		15.7
62.0		15.7
62.1		15.7
62.2		15.7
62.3		15.7
62.4		15.7
62.5		15.7
62.6		15.7
62.7		15.7
62.8		15.7
62.9		15.7
63.0		15.7
63.1		15.7
63.2		15.7
63.3		15.7
63.4		15.7
63.5		15.6
63.6		15.6
63.7		15.6
63.8		15.6
63.9		15.6
64.0		15.6
64.1		15.6
64.2		15.6
64.3		15.6
64.4		15.6
64.5		15.6
64.6		15.6
64.7		15.6
64.8		15.6
64.9		15.6
65.0		15.6
65.1		15.6
65.2		15.5
65.3		15.5
65.4		15.5
65.5		15.5
65.6		15.5
65.7		15.5
65.8		15.5
65.9		15.5
66.0		15.5
66.1		15.5
66.2		15.5
66.3		15.5
66.4		15.5
66.5		15.5
66.6		15.5
66.7		15.5
66.8		15.5
66.9		15.4
67.0		15.4
67.1		15.4
67.2		15.4
67.3		15.4
67.4		15.4
67.5		15.4
67.6		15.4
67.7		15.4
67.8		15.4
67.9		15.4
68.0		15.4
68.1		15.4
68.2		15.4
68.3		15.4
68.4		15.4
68.5		15.4
68.6		15.4
68.7		15.3
68.8		15.3
68.9		15.3
69.0		15.3
69.1		15.3
69.2		15.3
69.3		15.3
69.4		15.3
69.5		15.3
69.6		15.3
69.7		15.3
69.8		15.3
69.9		15.3
70.0		15.3
70.1		15.3
70.2		15.3
70.3		15.3
70.4		15.3
70.5		15.2
70.6		15.2
70.7		15.2
70.8		15.2
70.9		15.2
71.0		15.2
71.1		15.2
71.2		15.2
71.3		15.2
71.4		15.2
71.5		15.2
71.6		15.2
71.7		15.2
71.8		15.2
71.9		15.2
72.0		15.2
72.1		15.2
72.2		15.2
72.3		15.1
72.4		15.1
72.5		15.1
72.6		15.1
72.7		15.1
72.8		15.1
72.9		15.1
73.0		15.1
73.1		15.1
73.2		15.1
73.3		15.1
73.4		15.1
73.5		15.1
73.6		15.1
73.7		15.1
73.8		15.1
73.9		15.1
74.0		15.1
74.1		15.1
74.2		15.0
74.3		15.0
74.4		15.0
74.5		15.0
74.6		15.0
74.7		15.0
74.8		15.0
74.9		15.0
75.0		15.0
75.1		15.0
75.2		15.0
75.3		15.0
75.4		15.0
75.5		15.0
75.6		15.0
75.7		15.0
75.8		15.0
75.9		15.0
76.0		15.0
76.1		14.9
76.2		14.9
76.3		14.9
76.4		14.9
76.5		14.9
76.6		14.9
76.7		14.9
76.8		14.9
76.9		14.9
77.0		14.9
77.1		14.9
77.2		14.9
77.3		14.9
77.4		14.9
77.5		14.9
77.6		14.9
77.7		14.9
77.8		14.9
77.9		14.9
78.0		14.8
78.1		14.8
78.2		14.8
78.3		14.8
78.4		14.8
78.5		14.8
78.6		14.8
78.7		14.8
78.8		14.8
78.9		14.8
79.0		14.8
79.1		14.8
79.2		14.8
79.3		14.8
79.4		14.8
79.5		14.8
79.6		14.8
79.7		14.8
79.8		14.8
79.9		14.8
80.0		14.7
80.1		14.7
80.2		14.7
80.3		14.7
80.4		14.7
80.5		14.7
80.6		14.7
80.7		14.7
80.8		14.7
80.9		14.7
81.0		14.7
81.1		14.7
81.2		14.7
81.3		14.7
81.4		14.7
81.5		14.7
81.6		14.7
81.7		14.7
81.8		14.7
81.9		14.7
82.0		14.6
82.1		14.6
82.2		14.6
82.3		14.6
82.4		14.6
82.5		14.6
82.6		14.6
82.7		14.6
82.8		14.6
82.9		14.6
83.0		14.6
83.1		14.6
83.2		14.6
83.3		14.6
83.4		14.6
83.5		14.6
83.6		14.6
83.7		14.6
83.8		14.6
83.9		14.6
84.0		14.6
84.1		14.5
84.2		14.5
84.3		14.5
84.4		14.5
84.5		14.5
84.6		14.5
84.7		14.5
84.8		14.5
84.9		14.5
85.0		14.5
85.1		14.5
85.2		14.5
85.3		14.5
85.4		14.5
85.5		14.5
85.6		14.5
85.7		14.5
85.8		14.5
85.9		14.5
86.0		14.5
86.1		14.5
86.2		14.4
86.3		14.4
86.4		14.4
86.5		14.4
86.6		14.4
86.7		14.4
86.8		14.4
86.9		14.4
87.0		14.4
87.1		14.4
87.2		14.4
87.3		14.4
87.4		14.4
87.5		14.4
87.6		14.4
87.7		14.4
87.8		14.4
87.9		14.4
88.0		14.4
88.1		14.4
88.2		14.4
88.3		14.4
88.4		14.3
88.5		14.3
88.6		14.3
88.7		14.3
88.8		14.3
88.9		14.3
89.0		14.3
89.1		14.3
89.2		14.3
89.3		14.3
89.4		14.3
89.5		14.3
89.6		14.3
89.7		14.3
89.8		14.3
89.9		14.3
90.0		14.3
90.1		14.3
90.2		14.3
90.3		14.3
90.4		14.3
90.5		14.3
90.6		14.2
90.7		14.2
90.8		14.2
90.9		14.2
91.0		14.2
91.1		14.2
91.2		14.2
91.3		14.2
91.4		14.2
91.5		14.2
91.6		14.2
91.7		14.2
91.8		14.2
91.9		14.2
92.0		14.2
92.1		14.2
92.2		14.2
92.3		14.2
92.4		14.2
92.5		14.2
92.6		14.2
92.7		14.2
92.8		14.1
92.9		14.1
93.0		14.1
93.1		14.1
93.2		14.1
93.3		14.1
93.4		14.1
93.5		14.1
93.6		14.1
93.7		14.1
93.8		14.1
93.9		14.1
94.0		14.1
94.1		14.1
94.2		14.1
94.3		14.1
94.4		14.1
94.5		14.1
94.6		14.1
94.7		14.1
94.8		14.1
94.9		14.1
95.0		14.1
95.1		14.1
95.2		14.0
95.3		14.0
95.4		14.0
95.5		14.0
95.6		14.0
95.7		14.0
95.8		14.0
95.9		14.0
96.0		14.0
96.1		14.0
96.2		14.0
96.3		14.0
96.4		14.0
96.5		14.0
96.6		14.0
96.7		14.0
96.8		14.0
96.9		14.0
97.0		14.0
97.1		14.0
97.2		14.0
97.3		14.0
97.4		14.0
97.5		13.9
97.6		13.9
97.7		13.9
97.8		13.9
97.9		13.9
98.0		13.9
98.1		13.9
98.2		13.9
98.3		13.9
98.4		13.9
98.5		13.9
98.6		13.9
98.7		13.9
98.8		13.9
98.9		13.9
99.0		13.9
99.1		13.9
99.2		13.9
99.3		13.9
99.4		13.9
99.5		13.9
99.6		13.9
99.7		13.9
99.8		13.9
99.9		13.9
100.0		13.8
100.1		13.8
100.2		13.8
100.3		13.8
100.4		13.8
100.5		13.8
100.6		13.8
100.7		13.8
100.8		13.8
100.9		13.8
101.0		13.8
101.1		13.8
101.2		13.8
101.3		13.8
101.4		13.8
101.5		13.8
101.6		13.8
101.7		13.8
101.8		13.8
101.9		13.8
102.0		13.8
102.1		13.8
102.2		13.8
102.3		13.8
102.4		13.8
102.5		13.7
102.6		13.7
102.7		13.7
102.8		13.7
102.9		13.7
103.0		13.7
103.1		13.7
103.2		13.7
103.3		13.7
103.4		13.7
103.5		13.7
103.6		13.7
103.7		13.7
103.8		13.7
103.9		13.7
104.0		13.7
104.1		13.7
104.2		13.7
104.3		13.7
104.4		13.7
104.5		13.7
104.6		13.7
104.7		13.7
104.8		13.7
104.9		13.7
105.0		13.7
105.1		13.6
105.2		13.6
105.3		13.6
105.4		13.6
105.5		13.6
105.6		13.6
105.7		13.6
105.8		13.6
105.9		13.6
106.0		13.6
106.1		13.6
106.2		13.6
106.3		13.6
106.4		13.6
106.5		13.6
106.6		13.6
106.7		13.6
106.8		13.6
106.9		13.6
107.0		13.6
107.1		13.6
107.2		13.6
107.3		13.6
107.4		13.6
107.5		13.6
107.6		13.6
107.7		13.5
107.8		13.5
107.9		13.5
108.0		13.5
108.1		13.5
108.2		13.5
108.3		13.5
108.4		13.5
108.5		13.5
108.6		13.5
108.7		13.5
108.8		13.5
108.9		13.5
109.0		13.5
109.1		13.5
109.2		13.5
109.3		13.5
109.4		13.5
109.5		13.5
109.6		13.5
109.7		13.5
109.8		13.5
109.9		13.5
110.0		13.5
110.1		13.5
110.2		13.5
110.3		13.5
110.4		13.4
110.5		13.4
110.6		13.4
110.7		13.4
110.8		13.4
110.9		13.4
111.0		13.4
111.1		13.4
111.2		13.4
111.3		13.4
111.4		13.4
111.5		13.4
111.6		13.4
111.7		13.4
111.8		13.4
111.9		13.4
112.0		13.4
112.1		13.4
112.2		13.4
112.3		13.4
112.4		13.4
112.5		13.4
112.6		13.4
112.7		13.4
112.8		13.4
112.9		13.4
113.0		13.4
113.1		13.4
113.2		13.3
113.3		13.3
113.4		13.3
113.5		13.3
113.6		13.3
113.7		13.3
113.8		13.3
113.9		13.3
114.0		13.3
114.1		13.3
114.2		13.3
114.3		13.3
114.4		13.3
114.5		13.3
114.6		13.3
114.7		13.3
114.8		13.3
114.9		13.3
115.0		13.3
115.1		13.3
115.2		13.3
115.3		13.3
115.4		13.3
115.5		13.3
115.6		13.3
115.7		13.3
115.8		13.3
115.9		13.3
116.0		13.3
116.1		13.2
116.2		13.2
116.3		13.2
116.4		13.2
116.5		13.2
116.6		13.2
116.7		13.2
116.8		13.2
116.9		13.2
117.0		13.2
117.1		13.2
117.2		13.2
117.3		13.2
117.4		13.2
117.5		13.2
117.6		13.2
117.7		13.2
117.8		13.2
117.9		13.2
118.0		13.2
118.1		13.2
118.2		13.2
118.3		13.2
118.4		13.2
118.5		13.2
118.6		13.2
118.7		13.2
118.8		13.2
118.9		13.2
119.0		13.2
119.1		13.1
119.2		13.1
119.3		13.1
119.4		13.1
119.5		13.1
119.6		13.1
119.7		13.1
119.8		13.1
119.9		13.1
120.0		13.1
120.1		13.1
120.2		13.1
120.3		13.1
120.4		13.1
120.5		13.1
120.6		13.1
120.7		13.1
120.8		13.1
120.9		13.1
121.0		13.1
121.1		13.1
121.2		13.1
121.3		13.1
121.4		13.1
121.5		13.1
121.6		13.1
121.7		13.1
121.8		13.1
121.9		13.1
122.0		13.1
122.1		13.1
122.2		13.0
122.3		13.0
122.4		13.0
122.5		13.0
122.6		13.0
122.7		13.0
122.8		13.0
122.9		13.0
123.0		13.0
123.1		13.0
123.2		13.0
123.3		13.0
123.4		13.0
123.5		13.0
123.6		13.0
123.7		13.0
123.8		13.0
123.9		13.0
124.0		13.0
124.1		13.0
124.2		13.0
124.3		13.0
124.4		13.0
124.5		13.0
124.6		13.0
124.7		13.0
124.8		13.0
124.9		13.0
125.0		13.0
125.1		13.0
125.2		13.0
125.3		12.9
125.4		12.9
125.5		12.9
125.6		12.9
125.7		12.9
125.8		12.9
125.9		12.9
126.0		12.9
126.1		12.9
126.2		12.9
126.3		12.9
126.4		12.9
126.5		12.9
126.6		12.9
126.7		12.9
126.8		12.9
126.9		12.9
127.0		12.9
127.1		12.9
127.2		12.9
127.3		12.9
127.4		12.9
127.5		12.9
127.6		12.9
127.7		12.9
127.8		12.9
127.9		12.9
128.0		12.9
128.1		12.9
128.2		12.9
128.3		12.9
128.4		12.9
128.5		12.9
128.6		12.8
128.7		12.8
128.8		12.8
128.9		12.8
129.0		12.8
129.1		12.8
129.2		12.8
129.3		12.8
129.4		12.8
129.5		12.8
129.6		12.8
129.7		12.8
129.8		12.8
129.9		12.8
130.0		12.8
130.1		12.8
130.2		12.8
130.3		12.8
130.4		12.8
130.5		12.8
130.6		12.8
130.7		12.8
130.8		12.8
130.9		12.8
131.0		12.8
131.1		12.8
131.2		12.8
131.3		12.8
131.4		12.8
131.5		12.8
131.6		12.8
131.7		12.8
131.8		12.8
131.9		12.8
132.0		12.7
132.1		12.7
132.2		12.7
132.3		12.7
132.4		12.7
132.5		12.7
132.6		12.7
132.7		12.7
132.8		12.7
132.9		12.7
133.0		12.7
133.1		12.7
133.2		12.7
133.3		12.7
133.4		12.7
133.5		12.7
133.6		12.7
133.7		12.7
133.8		12.7
133.9		12.7
134.0		12.7
134.1		12.7
134.2		12.7
134.3		12.7
134.4		12.7
134.5		12.7
134.6		12.7
134.7		12.7
134.8		12.7
134.9		12.7
135.0		12.7
135.1		12.7
135.2		12.7
135.3		12.7
135.4		12.7
135.5		12.6
135.6		12.6
135.7		12.6
135.8		12.6
135.9		12.6
136.0		12.6
136.1		12.6
136.2		12.6
136.3		12.6
136.4		12.6
136.5		12.6
136.6		12.6
136.7		12.6
136.8		12.6
136.9		12.6
137.0		12.6
137.1		12.6
137.2		12.6
137.3		12.6
137.4		12.6
137.5		12.6
137.6		12.6
137.7		12.6
137.8		12.6
137.9		12.6
138.0		12.6
138.1		12.6
138.2		12.6
138.3		12.6
138.4		12.6
138.5		12.6
138.6		12.6
138.7		12.6
138.8		12.6
138.9		12.6
139.0		12.6
139.1		12.6
139.2		12.5
139.3		12.5
139.4		12.5
139.5		12.5
139.6		12.5
139.7		12.5
139.8		12.5
139.9		12.5
140.0		12.5
140.1		12.5
140.2		12.5
140.3		12.5
140.4		12.5
140.5		12.5
140.6		12.5
140.7		12.5
140.8		12.5
140.9		12.5
141.0		12.5
141.1		12.5
141.2		12.5
141.3		12.5
141.4		12.5
141.5		12.5
141.6		12.5
141.7		12.5
141.8		12.5
141.9		12.5
142.0		12.5
142.1		12.5
142.2		12.5
142.3		12.5
142.4		12.5
142.5		12.5
142.6		12.5
142.7		12.5
142.8		12.5
142.9		12.5
143.0		12.4
143.1		12.4
143.2		12.4
143.3		12.4
143.4		12.4
143.5		12.4
143.6		12.4
143.7		12.4
143.8		12.4
143.9		12.4
144.0		12.4
144.1		12.4
144.2		12.4
144.3		12.4
144.4		12.4
144.5		12.4
144.6		12.4
144.7		12.4
144.8		12.4
144.9		12.4
145.0		12.4
145.1		12.4
145.2		12.4
145.3		12.4
145.4		12.4
145.5		12.4
145.6		12.4
145.7		12.4
145.8		12.4
145.9		12.4
146.0		12.4
146.1		12.4
146.2		12.4
146.3		12.4
146.4		12.4
146.5		12.4
146.6		12.4
146.7		12.4
146.8		12.4
146.9		12.4
147.0		12.3
147.1		12.3
147.2		12.3
147.3		12.3
147.4		12.3
147.5		12.3
147.6		12.3
147.7		12.3
147.8		12.3
147.9		12.3
148.0		12.3
148.1		12.3
148.2		12.3
148.3		12.3
148.4		12.3
148.5		12.3
148.6		12.3
148.7		12.3
148.8		12.3
148.9		12.3
149.0		12.3
149.1		12.3
149.2		12.3
149.3		12.3
149.4		12.3
149.5		12.3
149.6		12.3
149.7		12.3
149.8		12.3
149.9		12.3
150.0		12.3
150.1		12.3
150.2		12.3
150.3		12.3
150.4		12.3
150.5		12.3
150.6		12.3
150.7		12.3
150.8		12.3
150.9		12.3
151.0		12.3
151.1		12.2
151.2		12.2
151.3		12.2
151.4		12.2
151.5		12.2
151.6		12.2
151.7		12.2
151.8		12.2
151.9		12.2
152.0		12.2
152.1		12.2
152.2		12.2
152.3		12.2
152.4		12.2
152.5		12.2
152.6		12.2
152.7		12.2
152.8		12.2
152.9		12.2
153.0		12.2
153.1		12.2
153.2		12.2
153.3		12.2
153.4		12.2
153.5		12.2
153.6		12.2
153.7		12.2
153.8		12.2
153.9		12.2
154.0		12.2
154.1		12.2
154.2		12.2
154.3		12.2
154.4		12.2
154.5		12.2
154.6		12.2
154.7		12.2
154.8		12.2
154.9		12.2
155.0		12.2
155.1		12.2
155.2		12.2
155.3		12.2
155.4		12.1
155.5		12.1
155.6		12.1
155.7		12.1
155.8		12.1
155.9		12.1
156.0		12.1
156.1		12.1
156.2		12.1
156.3		12.1
156.4		12.1
156.5		12.1
156.6		12.1
156.7		12.1
156.8		12.1
156.9		12.1
157.0		12.1
157.1		12.1
157.2		12.1
157.3		12.1
157.4		12.1
157.5		12.1
157.6		12.1
157.7		12.1
157.8		12.1
157.9		12.1
158.0		12.1
158.1		12.1
158.2		12.1
158.3		12.1
158.4		12.1
158.5		12.1
158.6		12.1
158.7		12.1
158.8		12.1
158.9		12.1
159.0		12.1
159.1		12.1
159.2		12.1
159.3		12.1
159.4		12.1
159.5		12.1
159.6		12.1
159.7		12.1
159.8		12.1
159.9		12.1
160.0		12.0
160.1		12.0
160.2		12.0
160.3		12.0
160.4		12.0
160.5		12.0
160.6		12.0
160.7		12.0
160.8		12.0
160.9		12.0
161.0		12.0
161.1		12.0
161.2		12.0
161.3		12.0
161.4		12.0
161.5		12.0
161.6		12.0
161.7		12.0
161.8		12.0
161.9		12.0
162.0		12.0
162.1		12.0
162.2		12.0
162.3		12.0
162.4		12.0
162.5		12.0
162.6		12.0
162.7		12.0
162.8		12.0
162.9		12.0
163.0		12.0
163.1		12.0
163.2		12.0
163.3		12.0
163.4		12.0
163.5		12.0
163.6		12.0
163.7		12.0
163.8		12.0
163.9		12.0
164.0		12.0
164.1		12.0
164.2		12.0
164.3		12.0
164.4		12.0
164.5		12.0
164.6		12.0
164.7		11.9
164.8		11.9
164.9		11.9
165.0		11.9
165.1		11.9
165.2		11.9
165.3		11.9
165.4		11.9
165.5		11.9
165.6		11.9
165.7		11.9
165.8		11.9
165.9		11.9
166.0		11.9
166.1		11.9
166.2		11.9
166.3		11.9
166.4		11.9
166.5		11.9
166.6		11.9
166.7		11.9
166.8		11.9
166.9		11.9
167.0		11.9
167.1		11.9
167.2		11.9
167.3		11.9
167.4		11.9
167.5		11.9
167.6		11.9
167.7		11.9
167.8		11.9
167.9		11.9
168.0		11.9
168.1		11.9
168.2		11.9
168.3		11.9
168.4		11.9
168.5		11.9
168.6		11.9
168.7		11.9
168.8		11.9
168.9		11.9
169.0		11.9
169.1		11.9
169.2		11.9
169.3		11.9
169.4		11.9
169.5		11.9
169.6		11.9
169.7		11.8
169.8		11.8
169.9		11.8
170.0		11.8
170.1		11.8
170.2		11.8
170.3		11.8
170.4		11.8
170.5		11.8
170.6		11.8
170.7		11.8
170.8		11.8
170.9		11.8
171.0		11.8
171.1		11.8
171.2		11.8
171.3		11.8
171.4		11.8
171.5		11.8
171.6		11.8
171.7		11.8
171.8		11.8
171.9		11.8
172.0		11.8
172.1		11.8
172.2		11.8
172.3		11.8
172.4		11.8
172.5		11.8
172.6		11.8
172.7		11.8
172.8		11.8
172.9		11.8
173.0		11.8
173.1		11.8
173.2		11.8
173.3		11.8
173.4		11.8
173.5		11.8
173.6		11.8
173.7		11.8
173.8		11.8
173.9		11.8
174.0		11.8
174.1		11.8
174.2		11.8
174.3		11.8
174.4		11.8
174.5		11.8
174.6		11.8
174.7		11.8
174.8		11.8
174.9		11.8
175.0		11.7
175.1		11.7
175.2		11.7
175.3		11.7
175.4		11.7
175.5		11.7
175.6		11.7
175.7		11.7
175.8		11.7
175.9		11.7
176.0		11.7
176.1		11.7
176.2		11.7
176.3		11.7
176.4		11.7
176.5		11.7
176.6		11.7
176.7		11.7
176.8		11.7
176.9		11.7
177.0		11.7
177.1		11.7
177.2		11.7
177.3		11.7
177.4		11.7
177.5		11.7
177.6		11.7
177.7		11.7
177.8		11.7
177.9		11.7
178.0		11.7
178.1		11.7
178.2		11.7
178.3		11.7
178.4		11.7
178.5		11.7
178.6		11.7
178.7		11.7
178.8		11.7
178.9		11.7
179.0		11.7
179.1		11.7
179.2		11.7
179.3		11.7
179.4		11.7
179.5		11.7
179.6		11.7
179.7		11.7
179.8		11.7
179.9		11.7
180.0		11.7
180.1		11.7
180.2		11.7
180.3		11.7
180.4		11.7
180.5		11.7
180.6		11.6
180.7		11.6
180.8		11.6
180.9		11.6
181.0		11.6
181.1		11.6
181.2		11.6
181.3		11.6
181.4		11.6
181.5		11.6
181.6		11.6
181.7		11.6
181.8		11.6
181.9		11.6
182.0		11.6
182.1		11.6
182.2		11.6
182.3		11.6
182.4		11.6
182.5		11.6
182.6		11.6
182.7		11.6
182.8		11.6
182.9		11.6
183.0		11.6
183.1		11.6
183.2		11.6
183.3		11.6
183.4		11.6
183.5		11.6
183.6		11.6
183.7		11.6
183.8		11.6
183.9		11.6
184.0		11.6
184.1		11.6
184.2		11.6
184.3		11.6
184.4		11.6
184.5		11.6
184.6		11.6
184.7		11.6
184.8		11.6
184.9		11.6
185.0		11.6
185.1		11.6
185.2		11.6
185.3		11.6
185.4		11.6
185.5		11.6
185.6		11.6
185.7		11.6
185.8		11.6
185.9		11.6
186.0		11.6
186.1		11.6
186.2		11.6
186.3		11.6
186.4		11.6
186.5		11.6
186.6		11.5
186.7		11.5
186.8		11.5
186.9		11.5
187.0		11.5
187.1		11.5
187.2		11.5
187.3		11.5
187.4		11.5
187.5		11.5
187.6		11.5
187.7		11.5
187.8		11.5
187.9		11.5
188.0		11.5
188.1		11.5
188.2		11.5
188.3		11.5
188.4		11.5
188.5		11.5
188.6		11.5
188.7		11.5
188.8		11.5
188.9		11.5
189.0		11.5
189.1		11.5
189.2		11.5
189.3		11.5
189.4		11.5
189.5		11.5
189.6		11.5
189.7		11.5
189.8		11.5
189.9		11.5
190.0		11.5
190.1		11.5
190.2		11.5
190.3		11.5
190.4		11.5
190.5		11.5
190.6		11.5
190.7		11.5
190.8		11.5
190.9		11.5
191.0		11.5
191.1		11.5
191.2		11.5
191.3		11.5
191.4		11.5
191.5		11.5
191.6		11.5
191.7		11.5
191.8		11.5
191.9		11.5
192.0		11.5
192.1		11.5
192.2		11.5
192.3		11.5
192.4		11.5
192.5		11.5
192.6		11.5
192.7		11.5
192.8		11.5
192.9		11.4
193.0		11.4
193.1		11.4
193.2		11.4
193.3		11.4
193.4		11.4
193.5		11.4
193.6		11.4
193.7		11.4
193.8		11.4
193.9		11.4
194.0		11.4
194.1		11.4
194.2		11.4
194.3		11.4
194.4		11.4
194.5		11.4
194.6		11.4
194.7		11.4
194.8		11.4
194.9		11.4
195.0		11.4
195.1		11.4
195.2		11.4
195.3		11.4
195.4		11.4
195.5		11.4
195.6		11.4
195.7		11.4
195.8		11.4
195.9		11.4
196.0		11.4
196.1		11.4
196.2		11.4
196.3		11.4
196.4		11.4
196.5		11.4
196.6		11.4
196.7		11.4
196.8		11.4
196.9		11.4
197.0		11.4
197.1		11.4
197.2		11.4
197.3		11.4
197.4		11.4
197.5		11.4
197.6		11.4
197.7		11.4
197.8		11.4
197.9		11.4
198.0		11.4
198.1		11.4
198.2		11.4
198.3		11.4
198.4		11.4
198.5		11.4
198.6		11.4
198.7		11.4
198.8		11.4
198.9		11.4
199.0		11.4
199.1		11.4
199.2		11.4
199.3		11.4
199.4		11.4
199.5		11.4
199.6		11.4
199.7		11.3
199.8		11.3
199.9		11.3
200.0		11.3
200.1		11.3
200.2		11.3
200.3		11.3
200.4		11.3
200.5		11.3
200.6		11.3
200.7		11.3
200.8		11.3
200.9		11.3
201.0		11.3
201.1		11.3
201.2		11.3
201.3		11.3
201.4		11.3
201.5		11.3
201.6		11.3
201.7		11.3
201.8		11.3
201.9		11.3
202.0		11.3
202.1		11.3
202.2		11.3
202.3		11.3
202.4		11.3
202.5		11.3
202.6		11.3
202.7		11.3
202.8		11.3
202.9		11.3
203.0		11.3
203.1		11.3
203.2		11.3
203.3		11.3
203.4		11.3
203.5		11.3
203.6		11.3
203.7		11.3
203.8		11.3
203.9		11.3
204.0		11.3
204.1		11.3
204.2		11.3
204.3		11.3
204.4		11.3
204.5		11.3
204.6		11.3
204.7		11.3
204.8		11.3
204.9		11.3
205.0		11.3
205.1		11.3
205.2		11.3
205.3		11.3
205.4		11.3
205.5		11.3
205.6		11.3
205.7		11.3
205.8		11.3
205.9		11.3
206.0		11.3
206.1		11.3
206.2		11.3
206.3		11.3
206.4		11.3
206.5		11.3
206.6		11.3
206.7		11.3
206.8		11.3
206.9		11.3
207.0		11.3
207.1		11.2
207.2		11.2
207.3		11.2
207.4		11.2
207.5		11.2
207.6		11.2
207.7		11.2
207.8		11.2
207.9		11.2
208.0		11.2
208.1		11.2
208.2		11.2
208.3		11.2
208.4		11.2
208.5		11.2
208.6		11.2
208.7		11.2
208.8		11.2
208.9		11.2
209.0		11.2
209.1		11.2
209.2		11.2
209.3		11.2
209.4		11.2
209.5		11.2
209.6		11.2
209.7		11.2
209.8		11.2
209.9		11.2
210.0		11.2
210.1		11.2
210.2		11.2
210.3		11.2
210.4		11.2
210.5		11.2
210.6		11.2
210.7		11.2
210.8		11.2
210.9		11.2
211.0		11.2
211.1		11.2
211.2		11.2
211.3		11.2
211.4		11.2
211.5		11.2
211.6		11.2
211.7		11.2
211.8		11.2
211.9		11.2
212.0		11.2
212.1		11.2
212.2		11.2
212.3		11.2
212.4		11.2
212.5		11.2
212.6		11.2
212.7		11.2
212.8		11.2
212.9		11.2
213.0		11.2
213.1		11.2
213.2		11.2
213.3		11.2
213.4		11.2
213.5		11.2
213.6		11.2
213.7		11.2
213.8		11.2
213.9		11.2
214.0		11.2
214.1		11.2
214.2		11.2
214.3		11.2
214.4		11.2
214.5		11.2
214.6		11.2
214.7		11.2
214.8		11.2
214.9		11.2
215.0		11.1
215.1		11.1
215.2		11.1
215.3		11.1
215.4		11.1
215.5		11.1
215.6		11.1
215.7		11.1
215.8		11.1
215.9		11.1
216.0		11.1
216.1		11.1
216.2		11.1
216.3		11.1
216.4		11.1
216.5		11.1
216.6		11.1
216.7		11.1
216.8		11.1
216.9		11.1
217.0		11.1
217.1		11.1
217.2		11.1
217.3		11.1
217.4		11.1
217.5		11.1
217.6		11.1
217.7		11.1
217.8		11.1
217.9		11.1
218.0		11.1
218.1		11.1
218.2		11.1
218.3		11.1
218.4		11.1
218.5		11.1
218.6		11.1
218.7		11.1
218.8		11.1
218.9		11.1
219.0		11.1
219.1		11.1
219.2		11.1
219.3		11.1
219.4		11.1
219.5		11.1
219.6		11.1
219.7		11.1
219.8		11.1
219.9		11.1
220.0		11.1
220.1		11.1
220.2		11.1
220.3		11.1
220.4		11.1
220.5		11.1
220.6		11.1
220.7		11.1
220.8		11.1
220.9		11.1
221.0		11.1
221.1		11.1
221.2		11.1
221.3		11.1
221.4		11.1
221.5		11.1
221.6		11.1
221.7		11.1
221.8		11.1
221.9		11.1
222.0		11.1
222.1		11.1
222.2		11.1
222.3		11.1
222.4		11.1
222.5		11.1
222.6		11.1
222.7		11.1
222.8		11.1
222.9		11.1
223.0		11.1
223.1		11.1
223.2		11.1
223.3		11.1
223.4		11.1
223.5		11.1
223.6		11.1
223.7		11.0
223.8		11.0
223.9		11.0
224.0		11.0
224.1		11.0
224.2		11.0
224.3		11.0
224.4		11.0
224.5		11.0
224.6		11.0
224.7		11.0
224.8		11.0
224.9		11.0
225.0		11.0
225.1		11.0
225.2		11.0
225.3		11.0
225.4		11.0
225.5		11.0
225.6		11.0
225.7		11.0
225.8		11.0
225.9		11.0
226.0		11.0
226.1		11.0
226.2		11.0
226.3		11.0
226.4		11.0
226.5		11.0
226.6		11.0
226.7		11.0
226.8		11.0
226.9		11.0
227.0		11.0
227.1		11.0
227.2		11.0
227.3		11.0
227.4		11.0
227.5		11.0
227.6		11.0
227.7		11.0
227.8		11.0
227.9		11.0
228.0		11.0
228.1		11.0
228.2		11.0
228.3		11.0
228.4		11.0
228.5		11.0
228.6		11.0
228.7		11.0
228.8		11.0
228.9		11.0
229.0		11.0
229.1		11.0
229.2		11.0
229.3		11.0
229.4		11.0
229.5		11.0
229.6		11.0
229.7		11.0
229.8		11.0
229.9		11.0
230.0		11.0
230.1		11.0
230.2		11.0
230.3		11.0
230.4		11.0
230.5		11.0
230.6		11.0
230.7		11.0
230.8		11.0
230.9		11.0
231.0		11.0
231.1		11.0
231.2		11.0
231.3		11.0
231.4		11.0
231.5		11.0
231.6		11.0
231.7		11.0
231.8		11.0
231.9		11.0
232.0		11.0
232.1		11.0
232.2		11.0
232.3		11.0
232.4		11.0
232.5		11.0
232.6		11.0
232.7		11.0
232.8		11.0
232.9		11.0
233.0		11.0
233.1		11.0
233.2		10.9
233.3		10.9
233.4		10.9
233.5		10.9
233.6		10.9
233.7		10.9
233.8		10.9
233.9		10.9
234.0		10.9
234.1		10.9
234.2		10.9
234.3		10.9
234.4		10.9
234.5		10.9
234.6		10.9
234.7		10.9
234.8		10.9
234.9		10.9
235.0		10.9
235.1		10.9
235.2		10.9
235.3		10.9
235.4		10.9
235.5		10.9
235.6		10.9
235.7		10.9
235.8		10.9
235.9		10.9
236.0		10.9
236.1		10.9
236.2		10.9
236.3		10.9
236.4		10.9
236.5		10.9
236.6		10.9
236.7		10.9
236.8		10.9
236.9		10.9
237.0		10.9
237.1		10.9
237.2		10.9
237.3		10.9
237.4		10.9
237.5		10.9
237.6		10.9
237.7		10.9
237.8		10.9
237.9		10.9
238.0		10.9
238.1		10.9
238.2		10.9
238.3		10.9
238.4		10.9
238.5		10.9
238.6		10.9
238.7		10.9
238.8		10.9
238.9		10.9
239.0		10.9
239.1		10.9
239.2		10.9
239.3		10.9
239.4		10.9
239.5		10.9
239.6		10.9
239.7		10.9
239.8		10.9
239.9		10.9
240.0		10.9
240.1		10.9
240.2		10.9
240.3		10.9
240.4		10.9
240.5		10.9
240.6		10.9
240.7		10.9
240.8		10.9
240.9		10.9
241.0		10.9
241.1		10.9
241.2		10.9
241.3		10.9
241.4		10.9
241.5		10.9
241.6		10.9
241.7		10.9
241.8		10.9
241.9		10.9
242.0		10.9
242.1		10.9
242.2		10.9
242.3		10.9
242.4		10.9
242.5		10.9
242.6		10.9
242.7		10.9
242.8		10.9
242.9		10.9
243.0		10.9
243.1		10.9
243.2		10.9
243.3		10.9
243.4		10.9
243.5		10.9
243.6		10.9
243.7		10.9
243.8		10.8
243.9		10.8
244.0		10.8
244.1		10.8
244.2		10.8
244.3		10.8
244.4		10.8
244.5		10.8
244.6		10.8
244.7		10.8
244.8		10.8
244.9		10.8
245.0		10.8
245.1		10.8
245.2		10.8
245.3		10.8
245.4		10.8
245.5		10.8
245.6		10.8
245.7		10.8
245.8		10.8
245.9		10.8
246.0		10.8
246.1		10.8
246.2		10.8
246.3		10.8
246.4		10.8
246.5		10.8
246.6		10.8
246.7		10.8
246.8		10.8
246.9		10.8
247.0		10.8
247.1		10.8
247.2		10.8
247.3		10.8
247.4		10.8
247.5		10.8
247.6		10.8
247.7		10.8
247.8		10.8
247.9		10.8
248.0		10.8
248.1		10.8
248.2		10.8
248.3		10.8
248.4		10.8
248.5		10.8
248.6		10.8
248.7		10.8
248.8		10.8
248.9		10.8
249.0		10.8
249.1		10.8
249.2		10.8
249.3		10.8
249.4		10.8
249.5		10.8
249.6		10.8
249.7		10.8
249.8		10.8
249.9		10.8
250.0		10.8
250.1		10.8
250.2		10.8
250.3		10.8
250.4		10.8
250.5		10.8
250.6		10.8
250.7		10.8
250.8		10.8
250.9		10.8
251.0		10.8
251.1		10.8
251.2		10.8
251.3		10.8
251.4		10.8
251.5		10.8
251.6		10.8
251.7		10.8
251.8		10.8
251.9		10.8
252.0		10.8
252.1		10.8
252.2		10.8
252.3		10.8
252.4		10.8
252.5		10.8
252.6		10.8
252.7		10.8
252.8		10.8
252.9		10.8
253.0		10.8
253.1		10.8
253.2		10.8
253.3		10.8
253.4		10.8
253.5		10.8
253.6		10.8
253.7		10.8
253.8		10.8
253.9		10.8
254.0		10.8
254.1		10.8
254.2		10.8
254.3		10.8
254.4		10.8
254.5		10.8
254.6		10.8
254.7		10.8
254.8		10.8
254.9		10.8
255.0		10.8
255.1		10.8
255.2		10.8
255.3		10.8
255.4		10.8
255.5		10.8
255.6		10.8
255.7		10.7
255.8		10.7
255.9		10.7
256.0		10.7
256.1		10.7
256.2		10.7
256.3		10.7
256.4		10.7
256.5		10.7
256.6		10.7
256.7		10.7
256.8		10.7
256.9		10.7
257.0		10.7
257.1		10.7
257.2		10.7
257.3		10.7
257.4		10.7
257.5		10.7
257.6		10.7
257.7		10.7
257.8		10.7
257.9		10.7
258.0		10.7
258.1		10.7
258.2		10.7
258.3		10.7
258.4		10.7
258.5		10.7
258.6		10.7
258.7		10.7
258.8		10.7
258.9		10.7
259.0		10.7
259.1		10.7
259.2		10.7
259.3		10.7
259.4		10.7
259.5		10.7
259.6		10.7
259.7		10.7
259.8		10.7
259.9		10.7
260.0		10.7
260.1		10.7
260.2		10.7
260.3		10.7
260.4		10.7
260.5		10.7
260.6		10.7
260.7		10.7
260.8		10.7
260.9		10.7
261.0		10.7
261.1		10.7
261.2		10.7
261.3		10.7
261.4		10.7
261.5		10.7
261.6		10.7
261.7		10.7
261.8		10.7
261.9		10.7
262.0		10.7
262.1		10.7
262.2		10.7
262.3		10.7
262.4		10.7
262.5		10.7
262.6		10.7
262.7		10.7
262.8		10.7
262.9		10.7
263.0		10.7
263.1		10.7
263.2		10.7
263.3		10.7
263.4		10.7
263.5		10.7
263.6		10.7
263.7		10.7
263.8		10.7
263.9		10.7
264.0		10.7
264.1		10.7
264.2		10.7
264.3		10.7
264.4		10.7
264.5		10.7
264.6		10.7
264.7		10.7
264.8		10.7
264.9		10.7
265.0		10.7
265.1		10.7
265.2		10.7
265.3		10.7
265.4		10.7
265.5		10.7
265.6		10.7
265.7		10.7
265.8		10.7
265.9		10.7
266.0		10.7
266.1		10.7
266.2		10.7
266.3		10.7
266.4		10.7
266.5		10.7
266.6		10.7
266.7		10.7
266.8		10.7
266.9		10.7
267.0		10.7
267.1		10.7
267.2		10.7
267.3		10.7
267.4		10.7
267.5		10.7
267.6		10.7
267.7		10.7
267.8		10.7
267.9		10.7
268.0		10.7
268.1		10.7
268.2		10.7
268.3		10.7
268.4		10.7
268.5		10.7
268.6		10.7
268.7		10.7
268.8		10.7
268.9		10.7
269.0		10.7
269.1		10.7
269.2		10.7
269.3		10.6
269.4		10.6
269.5		10.6
269.6		10.6
269.7		10.6
269.8		10.6
269.9		10.6
270.0		10.6
270.1		10.6
270.2		10.6
270.3		10.6
270.4		10.6
270.5		10.6
270.6		10.6
270.7		10.6
270.8		10.6
270.9		10.6
271.0		10.6
271.1		10.6
271.2		10.6
271.3		10.6
271.4		10.6
271.5		10.6
271.6		10.6
271.7		10.6
271.8		10.6
271.9		10.6
272.0		10.6
272.1		10.6
272.2		10.6
272.3		10.6
272.4		10.6
272.5		10.6
272.6		10.6
272.7		10.6
272.8		10.6
272.9		10.6
273.0		10.6
273.1		10.6
273.2		10.6
273.3		10.6
273.4		10.6
273.5		10.6
273.6		10.6
273.7		10.6
273.8		10.6
273.9		10.6
274.0		10.6
274.1		10.6
274.2		10.6
274.3		10.6
274.4		10.6
274.5		10.6
274.6		10.6
274.7		10.6
274.8		10.6
274.9		10.6
275.0		10.6
275.1		10.6
275.2		10.6
275.3		10.6
275.4		10.6
275.5		10.6
275.6		10.6
275.7		10.6
275.8		10.6
275.9		10.6
276.0		10.6
276.1		10.6
276.2		10.6
276.3		10.6
276.4		10.6
276.5		10.6
276.6		10.6
276.7		10.6
276.8		10.6
276.9		10.6
277.0		10.6
277.1		10.6
277.2		10.6
277.3		10.6
277.4		10.6
277.5		10.6
277.6		10.6
277.7		10.6
277.8		10.6
277.9		10.6
278.0		10.6
278.1		10.6
278.2		10.6
278.3		10.6
278.4		10.6
278.5		10.6
278.6		10.6
278.7		10.6
278.8		10.6
278.9		10.6
279.0		10.6
279.1		10.6
279.2		10.6
279.3		10.6
279.4		10.6
279.5		10.6
279.6		10.6
279.7		10.6
279.8		10.6
279.9		10.6
280.0		10.6
280.1		10.6
280.2		10.6
280.3		10.6
280.4		10.6
280.5		10.6
280.6		10.6
280.7		10.6
280.8		10.6
280.9		10.6
281.0		10.6
281.1		10.6
281.2		10.6
281.3		10.6
281.4		10.6
281.5		10.6
281.6		10.6
281.7		10.6
281.8		10.6
281.9		10.6
282.0		10.6
282.1		10.6
282.2		10.6
282.3		10.6
282.4		10.6
282.5		10.6
282.6		10.6
282.7		10.6
282.8		10.6
282.9		10.6
283.0		10.6
283.1		10.6
283.2		10.6
283.3		10.6
283.4		10.6
283.5		10.6
283.6		10.6
283.7		10.6
283.8		10.6
283.9		10.6
284.0		10.6
284.1		10.6
284.2		10.6
284.3		10.6
284.4		10.6
284.5		10.6
284.6		10.6
284.7		10.6
284.8		10.6
284.9		10.6
285.0		10.6
285.1		10.6
285.2		10.5
285.3		10.5
285.4		10.5
285.5		10.5
285.6		10.5
285.7		10.5
285.8		10.5
285.9		10.5
286.0		10.5
286.1		10.5
286.2		10.5
286.3		10.5
286.4		10.5
286.5		10.5
286.6		10.5
286.7		10.5
286.8		10.5
286.9		10.5
287.0		10.5
287.1		10.5
287.2		10.5
287.3		10.5
287.4		10.5
287.5		10.5
287.6		10.5
287.7		10.5
287.8		10.5
287.9		10.5
288.0		10.5
288.1		10.5
288.2		10.5
288.3		10.5
288.4		10.5
288.5		10.5
288.6		10.5
288.7		10.5
288.8		10.5
288.9		10.5
289.0		10.5
289.1		10.5
289.2		10.5
289.3		10.5
289.4		10.5
289.5		10.5
289.6		10.5
289.7		10.5
289.8		10.5
289.9		10.5
290.0		10.5
290.1		10.5
290.2		10.5
290.3		10.5
290.4		10.5
290.5		10.5
290.6		10.5
290.7		10.5
290.8		10.5
290.9		10.5
291.0		10.5
291.1		10.5
291.2		10.5
291.3		10.5
291.4		10.5
291.5		10.5
291.6		10.5
291.7		10.5
291.8		10.5
291.9		10.5
292.0		10.5
292.1		10.5
292.2		10.5
292.3		10.5
292.4		10.5
292.5		10.5
292.6		10.5
292.7		10.5
292.8		10.5
292.9		10.5
293.0		10.5
293.1		10.5
293.2		10.5
293.3		10.5
293.4		10.5
293.5		10.5
293.6		10.5
293.7		10.5
293.8		10.5
293.9		10.5
294.0		10.5
294.1		10.5
294.2		10.5
294.3		10.5
294.4		10.5
294.5		10.5
294.6		10.5
294.7		10.5
294.8		10.5
294.9		10.5
295.0		10.5
295.1		10.5
295.2		10.5
295.3		10.5
295.4		10.5
295.5		10.5
295.6		10.5
295.7		10.5
295.8		10.5
295.9		10.5
296.0		10.5
296.1		10.5
296.2		10.5
296.3		10.5
296.4		10.5
296.5		10.5
296.6		10.5
296.7		10.5
296.8		10.5
296.9		10.5
297.0		10.5
297.1		10.5
297.2		10.5
297.3		10.5
297.4		10.5
297.5		10.5
297.6		10.5
297.7		10.5
297.8		10.5
297.9		10.5
298.0		10.5
298.1		10.5
298.2		10.5
298.3		10.5
298.4		10.5
298.5		10.5
298.6		10.5
298.7		10.5
298.8		10.5
298.9		10.5
299.0		10.5
299.1		10.5
299.2		10.5
299.3		10.5
299.4		10.5
299.5		10.5
299.6		10.5
299.7		10.5
299.8		10.5
299.9		10.5
300.0		10.5
300.1		10.5
300.2		10.5
300.3		10.5
300.4		10.5
300.5		10.5
300.6		10.5
300.7		10.5
300.8		10.5
300.9		10.5
301.0		10.5
301.1		10.5
301.2		10.5
301.3		10.5
301.4		10.5
301.5		10.5
301.6		10.5
301.7		10.5
301.8		10.5
301.9		10.5
302.0		10.5
302.1		10.5
302.2		10.5
302.3		10.5
302.4		10.5
302.5		10.5
302.6		10.5
302.7		10.5
302.8		10.5
302.9		10.5
303.0		10.5
303.1		10.5
303.2		10.5
303.3		10.5
303.4		10.5
303.5		10.5
303.6		10.5
303.7		10.5
303.8		10.5
303.9		10.5
304.0		10.5
304.1		10.5
304.2		10.5
304.3		10.4
304.4		10.4
304.5		10.4
304.6		10.4
304.7		10.4
304.8		10.4
304.9		10.4
305.0		10.4
305.1		10.4
305.2		10.4
305.3		10.4
305.4		10.4
305.5		10.4
305.6		10.4
305.7		10.4
305.8		10.4
305.9		10.4
306.0		10.4
306.1		10.4
306.2		10.4
306.3		10.4
306.4		10.4
306.5		10.4
306.6		10.4
306.7		10.4
306.8		10.4
306.9		10.4
307.0		10.4
307.1		10.4
307.2		10.4
307.3		10.4
307.4		10.4
307.5		10.4
307.6		10.4
307.7		10.4
307.8		10.4
307.9		10.4
308.0		10.4
308.1		10.4
308.2		10.4
308.3		10.4
308.4		10.4
308.5		10.4
308.6		10.4
308.7		10.4
308.8		10.4
308.9		10.4
309.0		10.4
309.1		10.4
309.2		10.4
309.3		10.4
309.4		10.4
309.5		10.4
309.6		10.4
309.7		10.4
309.8		10.4
309.9		10.4
310.0		10.4
310.1		10.4
310.2		10.4
310.3		10.4
310.4		10.4
310.5		10.4
310.6		10.4
310.7		10.4
310.8		10.4
310.9		10.4
311.0		10.4
311.1		10.4
311.2		10.4
311.3		10.4
311.4		10.4
311.5		10.4
311.6		10.4
311.7		10.4
311.8		10.4
311.9		10.4
312.0		10.4
312.1		10.4
312.2		10.4
312.3		10.4
312.4		10.4
312.5		10.4
312.6		10.4
312.7		10.4
312.8		10.4
312.9		10.4
313.0		10.4
313.1		10.4
313.2		10.4
313.3		10.4
313.4		10.4
313.5		10.4
313.6		10.4
313.7		10.4
313.8		10.4
313.9		10.4
314.0		10.4
314.1		10.4
314.2		10.4
314.3		10.4
314.4		10.4
314.5		10.4
314.6		10.4
314.7		10.4
314.8		10.4
314.9		10.4
315.0		10.4
315.1		10.4
315.2		10.4
315.3		10.4
315.4		10.4
315.5		10.4
315.6		10.4
315.7		10.4
315.8		10.4
315.9		10.4
316.0		10.4
316.1		10.4
316.2		10.4
316.3		10.4
316.4		10.4
316.5		10.4
316.6		10.4
316.7		10.4
316.8		10.4
316.9		10.4
317.0		10.4
317.1		10.4
317.2		10.4
317.3		10.4
317.4		10.4
317.5		10.4
317.6		10.4
317.7		10.4
317.8		10.4
317.9		10.4
318.0		10.4
318.1		10.4
318.2		10.4
318.3		10.4
318.4		10.4
318.5		10.4
318.6		10.4
318.7		10.4
318.8		10.4
318.9		10.4
319.0		10.4
319.1		10.4
319.2		10.4
319.3		10.4
319.4		10.4
319.5		10.4
319.6		10.4
319.7		10.4
319.8		10.4
319.9		10.4
320.0		10.4
320.1		10.4
320.2		10.4
320.3		10.4
320.4		10.4
320.5		10.4
320.6		10.4
320.7		10.4
320.8		10.4
320.9		10.4
321.0		10.4
321.1		10.4
321.2		10.4
321.3		10.4
321.4		10.4
321.5		10.4
321.6		10.4
321.7		10.4
321.8		10.4
321.9		10.4
322.0		10.4
322.1		10.4
322.2		10.4
322.3		10.4
322.4		10.4
322.5		10.4
322.6		10.4
322.7		10.4
322.8		10.4
322.9		10.4
323.0		10.4
323.1		10.4
323.2		10.4
323.3		10.4
323.4		10.4
323.5		10.4
323.6		10.4
323.7		10.4
323.8		10.4
323.9		10.4
324.0		10.4
324.1		10.4
324.2		10.4
324.3		10.4
324.4		10.4
324.5		10.4
324.6		10.4
324.7		10.4
324.8		10.4
324.9		10.4
325.0		10.4
325.1		10.4
325.2		10.4
325.3		10.4
325.4		10.4
325.5		10.4
325.6		10.4
325.7		10.4
325.8		10.4
325.9		10.4
326.0		10.4
326.1		10.4
326.2		10.4
326.3		10.4
326.4		10.4
326.5		10.4
326.6		10.4
326.7		10.4
326.8		10.4
326.9		10.4
327.0		10.4
327.1		10.4
327.2		10.4
327.3		10.4
327.4		10.4
327.5		10.4
327.6		10.4
327.7		10.4
327.8		10.4
327.9		10.4
328.0		10.4
328.1		10.4
328.2		10.3
328.3		10.3
328.4		10.3
328.5		10.3
328.6		10.3
328.7		10.3
328.8		10.3
328.9		10.3
329.0		10.3
329.1		10.3
329.2		10.3
329.3		10.3
329.4		10.3
329.5		10.3
329.6		10.3
329.7		10.3
329.8		10.3
329.9		10.3
330.0		10.3
330.1		10.3
330.2		10.3
330.3		10.3
330.4		10.3
330.5		10.3
330.6		10.3
330.7		10.3
330.8		10.3
330.9		10.3
331.0		10.3
331.1		10.3
331.2		10.3
331.3		10.3
331.4		10.3
331.5		10.3
331.6		10.3
331.7		10.3
331.8		10.3
331.9		10.3
332.0		10.3
332.1		10.3
332.2		10.3
332.3		10.3
332.4		10.3
332.5		10.3
332.6		10.3
332.7		10.3
332.8		10.3
332.9		10.3
333.0		10.3
333.1		10.3
333.2		10.3
333.3		10.3
333.4		10.3
333.5		10.3
333.6		10.3
333.7		10.3
333.8		10.3
333.9		10.3
334.0		10.3
334.1		10.3
334.2		10.3
334.3		10.3
334.4		10.3
334.5		10.3
334.6		10.3
334.7		10.3
334.8		10.3
334.9		10.3
335.0		10.3
335.1		10.3
335.2		10.3
335.3		10.3
335.4		10.3
335.5		10.3
335.6		10.3
335.7		10.3
335.8		10.3
335.9		10.3
336.0		10.3
336.1		10.3
336.2		10.3
336.3		10.3
336.4		10.3
336.5		10.3
336.6		10.3
336.7		10.3
336.8		10.3
336.9		10.3
337.0		10.3
337.1		10.3
337.2		10.3
337.3		10.3
337.4		10.3
337.5		10.3
337.6		10.3
337.7		10.3
337.8		10.3
337.9		10.3
338.0		10.3
338.1		10.3
338.2		10.3
338.3		10.3
338.4		10.3
338.5		10.3
338.6		10.3
338.7		10.3
338.8		10.3
338.9		10.3
339.0		10.3
339.1		10.3
339.2		10.3
339.3		10.3
339.4		10.3
339.5		10.3
339.6		10.3
339.7		10.3
339.8		10.3
339.9		10.3
340.0		10.3
340.1		10.3
340.2		10.3
340.3		10.3
340.4		10.3
340.5		10.3
340.6		10.3
340.7		10.3
340.8		10.3
340.9		10.3
341.0		10.3
341.1		10.3
341.2		10.3
341.3		10.3
341.4		10.3
341.5		10.3
341.6		10.3
341.7		10.3
341.8		10.3
341.9		10.3
342.0		10.3
342.1		10.3
342.2		10.3
342.3		10.3
342.4		10.3
342.5		10.3
342.6		10.3
342.7		10.3
342.8		10.3
342.9		10.3
343.0		10.3
343.1		10.3
343.2		10.3
343.3		10.3
343.4		10.3
343.5		10.3
343.6		10.3
343.7		10.3
343.8		10.3
343.9		10.3
344.0		10.3
344.1		10.3
344.2		10.3
344.3		10.3
344.4		10.3
344.5		10.3
344.6		10.3
344.7		10.3
344.8		10.3
344.9		10.3
345.0		10.3
345.1		10.3
345.2		10.3
345.3		10.3
345.4		10.3
345.5		10.3
345.6		10.3
345.7		10.3
345.8		10.3
345.9		10.3
346.0		10.3
346.1		10.3
346.2		10.3
346.3		10.3
346.4		10.3
346.5		10.3
346.6		10.3
346.7		10.3
346.8		10.3
346.9		10.3
347.0		10.3
347.1		10.3
347.2		10.3
347.3		10.3
347.4		10.3
347.5		10.3
347.6		10.3
347.7		10.3
347.8		10.3
347.9		10.3
348.0		10.3
348.1		10.3
348.2		10.3
348.3		10.3
348.4		10.3
348.5		10.3
348.6		10.3
348.7		10.3
348.8		10.3
348.9		10.3
349.0		10.3
349.1		10.3
349.2		10.3
349.3		10.3
349.4		10.3
349.5		10.3
349.6		10.3
349.7		10.3
349.8		10.3
349.9		10.3
350.0		10.3
350.1		10.3
350.2		10.3
350.3		10.3
350.4		10.3
350.5		10.3
350.6		10.3
350.7		10.3
350.8		10.3
350.9		10.3
351.0		10.3
351.1		10.3
351.2		10.3
351.3		10.3
351.4		10.3
351.5		10.3
351.6		10.3
351.7		10.3
351.8		10.3
351.9		10.3
352.0		10.3
352.1		10.3
352.2		10.3
352.3		10.3
352.4		10.3
352.5		10.3
352.6		10.3
352.7		10.3
352.8		10.3
352.9		10.3
353.0		10.3
353.1		10.3
353.2		10.3
353.3		10.3
353.4		10.3
353.5		10.3
353.6		10.3
353.7		10.3
353.8		10.3
353.9		10.3
354.0		10.3
354.1		10.3
354.2		10.3
354.3		10.3
354.4		10.3
354.5		10.3
354.6		10.3
354.7		10.3
354.8		10.3
354.9		10.3
355.0		10.3
355.1		10.3
355.2		10.3
355.3		10.3
355.4		10.3
355.5		10.3
355.6		10.3
355.7		10.3
355.8		10.3
355.9		10.3
356.0		10.3
356.1		10.3
356.2		10.3
356.3		10.3
356.4		10.3
356.5		10.3
356.6		10.3
356.7		10.3
356.8		10.3
356.9		10.3
357.0		10.3
357.1		10.3
357.2		10.3
357.3		10.3
357.4		10.3
357.5		10.3
357.6		10.3
357.7		10.3
357.8		10.3
357.9		10.3
358.0		10.3
358.1		10.3
358.2		10.3
358.3		10.3
358.4		10.3
358.5		10.3
358.6		10.3
358.7		10.3
358.8		10.3
358.9		10.3
359.0		10.3
359.1		10.3
359.2		10.3
359.3		10.3
359.4		10.3
359.5		10.3
359.6		10.3
359.7		10.3
359.8		10.3
359.9		10.3
360.0		10.3
360.1		10.3
360.2		10.3
360.3		10.2
360.4		10.2
360.5		10.2
360.6		10.2
360.7		10.2
360.8		10.2
360.9		10.2
361.0		10.2
361.1		10.2
361.2		10.2
361.3		10.2
361.4		10.2
361.5		10.2
361.6		10.2
361.7		10.2
361.8		10.2
361.9		10.2
362.0		10.2
362.1		10.2
362.2		10.2
362.3		10.2
362.4		10.2
362.5		10.2
362.6		10.2
362.7		10.2
362.8		10.2
362.9		10.2
363.0		10.2
363.1		10.2
363.2		10.2
363.3		10.2
363.4		10.2
363.5		10.2
363.6		10.2
363.7		10.2
363.8		10.2
363.9		10.2
364.0		10.2
364.1		10.2
364.2		10.2
364.3		10.2
364.4		10.2
364.5		10.2
364.6		10.2
364.7		10.2
364.8		10.2
364.9		10.2
365.0		10.2
365.1		10.2
365.2		10.2
365.3		10.2
365.4		10.2
365.5		10.2
365.6		10.2
365.7		10.2
365.8		10.2
365.9		10.2
366.0		10.2
366.1		10.2
366.2		10.2
366.3		10.2
366.4		10.2
366.5		10.2
366.6		10.2
366.7		10.2
366.8		10.2
366.9		10.2
367.0		10.2
367.1		10.2
367.2		10.2
367.3		10.2
367.4		10.2
367.5		10.2
367.6		10.2
367.7		10.2
367.8		10.2
367.9		10.2
368.0		10.2
368.1		10.2
368.2		10.2
368.3		10.2
368.4		10.2
368.5		10.2
368.6		10.2
368.7		10.2
368.8		10.2
368.9		10.2
369.0		10.2
369.1		10.2
369.2		10.2
369.3		10.2
369.4		10.2
369.5		10.2
369.6		10.2
369.7		10.2
369.8		10.2
369.9		10.2
370.0		10.2
370.1		10.2
370.2		10.2
370.3		10.2
370.4		10.2
370.5		10.2
370.6		10.2
370.7		10.2
370.8		10.2
370.9		10.2
371.0		10.2
371.1		10.2
371.2		10.2
371.3		10.2
371.4		10.2
371.5		10.2
371.6		10.2
371.7		10.2
371.8		10.2
371.9		10.2
372.0		10.2
372.1		10.2
372.2		10.2
372.3		10.2
372.4		10.2
372.5		10.2
372.6		10.2
372.7		10.2
372.8		10.2
372.9		10.2
373.0		10.2
373.1		10.2
373.2		10.2
373.3		10.2
373.4		10.2
373.5		10.2
373.6		10.2
373.7		10.2
373.8		10.2
373.9		10.2
374.0		10.2
374.1		10.2
374.2		10.2
374.3		10.2
374.4		10.2
374.5		10.2
374.6		10.2
374.7		10.2
374.8		10.2
374.9		10.2
375.0		10.2
375.1		10.2
375.2		10.2
375.3		10.2
375.4		10.2
375.5		10.2
375.6		10.2
375.7		10.2
375.8		10.2
375.9		10.2
376.0		10.2
376.1		10.2
376.2		10.2
376.3		10.2
376.4		10.2
376.5		10.2
376.6		10.2
376.7		10.2
376.8		10.2
376.9		10.2
377.0		10.2
377.1		10.2
377.2		10.2
377.3		10.2
377.4		10.2
377.5		10.2
377.6		10.2
377.7		10.2
377.8		10.2
377.9		10.2
378.0		10.2
378.1		10.2
378.2		10.2
378.3		10.2
378.4		10.2
378.5		10.2
378.6		10.2
378.7		10.2
378.8		10.2
378.9		10.2
379.0		10.2
379.1		10.2
379.2		10.2
379.3		10.2
379.4		10.2
379.5		10.2
379.6		10.2
379.7		10.2
379.8		10.2
379.9		10.2
380.0		10.2
380.1		10.2
380.2		10.2
380.3		10.2
380.4		10.2
380.5		10.2
380.6		10.2
380.7		10.2
380.8		10.2
380.9		10.2
381.0		10.2
381.1		10.2
381.2		10.2
381.3		10.2
381.4		10.2
381.5		10.2
381.6		10.2
381.7		10.2
381.8		10.2
381.9		10.2
382.0		10.2
382.1		10.2
382.2		10.2
382.3		10.2
382.4		10.2
382.5		10.2
382.6		10.2
382.7		10.2
382.8		10.2
382.9		10.2
383.0		10.2
383.1		10.2
383.2		10.2
383.3		10.2
383.4		10.2
383.5		10.2
383.6		10.2
383.7		10.2
383.8		10.2
383.9		10.2
384.0		10.2
384.1		10.2
384.2		10.2
384.3		10.2
384.4		10.2
384.5		10.2
384.6		10.2
384.7		10.2
384.8		10.2
384.9		10.2
385.0		10.2
385.1		10.2
385.2		10.2
385.3		10.2
385.4		10.2
385.5		10.2
385.6		10.2
385.7		10.2
385.8		10.2
385.9		10.2
386.0		10.2
386.1		10.2
386.2		10.2
386.3		10.2
386.4		10.2
386.5		10.2
386.6		10.2
386.7		10.2
386.8		10.2
386.9		10.2
387.0		10.2
387.1		10.2
387.2		10.2
387.3		10.2
387.4		10.2
387.5		10.2
387.6		10.2
387.7		10.2
387.8		10.2
387.9		10.2
388.0		10.2
388.1		10.2
388.2		10.2
388.3		10.2
388.4		10.2
388.5		10.2
388.6		10.2
388.7		10.2
388.8		10.2
388.9		10.2
389.0		10.2
389.1		10.2
389.2		10.2
389.3		10.2
389.4		10.2
389.5		10.2
389.6		10.2
389.7		10.2
389.8		10.2
389.9		10.2
390.0		10.2
390.1		10.2
390.2		10.2
390.3		10.2
390.4		10.2
390.5		10.2
390.6		10.2
390.7		10.2
390.8		10.2
390.9		10.2
391.0		10.2
391.1		10.2
391.2		10.2
391.3		10.2
391.4		10.2
391.5		10.2
391.6		10.2
391.7		10.2
391.8		10.2
391.9		10.2
392.0		10.2
392.1		10.2
392.2		10.2
392.3		10.2
392.4		10.2
392.5		10.2
392.6		10.2
392.7		10.2
392.8		10.2
392.9		10.2
393.0		10.2
393.1		10.2
393.2		10.2
393.3		10.2
393.4		10.2
393.5		10.2
393.6		10.2
393.7		10.2
393.8		10.2
393.9		10.2
394.0		10.2
394.1		10.2
394.2		10.2
394.3		10.2
394.4		10.2
394.5		10.2
394.6		10.2
394.7		10.2
394.8		10.2
394.9		10.2
395.0		10.2
395.1		10.2
395.2		10.2
395.3		10.2
395.4		10.2
395.5		10.2
395.6		10.2
395.7		10.2
395.8		10.2
395.9		10.2
396.0		10.2
396.1		10.2
396.2		10.2
396.3		10.2
396.4		10.2
396.5		10.2
396.6		10.2
396.7		10.2
396.8		10.2
396.9		10.2
397.0		10.2
397.1		10.2
397.2		10.2
397.3		10.2
397.4		10.2
397.5		10.2
397.6		10.2
397.7		10.2
397.8		10.2
397.9		10.2
398.0		10.2
398.1		10.2
398.2		10.2
398.3		10.2
398.4		10.2
398.5		10.2
398.6		10.2
398.7		10.2
398.8		10.2
398.9		10.2
399.0		10.2
399.1		10.2
399.2		10.2
399.3		10.2
399.4		10.2
399.5		10.2
399.6		10.2
399.7		10.2
399.8		10.2
399.9		10.2
400.0		10.2
400.1		10.2
400.2		10.2
400.3		10.2
400.4		10.2
400.5		10.2
400.6		10.2
400.7		10.2
400.8		10.2
400.9		10.2
401.0		10.2
401.1		10.2
401.2		10.2
401.3		10.2
401.4		10.2
401.5		10.2
401.6		10.2
401.7		10.2
401.8		10.2
401.9		10.2
402.0		10.2
402.1		10.2
402.2		10.2
402.3		10.2
402.4		10.2
402.5		10.2
402.6		10.2
402.7		10.2
402.8		10.2
402.9		10.2
403.0		10.2
403.1		10.2
403.2		10.2
403.3		10.2
403.4		10.2
403.5		10.2
403.6		10.2
403.7		10.2
403.8		10.2
403.9		10.2
404.0		10.2
404.1		10.2
404.2		10.2
404.3		10.2
404.4		10.2
404.5		10.2
404.6		10.2
404.7		10.2
404.8		10.2
404.9		10.2
405.0		10.2
405.1		10.2
405.2		10.2
405.3		10.2
405.4		10.2
405.5		10.2
405.6		10.2
405.7		10.2
405.8		10.2
405.9		10.2
406.0		10.2
406.1		10.2
406.2		10.2
406.3		10.2
406.4		10.2
406.5		10.2
406.6		10.2
406.7		10.2
406.8		10.2
406.9		10.2
407.0		10.2
407.1		10.2
407.2		10.2
407.3		10.2
407.4		10.2
407.5		10.2
407.6		10.2
407.7		10.2
407.8		10.2
407.9		10.2
408.0		10.2
408.1		10.2
408.2		10.2
408.3		10.2
408.4		10.2
408.5		10.2
408.6		10.2
408.7		10.2
408.8		10.2
408.9		10.1
409.0		10.1
409.1		10.1
409.2		10.1
409.3		10.1
409.4		10.1
409.5		10.1
409.6		10.1
409.7		10.1
409.8		10.1
409.9		10.1
410.0		10.1
410.1		10.1
410.2		10.1
410.3		10.1
410.4		10.1
410.5		10.1
410.6		10.1
410.7		10.1
410.8		10.1
410.9		10.1
411.0		10.1
411.1		10.1
411.2		10.1
411.3		10.1
411.4		10.1
411.5		10.1
411.6		10.1
411.7		10.1
411.8		10.1
411.9		10.1
412.0		10.1
412.1		10.1
412.2		10.1
412.3		10.1
412.4		10.1
412.5		10.1
412.6		10.1
412.7		10.1
412.8		10.1
412.9		10.1
413.0		10.1
413.1		10.1
413.2		10.1
413.3		10.1
413.4		10.1
413.5		10.1
413.6		10.1
413.7		10.1
413.8		10.1
413.9		10.1
414.0		10.1
414.1		10.1
414.2		10.1
414.3		10.1
414.4		10.1
414.5		10.1
414.6		10.1
414.7		10.1
414.8		10.1
414.9		10.1
415.0		10.1
415.1		10.1
415.2		10.1
415.3		10.1
415.4		10.1
415.5		10.1
415.6		10.1
415.7		10.1
415.8		10.1
415.9		10.1
416.0		10.1
416.1		10.1
416.2		10.1
416.3		10.1
416.4		10.1
416.5		10.1
416.6		10.1
416.7		10.1
416.8		10.1
416.9		10.1
417.0		10.1
417.1		10.1
417.2		10.1
417.3		10.1
417.4		10.1
417.5		10.1
417.6		10.1
417.7		10.1
417.8		10.1
417.9		10.1
418.0		10.1
418.1		10.1
418.2		10.1
418.3		10.1
418.4		10.1
418.5		10.1
418.6		10.1
418.7		10.1
418.8		10.1
418.9		10.1
419.0		10.1
419.1		10.1
419.2		10.1
419.3		10.1
419.4		10.1
419.5		10.1
419.6		10.1
419.7		10.1
419.8		10.1
419.9		10.1
420.0		10.1
420.1		10.1
420.2		10.1
420.3		10.1
420.4		10.1
420.5		10.1
420.6		10.1
420.7		10.1
420.8		10.1
420.9		10.1
421.0		10.1
421.1		10.1
421.2		10.1
421.3		10.1
421.4		10.1
421.5		10.1
421.6		10.1
421.7		10.1
421.8		10.1
421.9		10.1
422.0		10.1
422.1		10.1
422.2		10.1
422.3		10.1
422.4		10.1
422.5		10.1
422.6		10.1
422.7		10.1
422.8		10.1
422.9		10.1
423.0		10.1
423.1		10.1
423.2		10.1
423.3		10.1
423.4		10.1
423.5		10.1
423.6		10.1
423.7		10.1
423.8		10.1
423.9		10.1
424.0		10.1
424.1		10.1
424.2		10.1
424.3		10.1
424.4		10.1
424.5		10.1
424.6		10.1
424.7		10.1
424.8		10.1
424.9		10.1
425.0		10.1
425.1		10.1
425.2		10.1
425.3		10.1
425.4		10.1
425.5		10.1
425.6		10.1
425.7		10.1
425.8		10.1
425.9		10.1
426.0		10.1
426.1		10.1
426.2		10.1
426.3		10.1
426.4		10.1
426.5		10.1
426.6		10.1
426.7		10.1
426.8		10.1
426.9		10.1
427.0		10.1
427.1		10.1
427.2		10.1
427.3		10.1
427.4		10.1
427.5		10.1
427.6		10.1
427.7		10.1
427.8		10.1
427.9		10.1
428.0		10.1
428.1		10.1
428.2		10.1
428.3		10.1
428.4		10.1
428.5		10.1
428.6		10.1
428.7		10.1
428.8		10.1
428.9		10.1
429.0		10.1
429.1		10.1
429.2		10.1
429.3		10.1
429.4		10.1
429.5		10.1
429.6		10.1
429.7		10.1
429.8		10.1
429.9		10.1
430.0		10.1
430.1		10.1
430.2		10.1
430.3		10.1
430.4		10.1
430.5		10.1
430.6		10.1
430.7		10.1
430.8		10.1
430.9		10.1
431.0		10.1
431.1		10.1
431.2		10.1
431.3		10.1
431.4		10.1
431.5		10.1
431.6		10.1
431.7		10.1
431.8		10.1
431.9		10.1
432.0		10.1
432.1		10.1
432.2		10.1
432.3		10.1
432.4		10.1
432.5		10.1
432.6		10.1
432.7		10.1
432.8		10.1
432.9		10.1
433.0		10.1
433.1		10.1
433.2		10.1
433.3		10.1
433.4		10.1
433.5		10.1
433.6		10.1
433.7		10.1
433.8		10.1
433.9		10.1
434.0		10.1
434.1		10.1
434.2		10.1
434.3		10.1
434.4		10.1
434.5		10.1
434.6		10.1
434.7		10.1
434.8		10.1
434.9		10.1
435.0		10.1
435.1		10.1
435.2		10.1
435.3		10.1
435.4		10.1
435.5		10.1
435.6		10.1
435.7		10.1
435.8		10.1
435.9		10.1
436.0		10.1
436.1		10.1
436.2		10.1
436.3		10.1
436.4		10.1
436.5		10.1
436.6		10.1
436.7		10.1
436.8		10.1
436.9		10.1
437.0		10.1
437.1		10.1
437.2		10.1
437.3		10.1
437.4		10.1
437.5		10.1
437.6		10.1
437.7		10.1
437.8		10.1
437.9		10.1
438.0		10.1
438.1		10.1
438.2		10.1
438.3		10.1
438.4		10.1
438.5		10.1
438.6		10.1
438.7		10.1
438.8		10.1
438.9		10.1
439.0		10.1
439.1		10.1
439.2		10.1
439.3		10.1
439.4		10.1
439.5		10.1
439.6		10.1
439.7		10.1
439.8		10.1
439.9		10.1
440.0		10.1
440.1		10.1
440.2		10.1
440.3		10.1
440.4		10.1
440.5		10.1
440.6		10.1
440.7		10.1
440.8		10.1
440.9		10.1
441.0		10.1
441.1		10.1
441.2		10.1
441.3		10.1
441.4		10.1
441.5		10.1
441.6		10.1
441.7		10.1
441.8		10.1
441.9		10.1
442.0		10.1
442.1		10.1
442.2		10.1
442.3		10.1
442.4		10.1
442.5		10.1
442.6		10.1
442.7		10.1
442.8		10.1
442.9		10.1
443.0		10.1
443.1		10.1
443.2		10.1
443.3		10.1
443.4		10.1
443.5		10.1
443.6		10.1
443.7		10.1
443.8		10.1
443.9		10.1
444.0		10.1
444.1		10.1
444.2		10.1
444.3		10.1
444.4		10.1
444.5		10.1
444.6		10.1
444.7		10.1
444.8		10.1
444.9		10.1
445.0		10.1
445.1		10.1
445.2		10.1
445.3		10.1
445.4		10.1
445.5		10.1
445.6		10.1
445.7		10.1
445.8		10.1
445.9		10.1
446.0		10.1
446.1		10.1
446.2		10.1
446.3		10.1
446.4		10.1
446.5		10.1
446.6		10.1
446.7		10.1
446.8		10.1
446.9		10.1
447.0		10.1
447.1		10.1
447.2		10.1
447.3		10.1
447.4		10.1
447.5		10.1
447.6		10.1
447.7		10.1
447.8		10.1
447.9		10.1
448.0		10.1
448.1		10.1
448.2		10.1
448.3		10.1
448.4		10.1
448.5		10.1
448.6		10.1
448.7		10.1
448.8		10.1
448.9		10.1
449.0		10.1
449.1		10.1
449.2		10.1
449.3		10.1
449.4		10.1
449.5		10.1
449.6		10.1
449.7		10.1
449.8		10.1
449.9		10.1
450.0		10.1
450.1		10.1
450.2		10.1
450.3		10.1
450.4		10.1
450.5		10.1
450.6		10.1
450.7		10.1
450.8		10.1
450.9		10.1
451.0		10.1
451.1		10.1
451.2		10.1
451.3		10.1
451.4		10.1
451.5		10.1
451.6		10.1
451.7		10.1
451.8		10.1
451.9		10.1
452.0		10.1
452.1		10.1
452.2		10.1
452.3		10.1
452.4		10.1
452.5		10.1
452.6		10.1
452.7		10.1
452.8		10.1
452.9		10.1
453.0		10.1
453.1		10.1
453.2		10.1
453.3		10.1
453.4		10.1
453.5		10.1
453.6		10.1
453.7		10.1
453.8		10.1
453.9		10.1
454.0		10.1
454.1		10.1
454.2		10.1
454.3		10.1
454.4		10.1
454.5		10.1
454.6		10.1
454.7		10.1
454.8		10.1
454.9		10.1
455.0		10.1
455.1		10.1
455.2		10.1
455.3		10.1
455.4		10.1
455.5		10.1
455.6		10.1
455.7		10.1
455.8		10.1
455.9		10.1
456.0		10.1
456.1		10.1
456.2		10.1
456.3		10.1
456.4		10.1
456.5		10.1
456.6		10.1
456.7		10.1
456.8		10.1
456.9		10.1
457.0		10.1
457.1		10.1
457.2		10.1
457.3		10.1
457.4		10.1
457.5		10.1
457.6		10.1
457.7		10.1
457.8		10.1
457.9		10.1
458.0		10.1
458.1		10.1
458.2		10.1
458.3		10.1
458.4		10.1
458.5		10.1
458.6		10.1
458.7		10.1
458.8		10.1
458.9		10.1
459.0		10.1
459.1		10.1
459.2		10.1
459.3		10.1
459.4		10.1
459.5		10.1
459.6		10.1
459.7		10.1
459.8		10.1
459.9		10.1
460.0		10.1
460.1		10.1
460.2		10.1
460.3		10.1
460.4		10.1
460.5		10.1
460.6		10.1
460.7		10.1
460.8		10.1
460.9		10.1
461.0		10.1
461.1		10.1
461.2		10.1
461.3		10.1
461.4		10.1
461.5		10.1
461.6		10.1
461.7		10.1
461.8		10.1
461.9		10.1
462.0		10.1
462.1		10.1
462.2		10.1
462.3		10.1
462.4		10.1
462.5		10.1
462.6		10.1
462.7		10.1
462.8		10.1
462.9		10.1
463.0		10.1
463.1		10.1
463.2		10.1
463.3		10.1
463.4		10.1
463.5		10.1
463.6		10.1
463.7		10.1
463.8		10.1
463.9		10.1
464.0		10.1
464.1		10.1
464.2		10.1
464.3		10.1
464.4		10.1
464.5		10.1
464.6		10.1
464.7		10.1
464.8		10.1
464.9		10.1
465.0		10.1
465.1		10.1
465.2		10.1
465.3		10.1
465.4		10.1
465.5		10.1
465.6		10.1
465.7		10.1
465.8		10.1
465.9		10.1
466.0		10.1
466.1		10.1
466.2		10.1
466.3		10.1
466.4		10.1
466.5		10.1
466.6		10.1
466.7		10.1
466.8		10.1
466.9		10.1
467.0		10.1
467.1		10.1
467.2		10.1
467.3		10.1
467.4		10.1
467.5		10.1
467.6		10.1
467.7		10.1
467.8		10.1
467.9		10.1
468.0		10.1
468.1		10.1
468.2		10.1
468.3		10.1
468.4		10.1
468.5		10.1
468.6		10.1
468.7		10.1
468.8		10.1
468.9		10.1
469.0		10.1
469.1		10.1
469.2		10.1
469.3		10.1
469.4		10.1
469.5		10.1
469.6		10.1
469.7		10.1
469.8		10.1
469.9		10.1
470.0		10.1
470.1		10.1
470.2		10.1
470.3		10.1
470.4		10.1
470.5		10.1
470.6		10.1
470.7		10.1
470.8		10.1
470.9		10.1
471.0		10.1
471.1		10.1
471.2		10.1
471.3		10.1
471.4		10.1
471.5		10.1
471.6		10.1
471.7		10.1
471.8		10.1
471.9		10.1
472.0		10.1
472.1		10.1
472.2		10.1
472.3		10.1
472.4		10.1
472.5		10.1
472.6		10.1
472.7		10.1
472.8		10.1
472.9		10.1
473.0		10.1
473.1		10.1
473.2		10.1
473.3		10.1
473.4		10.1
473.5		10.1
473.6		10.1
473.7		10.1
473.8		10.1
473.9		10.1
474.0		10.1
474.1		10.1
474.2		10.1
474.3		10.1
474.4		10.1
474.5		10.1
474.6		10.1
474.7		10.1
474.8		10.1
474.9		10.1
475.0		10.1
475.1		10.1
475.2		10.1
475.3		10.1
475.4		10.1
475.5		10.1
475.6		10.1
475.7		10.1
475.8		10.1
475.9		10.1
476.0		10.1
476.1		10.1
476.2		10.1
476.3		10.1
476.4		10.1
476.5		10.1
476.6		10.1
476.7		10.1
476.8		10.1
476.9		10.1
477.0		10.1
477.1		10.1
477.2		10.1
477.3		10.1
477.4		10.1
477.5		10.1
477.6		10.1
477.7		10.1
477.8		10.1
477.9		10.1
478.0		10.1
478.1		10.1
478.2		10.1
478.3		10.1
478.4		10.1
478.5		10.1
478.6		10.1
478.7		10.1
478.8		10.1
478.9		10.1
479.0		10.1
479.1		10.1
479.2		10.1
479.3		10.1
479.4		10.1
479.5		10.1
479.6		10.1
479.7		10.1
479.8		10.1
479.9		10.1
480.0		10.1
480.1		10.1
480.2		10.1
480.3		10.1
480.4		10.1
480.5		10.1
480.6		10.1
480.7		10.1
480.8		10.1
480.9		10.1
481.0		10.1
481.1		10.1
481.2		10.1
481.3		10.1
481.4		10.1
481.5		10.1
481.6		10.1
481.7		10.1
481.8		10.1
481.9		10.1
482.0		10.1
482.1		10.1
482.2		10.1
482.3		10.1
482.4		10.1
482.5		10.1
482.6		10.1
482.7		10.1
482.8		10.1
482.9		10.1
483.0		10.1
483.1		10.1
483.2		10.1
483.3		10.1
483.4		10.1
483.5		10.1
483.6		10.1
483.7		10.1
483.8		10.1
483.9		10.1
484.0		10.1
484.1		10.1
484.2		10.1
484.3		10.1
484.4		10.1
484.5		10.1
484.6		10.1
484.7		10.1
484.8		10.1
484.9		10.1
485.0		10.1
485.1		10.1
485.2		10.1
485.3		10.1
485.4		10.1
485.5		10.1
485.6		10.1
485.7		10.1
485.8		10.1
485.9		10.1
486.0		10.1
486.1		10.1
486.2		10.1
486.3		10.1
486.4		10.1
486.5		10.1
486.6		10.1
486.7		10.1
486.8		10.1
486.9		10.1
487.0		10.1
487.1		10.1
487.2		10.1
487.3		10.1
487.4		10.1
487.5		10.1
487.6		10.1
487.7		10.1
487.8		10.1
487.9		10.1
488.0		10.1
488.1		10.1
488.2		10.1
488.3		10.1
488.4		10.1
488.5		10.1
488.6		10.1
488.7		10.1
488.8		10.1
488.9		10.1
489.0		10.1
489.1		10.1
489.2		10.1
489.3		10.1
489.4		10.1
489.5		10.1
489.6		10.1
489.7		10.1
489.8		10.1
489.9		10.1
490.0		10.1
490.1		10.1
490.2		10.1
490.3		10.1
490.4		10.1
490.5		10.1
490.6		10.1
490.7		10.1
490.8		10.1
490.9		10.1
491.0		10.1
491.1		10.1
491.2		10.1
491.3		10.1
491.4		10.1
491.5		10.1
491.6		10.1
491.7		10.1
491.8		10.1
491.9		10.1
492.0		10.1
492.1		10.1
492.2		10.1
492.3		10.1
492.4		10.1
492.5		10.1
492.6		10.1
492.7		10.1
492.8		10.1
492.9		10.1
493.0		10.1
493.1		10.1
493.2		10.1
493.3		10.1
493.4		10.1
493.5		10.1
493.6		10.1
493.7		10.1
493.8		10.1
493.9		10.1
494.0		10.1
494.1		10.1
494.2		10.1
494.3		10.1
494.4		10.1
494.5		10.1
494.6		10.1
494.7		10.1
494.8		10.1
494.9		10.1
495.0		10.1
495.1		10.1
495.2		10.1
495.3		10.1
495.4		10.1
495.5		10.1
495.6		10.1
495.7		10.1
495.8		10.1
495.9		10.1
496.0		10.1
496.1		10.1
496.2		10.1
496.3		10.1
496.4		10.1
496.5		10.1
496.6		10.1
496.7		10.1
496.8		10.1
496.9		10.1
497.0		10.1
497.1		10.1
497.2		10.1
497.3		10.1
497.4		10.1
497.5		10.1
497.6		10.1
497.7		10.1
497.8		10.1
497.9		10.1
498.0		10.1
498.1		10.1
498.2		10.1
498.3		10.1
498.4		10.1
498.5		10.1
498.6		10.1
498.7		10.1
498.8		10.1
498.9		10.1
499.0		10.1
499.1		10.1
499.2		10.1
499.3		10.1
499.4		10.1
499.5		10.1
499.6		10.1
499.7		10.1
499.8		10.1
499.9		10.1
500.0		10.1
500.1		10.1
500.2		10.1
500.3		10.1
500.4		10.1
500.5		10.1
500.6		10.1
500.7		10.1
500.8		10.1
500.9		10.1
501.0		10.1
501.1		10.1
501.2		10.1
501.3		10.1
501.4		10.1
501.5		10.1
501.6		10.1
501.7		10.1
501.8		10.1
501.9		10.1
502.0		10.1
502.1		10.1
502.2		10.1
502.3		10.1
502.4		10.1
502.5		10.1
502.6		10.1
502.7		10.1
502.8		10.1
502.9		10.1
503.0		10.1
503.1		10.1
503.2		10.1
503.3		10.1
503.4		10.1
503.5		10.1
503.6		10.1
503.7		10.1
503.8		10.1
503.9		10.1
504.0		10.1
504.1		10.1
504.2		10.1
504.3		10.1
504.4		10.1
504.5		10.1
504.6		10.1
504.7		10.1
504.8		10.1
504.9		10.1
505.0		10.1
505.1		10.1
505.2		10.1
505.3		10.1
505.4		10.1
505.5		10.1
505.6		10.1
505.7		10.1
505.8		10.1
505.9		10.1
506.0		10.1
506.1		10.1
506.2		10.1
506.3		10.1
506.4		10.1
506.5		10.1
506.6		10.1
506.7		10.1
506.8		10.1
506.9		10.1
507.0		10.1
507.1		10.1
507.2		10.1
507.3		10.1
507.4		10.1
507.5		10.1
507.6		10.1
507.7		10.1
507.8		10.1
507.9		10.1
508.0		10.1
508.1		10.1
508.2		10.1
508.3		10.1
508.4		10.1
508.5		10.1
508.6		10.1
508.7		10.1
508.8		10.1
508.9		10.1
509.0		10.1
509.1		10.1
509.2		10.1
509.3		10.1
509.4		10.1
509.5		10.1
509.6		10.1
509.7		10.1
509.8		10.1
509.9		10.1
510.0		10.1
510.1		10.1
510.2		10.1
510.3		10.1
510.4		10.1
510.5		10.1
510.6		10.1
510.7		10.1
510.8		10.1
510.9		10.1
511.0		10.1
511.1		10.1
511.2		10.1
511.3		10.1
511.4		10.1
511.5		10.1
511.6		10.1
511.7		10.1
511.8		10.1
511.9		10.1
512.0		10.1
512.1		10.1
512.2		10.1
512.3		10.1
512.4		10.1
512.5		10.1
512.6		10.1
512.7		10.1
512.8		10.1
512.9		10.1
513.0		10.1
513.1		10.1
513.2		10.1
513.3		10.1
513.4		10.1
513.5		10.0
513.6		10.0
513.7		10.0
513.8		10.0
513.9		10.0
514.0		10.0
514.1		10.0
514.2		10.0
514.3		10.0
514.4		10.0
514.5		10.0
514.6		10.0
514.7		10.0
514.8		10.0
514.9		10.0
515.0		10.0
515.1		10.0
515.2		10.0
515.3		10.0
515.4		10.0
515.5		10.0
515.6		10.0
515.7		10.0
515.8		10.0
515.9		10.0
516.0		10.0
516.1		10.0
516.2		10.0
516.3		10.0
516.4		10.0
516.5		10.0
516.6		10.0
516.7		10.0
516.8		10.0
516.9		10.0
517.0		10.0
517.1		10.0
517.2		10.0
517.3		10.0
517.4		10.0
517.5		10.0
517.6		10.0
517.7		10.0
517.8		10.0
517.9		10.0
518.0		10.0
518.1		10.0
518.2		10.0
518.3		10.0
518.4		10.0
518.5		10.0
518.6		10.0
518.7		10.0
518.8		10.0
518.9		10.0
519.0		10.0
519.1		10.0
519.2		10.0
519.3		10.0
519.4		10.0
519.5		10.0
519.6		10.0
519.7		10.0
519.8		10.0
519.9		10.0
520.0		10.0
520.1		10.0
520.2		10.0
520.3		10.0
520.4		10.0
520.5		10.0
520.6		10.0
520.7		10.0
520.8		10.0
520.9		10.0
521.0		10.0
521.1		10.0
521.2		10.0
521.3		10.0
521.4		10.0
521.5		10.0
521.6		10.0
521.7		10.0
521.8		10.0
521.9		10.0
522.0		10.0
522.1		10.0
522.2		10.0
522.3		10.0
522.4		10.0
522.5		10.0
522.6		10.0
522.7		10.0
522.8		10.0
522.9		10.0
523.0		10.0
523.1		10.0
523.2		10.0
523.3		10.0
523.4		10.0
523.5		10.0
523.6		10.0
523.7		10.0
523.8		10.0
523.9		10.0
524.0		10.0
524.1		10.0
524.2		10.0
524.3		10.0
524.4		10.0
524.5		10.0
524.6		10.0
524.7		10.0
524.8		10.0
524.9		10.0
525.0		10.0
525.1		10.0
525.2		10.0
525.3		10.0
525.4		10.0
525.5		10.0
525.6		10.0
525.7		10.0
525.8		10.0
525.9		10.0
526.0		10.0
526.1		10.0
526.2		10.0
526.3		10.0
526.4		10.0
526.5		10.0
526.6		10.0
526.7		10.0
526.8		10.0
526.9		10.0
527.0		10.0
527.1		10.0
527.2		10.0
527.3		10.0
527.4		10.0
527.5		10.0
527.6		10.0
527.7		10.0
527.8		10.0
527.9		10.0
528.0		10.0
528.1		10.0
528.2		10.0
528.3		10.0
528.4		10.0
528.5		10.0
528.6		10.0
528.7		10.0
528.8		10.0
528.9		10.0
529.0		10.0
529.1		10.0
529.2		10.0
529.3		10.0
529.4		10.0
529.5		10.0
529.6		10.0
529.7		10.0
529.8		10.0
529.9		10.0
530.0		10.0
530.1		10.0
530.2		10.0
530.3		10.0
530.4		10.0
530.5		10.0
530.6		10.0
530.7		10.0
530.8		10.0
530.9		10.0
531.0		10.0
531.1		10.0
531.2		10.0
531.3		10.0
531.4		10.0
531.5		10.0
531.6		10.0
531.7		10.0
531.8		10.0
531.9		10.0
532.0		10.0
532.1		10.0
532.2		10.0
532.3		10.0
532.4		10.0
532.5		10.0
532.6		10.0
532.7		10.0
532.8		10.0
532.9		10.0
533.0		10.0
533.1		10.0
533.2		10.0
533.3		10.0
533.4		10.0
533.5		10.0
533.6		10.0
533.7		10.0
533.8		10.0
533.9		10.0
534.0		10.0
534.1		10.0
534.2		10.0
534.3		10.0
534.4		10.0
534.5		10.0
534.6		10.0
534.7		10.0
534.8		10.0
534.9		10.0
535.0		10.0
535.1		10.0
535.2		10.0
535.3		10.0
535.4		10.0
535.5		10.0
535.6		10.0
535.7		10.0
535.8		10.0
535.9		10.0
536.0		10.0
536.1		10.0
536.2		10.0
536.3		10.0
536.4		10.0
536.5		10.0
536.6		10.0
536.7		10.0
536.8		10.0
536.9		10.0
537.0		10.0
537.1		10.0
537.2		10.0
537.3		10.0
537.4		10.0
537.5		10.0
537.6		10.0
537.7		10.0
537.8		10.0
537.9		10.0
538.0		10.0
538.1		10.0
538.2		10.0
538.3		10.0
538.4		10.0
538.5		10.0
538.6		10.0
538.7		10.0
538.8		10.0
538.9		10.0
539.0		10.0
539.1		10.0
539.2		10.0
539.3		10.0
539.4		10.0
539.5		10.0
539.6		10.0
539.7		10.0
539.8		10.0
539.9		10.0
540.0		10.0
540.1		10.0
540.2		10.0
540.3		10.0
540.4		10.0
540.5		10.0
540.6		10.0
540.7		10.0
540.8		10.0
540.9		10.0
541.0		10.0
541.1		10.0
541.2		10.0
541.3		10.0
541.4		10.0
541.5		10.0
541.6		10.0
541.7		10.0
541.8		10.0
541.9		10.0
542.0		10.0
542.1		10.0
542.2		10.0
542.3		10.0
542.4		10.0
542.5		10.0
542.6		10.0
542.7		10.0
542.8		10.0
542.9		10.0
543.0		10.0
543.1		10.0
543.2		10.0
543.3		10.0
543.4		10.0
543.5		10.0
543.6		10.0
543.7		10.0
543.8		10.0
543.9		10.0
544.0		10.0
544.1		10.0
544.2		10.0
544.3		10.0
544.4		10.0
544.5		10.0
544.6		10.0
544.7		10.0
544.8		10.0
544.9		10.0
545.0		10.0
545.1		10.0
545.2		10.0
545.3		10.0
545.4		10.0
545.5		10.0
545.6		10.0
545.7		10.0
545.8		10.0
545.9		10.0
546.0		10.0
546.1		10.0
546.2		10.0
546.3		10.0
546.4		10.0
546.5		10.0
546.6		10.0
546.7		10.0
546.8		10.0
546.9		10.0
547.0		10.0
547.1		10.0
547.2		10.0
547.3		10.0
547.4		10.0
547.5		10.0
547.6		10.0
547.7		10.0
547.8		10.0
547.9		10.0
548.0		10.0
548.1		10.0
548.2		10.0
548.3		10.0
548.4		10.0
548.5		10.0
548.6		10.0
548.7		10.0
548.8		10.0
548.9		10.0
549.0		10.0
549.1		10.0
549.2		10.0
549.3		10.0
549.4		10.0
549.5		10.0
549.6		10.0
549.7		10.0
549.8		10.0
549.9		10.0
550.0		10.0
550.1		10.0
550.2		10.0
550.3		10.0
550.4		10.0
550.5		10.0
550.6		10.0
550.7		10.0
550.8		10.0
550.9		10.0
551.0		10.0
551.1		10.0
551.2		10.0
551.3		10.0
551.4		10.0
551.5		10.0
551.6		10.0
551.7		10.0
551.8		10.0
551.9		10.0
552.0		10.0
552.1		10.0
552.2		10.0
552.3		10.0
552.4		10.0
552.5		10.0
552.6		10.0
552.7		10.0
552.8		10.0
552.9		10.0
553.0		10.0
553.1		10.0
553.2		10.0
553.3		10.0
553.4		10.0
553.5		10.0
553.6		10.0
553.7		10.0
553.8		10.0
553.9		10.0
554.0		10.0
554.1		10.0
554.2		10.0
554.3		10.0
554.4		10.0
554.5		10.0
554.6		10.0
554.7		10.0
554.8		10.0
554.9		10.0
555.0		10.0
555.1		10.0
555.2		10.0
555.3		10.0
555.4		10.0
555.5		10.0
555.6		10.0
555.7		10.0
555.8		10.0
555.9		10.0
556.0		10.0
556.1		10.0
556.2		10.0
556.3		10.0
556.4		10.0
556.5		10.0
556.6		10.0
556.7		10.0
556.8		10.0
556.9		10.0
557.0		10.0
557.1		10.0
557.2		10.0
557.3		10.0
557.4		10.0
557.5		10.0
557.6		10.0
557.7		10.0
557.8		10.0
557.9		10.0
558.0		10.0
558.1		10.0
558.2		10.0
558.3		10.0
558.4		10.0
558.5		10.0
558.6		10.0
558.7		10.0
558.8		10.0
558.9		10.0
559.0		10.0
559.1		10.0
559.2		10.0
559.3		10.0
559.4		10.0
559.5		10.0
559.6		10.0
559.7		10.0
559.8		10.0
559.9		10.0
560.0		10.0
560.1		10.0
560.2		10.0
560.3		10.0
560.4		10.0
560.5		10.0
560.6		10.0
560.7		10.0
560.8		10.0
560.9		10.0
561.0		10.0
561.1		10.0
561.2		10.0
561.3		10.0
561.4		10.0
561.5		10.0
561.6		10.0
561.7		10.0
561.8		10.0
561.9		10.0
562.0		10.0
562.1		10.0
562.2		10.0
562.3		10.0
562.4		10.0
562.5		10.0
562.6		10.0
562.7		10.0
562.8		10.0
562.9		10.0
563.0		10.0
563.1		10.0
563.2		10.0
563.3		10.0
563.4		10.0
563.5		10.0
563.6		10.0
563.7		10.0
563.8		10.0
563.9		10.0
564.0		10.0
564.1		10.0
564.2		10.0
564.3		10.0
564.4		10.0
564.5		10.0
564.6		10.0
564.7		10.0
564.8		10.0
564.9		10.0
565.0		10.0
565.1		10.0
565.2		10.0
565.3		10.0
565.4		10.0
565.5		10.0
565.6		10.0
565.7		10.0
565.8		10.0
565.9		10.0
566.0		10.0
566.1		10.0
566.2		10.0
566.3		10.0
566.4		10.0
566.5		10.0
566.6		10.0
566.7		10.0
566.8		10.0
566.9		10.0
567.0		10.0
567.1		10.0
567.2		10.0
567.3		10.0
567.4		10.0
567.5		10.0
567.6		10.0
567.7		10.0
567.8		10.0
567.9		10.0
568.0		10.0
568.1		10.0
568.2		10.0
568.3		10.0
568.4		10.0
568.5		10.0
568.6		10.0
568.7		10.0
568.8		10.0
568.9		10.0
569.0		10.0
569.1		10.0
569.2		10.0
569.3		10.0
569.4		10.0
569.5		10.0
569.6		10.0
569.7		10.0
569.8		10.0
569.9		10.0
570.0		10.0
570.1		10.0
570.2		10.0
570.3		10.0
570.4		10.0
570.5		10.0
570.6		10.0
570.7		10.0
570.8		10.0
570.9		10.0
571.0		10.0
571.1		10.0
571.2		10.0
571.3		10.0
571.4		10.0
571.5		10.0
571.6		10.0
571.7		10.0
571.8		10.0
571.9		10.0
572.0		10.0
572.1		10.0
572.2		10.0
572.3		10.0
572.4		10.0
572.5		10.0
572.6		10.0
572.7		10.0
572.8		10.0
572.9		10.0
573.0		10.0
573.1		10.0
573.2		10.0
573.3		10.0
573.4		10.0
573.5		10.0
573.6		10.0
573.7		10.0
573.8		10.0
573.9		10.0
574.0		10.0
574.1		10.0
574.2		10.0
574.3		10.0
574.4		10.0
574.5		10.0
574.6		10.0
574.7		10.0
574.8		10.0
574.9		10.0
575.0		10.0
575.1		10.0
575.2		10.0
575.3		10.0
575.4		10.0
575.5		10.0
575.6		10.0
575.7		10.0
575.8		10.0
575.9		10.0
576.0		10.0
576.1		10.0
576.2		10.0
576.3		10.0
576.4		10.0
576.5		10.0
576.6		10.0
576.7		10.0
576.8		10.0
576.9		10.0
577.0		10.0
577.1		10.0
577.2		10.0
577.3		10.0
577.4		10.0
577.5		10.0
577.6		10.0
577.7		10.0
577.8		10.0
577.9		10.0
578.0		10.0
578.1		10.0
578.2		10.0
578.3		10.0
578.4		10.0
578.5		10.0
578.6		10.0
578.7		10.0
578.8		10.0
578.9		10.0
579.0		10.0
579.1		10.0
579.2		10.0
579.3		10.0
579.4		10.0
579.5		10.0
579.6		10.0
579.7		10.0
579.8		10.0
579.9		10.0
580.0		10.0
580.1		10.0
580.2		10.0
580.3		10.0
580.4		10.0
580.5		10.0
580.6		10.0
580.7		10.0
580.8		10.0
580.9		10.0
581.0		10.0
581.1		10.0
581.2		10.0
581.3		10.0
581.4		10.0
581.5		10.0
581.6		10.0
581.7		10.0
581.8		10.0
581.9		10.0
582.0		10.0
582.1		10.0
582.2		10.0
582.3		10.0
582.4		10.0
582.5		10.0
582.6		10.0
582.7		10.0
582.8		10.0
582.9		10.0
583.0		10.0
583.1		10.0
583.2		10.0
583.3		10.0
583.4		10.0
583.5		10.0
583.6		10.0
583.7		10.0
583.8		10.0
583.9		10.0
584.0		10.0
584.1		10.0
584.2		10.0
584.3		10.0
584.4		10.0
584.5		10.0
584.6		10.0
584.7		10.0
584.8		10.0
584.9		10.0
585.0		10.0
585.1		10.0
585.2		10.0
585.3		10.0
585.4		10.0
585.5		10.0
585.6		10.0
585.7		10.0
585.8		10.0
585.9		10.0
586.0		10.0
586.1		10.0
586.2		10.0
586.3		10.0
586.4		10.0
586.5		10.0
586.6		10.0
586.7		10.0
586.8		10.0
586.9		10.0
587.0		10.0
587.1		10.0
587.2		10.0
587.3		10.0
587.4		10.0
587.5		10.0
587.6		10.0
587.7		10.0
587.8		10.0
587.9		10.0
588.0		10.0
588.1		10.0
588.2		10.0
588.3		10.0
588.4		10.0
588.5		10.0
588.6		10.0
588.7		10.0
588.8		10.0
588.9		10.0
589.0		10.0
589.1		10.0
589.2		10.0
589.3		10.0
589.4		10.0
589.5		10.0
589.6		10.0
589.7		10.0
589.8		10.0
589.9		10.0
590.0		10.0
590.1		10.0
590.2		10.0
590.3		10.0
590.4		10.0
590.5		10.0
590.6		10.0
590.7		10.0
590.8		10.0
590.9		10.0
591.0		10.0
591.1		10.0
591.2		10.0
591.3		10.0
591.4		10.0
591.5		10.0
591.6		10.0
591.7		10.0
591.8		10.0
591.9		10.0
592.0		10.0
592.1		10.0
592.2		10.0
592.3		10.0
592.4		10.0
592.5		10.0
592.6		10.0
592.7		10.0
592.8		10.0
592.9		10.0
593.0		10.0
593.1		10.0
593.2		10.0
593.3		10.0
593.4		10.0
593.5		10.0
593.6		10.0
593.7		10.0
593.8		10.0
593.9		10.0
594.0		10.0
594.1		10.0
594.2		10.0
594.3		10.0
594.4		10.0
594.5		10.0
594.6		10.0
594.7		10.0
594.8		10.0
594.9		10.0
595.0		10.0
595.1		10.0
595.2		10.0
595.3		10.0
595.4		10.0
595.5		10.0
595.6		10.0
595.7		10.0
595.8		10.0
595.9		10.0
596.0		10.0
596.1		10.0
596.2		10.0
596.3		10.0
596.4		10.0
596.5		10.0
596.6		10.0
596.7		10.0
596.8		10.0
596.9		10.0
597.0		10.0
597.1		10.0
597.2		10.0
597.3		10.0
597.4		10.0
597.5		10.0
597.6		10.0
597.7		10.0
597.8		10.0
597.9		10.0
598.0		10.0
598.1		10.0
598.2		10.0
598.3		10.0
598.4		10.0
598.5		10.0
598.6		10.0
598.7		10.0
598.8		10.0
598.9		10.0
599.0		10.0
599.1		10.0
599.2		10.0
599.3		10.0
599.4		10.0
599.5		10.0
599.6		10.0
599.7		10.0
599.8		10.0
599.9		10.0
600.0		10.0
600.1		10.0
600.2		10.0
600.3		10.0
600.4		10.0
600.5		10.0
600.6		10.0
600.7		10.0
600.8		10.0
600.9		10.0
601.0		10.0
601.1		10.0
601.2		10.0
601.3		10.0
601.4		10.0
601.5		10.0
601.6		10.0
601.7		10.0
601.8		10.0
601.9		10.0
602.0		10.0
602.1		10.0
602.2		10.0
602.3		10.0
602.4		10.0
602.5		10.0
602.6		10.0
602.7		10.0
602.8		10.0
602.9		10.0
603.0		10.0
603.1		10.0
603.2		10.0
603.3		10.0
603.4		10.0
603.5		10.0
603.6		10.0
603.7		10.0
603.8		10.0
603.9		10.0
604.0		10.0
604.1		10.0
604.2		10.0
604.3		10.0
604.4		10.0
604.5		10.0
604.6		10.0
604.7		10.0
604.8		10.0
604.9		10.0
605.0		10.0
605.1		10.0
605.2		10.0
605.3		10.0
605.4		10.0
605.5		10.0
605.6		10.0
605.7		10.0
605.8		10.0
605.9		10.0
606.0		10.0
606.1		10.0
606.2		10.0
606.3		10.0
606.4		10.0
606.5		10.0
606.6		10.0
606.7		10.0
606.8		10.0
606.9		10.0
607.0		10.0
607.1		10.0
607.2		10.0
607.3		10.0
607.4		10.0
607.5		10.0
607.6		10.0
607.7		10.0
607.8		10.0
607.9		10.0
608.0		10.0
608.1		10.0
608.2		10.0
608.3		10.0
608.4		10.0
608.5		10.0
608.6		10.0
608.7		10.0
608.8		10.0
608.9		10.0
609.0		10.0
609.1		10.0
609.2		10.0
609.3		10.0
609.4		10.0
609.5		10.0
609.6		10.0
609.7		10.0
609.8		10.0
609.9		10.0
610.0		10.0
610.1		10.0
610.2		10.0
610.3		10.0
610.4		10.0
610.5		10.0
610.6		10.0
610.7		10.0
610.8		10.0
610.9		10.0
611.0		10.0
611.1		10.0
611.2		10.0
611.3		10.0
611.4		10.0
611.5		10.0
611.6		10.0
611.7		10.0
611.8		10.0
611.9		10.0
612.0		10.0
612.1		10.0
612.2		10.0
612.3		10.0
612.4		10.0
612.5		10.0
612.6		10.0
612.7		10.0
612.8		10.0
612.9		10.0
613.0		10.0
613.1		10.0
613.2		10.0
613.3		10.0
613.4		10.0
613.5		10.0
613.6		10.0
613.7		10.0
613.8		10.0
613.9		10.0
614.0		10.0
614.1		10.0
614.2		10.0
614.3		10.0
614.4		10.0
614.5		10.0
614.6		10.0
614.7		10.0
614.8		10.0
614.9		10.0
615.0		10.0
615.1		10.0
615.2		10.0
615.3		10.0
615.4		10.0
615.5		10.0
615.6		10.0
615.7		10.0
615.8		10.0
615.9		10.0
616.0		10.0
616.1		10.0
616.2		10.0
616.3		10.0
616.4		10.0
616.5		10.0
616.6		10.0
616.7		10.0
616.8		10.0
616.9		10.0
617.0		10.0
617.1		10.0
617.2		10.0
617.3		10.0
617.4		10.0
617.5		10.0
617.6		10.0
617.7		10.0
617.8		10.0
617.9		10.0
618.0		10.0
618.1		10.0
618.2		10.0
618.3		10.0
618.4		10.0
618.5		10.0
618.6		10.0
618.7		10.0
618.8		10.0
618.9		10.0
619.0		10.0
619.1		10.0
619.2		10.0
619.3		10.0
619.4		10.0
619.5		10.0
619.6		10.0
619.7		10.0
619.8		10.0
619.9		10.0
620.0		10.0
620.1		10.0
620.2		10.0
620.3		10.0
620.4		10.0
620.5		10.0
620.6		10.0
620.7		10.0
620.8		10.0
620.9		10.0
621.0		10.0
621.1		10.0
621.2		10.0
621.3		10.0
621.4		10.0
621.5		10.0
621.6		10.0
621.7		10.0
621.8		10.0
621.9		10.0
622.0		10.0
622.1		10.0
622.2		10.0
622.3		10.0
622.4		10.0
622.5		10.0
622.6		10.0
622.7		10.0
622.8		10.0
622.9		10.0
623.0		10.0
623.1		10.0
623.2		10.0
623.3		10.0
623.4		10.0
623.5		10.0
623.6		10.0
623.7		10.0
623.8		10.0
623.9		10.0
624.0		10.0
624.1		10.0
624.2		10.0
624.3		10.0
624.4		10.0
624.5		10.0
624.6		10.0
624.7		10.0
624.8		10.0
624.9		10.0
625.0		10.0
625.1		10.0
625.2		10.0
625.3		10.0
625.4		10.0
625.5		10.0
625.6		10.0
625.7		10.0
625.8		10.0
625.9		10.0
626.0		10.0
626.1		10.0
626.2		10.0
626.3		10.0
626.4		10.0
626.5		10.0
626.6		10.0
626.7		10.0
626.8		10.0
626.9		10.0
627.0		10.0
627.1		10.0
627.2		10.0
627.3		10.0
627.4		10.0
627.5		10.0
627.6		10.0
627.7		10.0
627.8		10.0
627.9		10.0
628.0		10.0
628.1		10.0
628.2		10.0
628.3		10.0
628.4		10.0
628.5		10.0
628.6		10.0
628.7		10.0
628.8		10.0
628.9		10.0
629.0		10.0
629.1		10.0
629.2		10.0
629.3		10.0
629.4		10.0
629.5		10.0
629.6		10.0
629.7		10.0
629.8		10.0
629.9		10.0
630.0		10.0
630.1		10.0
630.2		10.0
630.3		10.0
630.4		10.0
630.5		10.0
630.6		10.0
630.7		10.0
630.8		10.0
630.9		10.0
631.0		10.0
631.1		10.0
631.2		10.0
631.3		10.0
631.4		10.0
631.5		10.0
631.6		10.0
631.7		10.0
631.8		10.0
631.9		10.0
632.0		10.0
632.1		10.0
632.2		10.0
632.3		10.0
632.4		10.0
632.5		10.0
632.6		10.0
632.7		10.0
632.8		10.0
632.9		10.0
633.0		10.0
633.1		10.0
633.2		10.0
633.3		10.0
633.4		10.0
633.5		10.0
633.6		10.0
633.7		10.0
633.8		10.0
633.9		10.0
634.0		10.0
634.1		10.0
634.2		10.0
634.3		10.0
634.4		10.0
634.5		10.0
634.6		10.0
634.7		10.0
634.8		10.0
634.9		10.0
635.0		10.0
635.1		10.0
635.2		10.0
635.3		10.0
635.4		10.0
635.5		10.0
635.6		10.0
635.7		10.0
635.8		10.0
635.9		10.0
636.0		10.0
636.1		10.0
636.2		10.0
636.3		10.0
636.4		10.0
636.5		10.0
636.6		10.0
636.7		10.0
636.8		10.0
636.9		10.0
637.0		10.0
637.1		10.0
637.2		10.0
637.3		10.0
637.4		10.0
637.5		10.0
637.6		10.0
637.7		10.0
637.8		10.0
637.9		10.0
638.0		10.0
638.1		10.0
638.2		10.0
638.3		10.0
638.4		10.0
638.5		10.0
638.6		10.0
638.7		10.0
638.8		10.0
638.9		10.0
639.0		10.0
639.1		10.0
639.2		10.0
639.3		10.0
639.4		10.0
639.5		10.0
639.6		10.0
639.7		10.0
639.8		10.0
639.9		10.0
640.0		10.0
640.1		10.0
640.2		10.0
640.3		10.0
640.4		10.0
640.5		10.0
640.6		10.0
640.7		10.0
640.8		10.0
640.9		10.0
641.0		10.0
641.1		10.0
641.2		10.0
641.3		10.0
641.4		10.0
641.5		10.0
641.6		10.0
641.7		10.0
641.8		10.0
641.9		10.0
642.0		10.0
642.1		10.0
642.2		10.0
642.3		10.0
642.4		10.0
642.5		10.0
642.6		10.0
642.7		10.0
642.8		10.0
642.9		10.0
643.0		10.0
643.1		10.0
643.2		10.0
643.3		10.0
643.4		10.0
643.5		10.0
643.6		10.0
643.7		10.0
643.8		10.0
643.9		10.0
644.0		10.0
644.1		10.0
644.2		10.0
644.3		10.0
644.4		10.0
644.5		10.0
644.6		10.0
644.7		10.0
644.8		10.0
644.9		10.0
645.0		10.0
645.1		10.0
645.2		10.0
645.3		10.0
645.4		10.0
645.5		10.0
645.6		10.0
645.7		10.0
645.8		10.0
645.9		10.0
646.0		10.0
646.1		10.0
646.2		10.0
646.3		10.0
646.4		10.0
646.5		10.0
646.6		10.0
646.7		10.0
646.8		10.0
646.9		10.0
647.0		10.0
647.1		10.0
647.2		10.0
647.3		10.0
647.4		10.0
647.5		10.0
647.6		10.0
647.7		10.0
647.8		10.0
647.9		10.0
648.0		10.0
648.1		10.0
648.2		10.0
648.3		10.0
648.4		10.0
648.5		10.0
648.6		10.0
648.7		10.0
648.8		10.0
648.9		10.0
649.0		10.0
649.1		10.0
649.2		10.0
649.3		10.0
649.4		10.0
649.5		10.0
649.6		10.0
649.7		10.0
649.8		10.0
649.9		10.0
650.0		10.0
650.1		10.0
650.2		10.0
650.3		10.0
650.4		10.0
650.5		10.0
650.6		10.0
650.7		10.0
650.8		10.0
650.9		10.0
651.0		10.0
651.1		10.0
651.2		10.0
651.3		10.0
651.4		10.0
651.5		10.0
651.6		10.0
651.7		10.0
651.8		10.0
651.9		10.0
652.0		10.0
652.1		10.0
652.2		10.0
652.3		10.0
652.4		10.0
652.5		10.0
652.6		10.0
652.7		10.0
652.8		10.0
652.9		10.0
653.0		10.0
653.1		10.0
653.2		10.0
653.3		10.0
653.4		10.0
653.5		10.0
653.6		10.0
653.7		10.0
653.8		10.0
653.9		10.0
654.0		10.0
654.1		10.0
654.2		10.0
654.3		10.0
654.4		10.0
654.5		10.0
654.6		10.0
654.7		10.0
654.8		10.0
654.9		10.0
655.0		10.0
655.1		10.0
655.2		10.0
655.3		10.0
655.4		10.0
655.5		10.0
655.6		10.0
655.7		10.0
655.8		10.0
655.9		10.0
656.0		10.0
656.1		10.0
656.2		10.0
656.3		10.0
656.4		10.0
656.5		10.0
656.6		10.0
656.7		10.0
656.8		10.0
656.9		10.0
657.0		10.0
657.1		10.0
657.2		10.0
657.3		10.0
657.4		10.0
657.5		10.0
657.6		10.0
657.7		10.0
657.8		10.0
657.9		10.0
658.0		10.0
658.1		10.0
658.2		10.0
658.3		10.0
658.4		10.0
658.5		10.0
658.6		10.0
658.7		10.0
658.8		10.0
658.9		10.0
659.0		10.0
659.1		10.0
659.2		10.0
659.3		10.0
659.4		10.0
659.5		10.0
659.6		10.0
659.7		10.0
659.8		10.0
659.9		10.0
660.0		10.0
660.1		10.0
660.2		10.0
660.3		10.0
660.4		10.0
660.5		10.0
660.6		10.0
660.7		10.0
660.8		10.0
660.9		10.0
661.0		10.0
661.1		10.0
661.2		10.0
661.3		10.0
661.4		10.0
661.5		10.0
661.6		10.0
661.7		10.0
661.8		10.0
661.9		10.0
662.0		10.0
662.1		10.0
662.2		10.0
662.3		10.0
662.4		10.0
662.5		10.0
662.6		10.0
662.7		10.0
662.8		10.0
662.9		10.0
663.0		10.0
663.1		10.0
663.2		10.0
663.3		10.0
663.4		10.0
663.5		10.0
663.6		10.0
663.7		10.0
663.8		10.0
663.9		10.0
664.0		10.0
664.1		10.0
664.2		10.0
664.3		10.0
664.4		10.0
664.5		10.0
664.6		10.0
664.7		10.0
664.8		10.0
664.9		10.0
665.0		10.0
665.1		10.0
665.2		10.0
665.3		10.0
665.4		10.0
665.5		10.0
665.6		10.0
665.7		10.0
665.8		10.0
665.9		10.0
666.0		10.0
666.1		10.0
666.2		10.0
666.3		10.0
666.4		10.0
666.5		10.0
666.6		10.0
666.7		10.0
666.8		10.0
666.9		10.0
667.0		10.0
667.1		10.0
667.2		10.0
667.3		10.0
667.4		10.0
667.5		10.0
667.6		10.0
667.7		10.0
667.8		10.0
667.9		10.0
668.0		10.0
668.1		10.0
668.2		10.0
668.3		10.0
668.4		10.0
668.5		10.0
668.6		10.0
668.7		10.0
668.8		10.0
668.9		10.0
669.0		10.0
669.1		10.0
669.2		10.0
669.3		10.0
669.4		10.0
669.5		10.0
669.6		10.0
669.7		10.0
669.8		10.0
669.9		10.0
670.0		10.0
670.1		10.0
670.2		10.0
670.3		10.0
670.4		10.0
670.5		10.0
670.6		10.0
670.7		10.0
670.8		10.0
670.9		10.0
671.0		10.0
671.1		10.0
671.2		10.0
671.3		10.0
671.4		10.0
671.5		10.0
671.6		10.0
671.7		10.0
671.8		10.0
671.9		10.0
672.0		10.0
672.1		10.0
672.2		10.0
672.3		10.0
672.4		10.0
672.5		10.0
672.6		10.0
672.7		10.0
672.8		10.0
672.9		10.0
673.0		10.0
673.1		10.0
673.2		10.0
673.3		10.0
673.4		10.0
673.5		10.0
673.6		10.0
673.7		10.0
673.8		10.0
673.9		10.0
674.0		10.0
674.1		10.0
674.2		10.0
674.3		10.0
674.4		10.0
674.5		10.0
674.6		10.0
674.7		10.0
674.8		10.0
674.9		10.0
675.0		10.0
675.1		10.0
675.2		10.0
675.3		10.0
675.4		10.0
675.5		10.0
675.6		10.0
675.7		10.0
675.8		10.0
675.9		10.0
676.0		10.0
676.1		10.0
676.2		10.0
676.3		10.0
676.4		10.0
676.5		10.0
676.6		10.0
676.7		10.0
676.8		10.0
676.9		10.0
677.0		10.0
677.1		10.0
677.2		10.0
677.3		10.0
677.4		10.0
677.5		10.0
677.6		10.0
677.7		10.0
677.8		10.0
677.9		10.0
678.0		10.0
678.1		10.0
678.2		10.0
678.3		10.0
678.4		10.0
678.5		10.0
678.6		10.0
678.7		10.0
678.8		10.0
678.9		10.0
679.0		10.0
679.1		10.0
679.2		10.0
679.3		10.0
679.4		10.0
679.5		10.0
679.6		10.0
679.7		10.0
679.8		10.0
679.9		10.0
680.0		10.0
680.1		10.0
680.2		10.0
680.3		10.0
680.4		10.0
680.5		10.0
680.6		10.0
680.7		10.0
680.8		10.0
680.9		10.0
681.0		10.0
681.1		10.0
681.2		10.0
681.3		10.0
681.4		10.0
681.5		10.0
681.6		10.0
681.7		10.0
681.8		10.0
681.9		10.0
682.0		10.0
682.1		10.0
682.2		10.0
682.3		10.0
682.4		10.0
682.5		10.0
682.6		10.0
682.7		10.0
682.8		10.0
682.9		10.0
683.0		10.0
683.1		10.0
683.2		10.0
683.3		10.0
683.4		10.0
683.5		10.0
683.6		10.0
683.7		10.0
683.8		10.0
683.9		10.0
684.0		10.0
684.1		10.0
684.2		10.0
684.3		10.0
684.4		10.0
684.5		10.0
684.6		10.0
684.7		10.0
684.8		10.0
684.9		10.0
685.0		10.0
685.1		10.0
685.2		10.0
685.3		10.0
685.4		10.0
685.5		10.0
685.6		10.0
685.7		10.0
685.8		10.0
685.9		10.0
686.0		10.0
686.1		10.0
686.2		10.0
686.3		10.0
686.4		10.0
686.5		10.0
686.6		10.0
686.7		10.0
686.8		10.0
686.9		10.0
687.0		10.0
687.1		10.0
687.2		10.0
687.3		10.0
687.4		10.0
687.5		10.0
687.6		10.0
687.7		10.0
687.8		10.0
687.9		10.0
688.0		10.0
688.1		10.0
688.2		10.0
688.3		10.0
688.4		10.0
688.5		10.0
688.6		10.0
688.7		10.0
688.8		10.0
688.9		10.0
689.0		10.0
689.1		10.0
689.2		10.0
689.3		10.0
689.4		10.0
689.5		10.0
689.6		10.0
689.7		10.0
689.8		10.0
689.9		10.0
690.0		10.0
690.1		10.0
690.2		10.0
690.3		10.0
690.4		10.0
690.5		10.0
690.6		10.0
690.7		10.0
690.8		10.0
690.9		10.0
691.0		10.0
691.1		10.0
691.2		10.0
691.3		10.0
691.4		10.0
691.5		10.0
691.6		10.0
691.7		10.0
691.8		10.0
691.9		10.0
692.0		10.0
692.1		10.0
692.2		10.0
692.3		10.0
692.4		10.0
692.5		10.0
692.6		10.0
692.7		10.0
692.8		10.0
692.9		10.0
693.0		10.0
693.1		10.0
693.2		10.0
693.3		10.0
693.4		10.0
693.5		10.0
693.6		10.0
693.7		10.0
693.8		10.0
693.9		10.0
694.0		10.0
694.1		10.0
694.2		10.0
694.3		10.0
694.4		10.0
694.5		10.0
694.6		10.0
694.7		10.0
694.8		10.0
694.9		10.0
695.0		10.0
695.1		10.0
695.2		10.0
695.3		10.0
695.4		10.0
695.5		10.0
695.6		10.0
695.7		10.0
695.8		10.0
695.9		10.0
696.0		10.0
696.1		10.0
696.2		10.0
696.3		10.0
696.4		10.0
696.5		10.0
696.6		10.0
696.7		10.0
696.8		10.0
696.9		10.0
697.0		10.0
697.1		10.0
697.2		10.0
697.3		10.0
697.4		10.0
697.5		10.0
697.6		10.0
697.7		10.0
697.8		10.0
697.9		10.0
698.0		10.0
698.1		10.0
698.2		10.0
698.3		10.0
698.4		10.0
698.5		10.0
698.6		10.0
698.7		10.0
698.8		10.0
698.9		10.0
699.0		10.0
699.1		10.0
699.2		10.0
699.3		10.0
699.4		10.0
699.5		10.0
699.6		10.0
699.7		10.0
699.8		10.0
699.9		10.0
700.0		10.0
700.1		10.0
700.2		10.0
700.3		10.0
700.4		10.0
700.5		10.0
700.6		10.0
700.7		10.0
700.8		10.0
700.9		10.0
701.0		10.0
701.1		10.0
701.2		10.0
701.3		10.0
701.4		10.0
701.5		10.0
701.6		10.0
701.7		10.0
701.8		10.0
701.9		10.0
702.0		10.0
702.1		10.0
702.2		10.0
702.3		10.0
702.4		10.0
702.5		10.0
702.6		10.0
702.7		10.0
702.8		10.0
702.9		10.0
703.0		10.0
703.1		10.0
703.2		10.0
703.3		10.0
703.4		10.0
703.5		10.0
703.6		10.0
703.7		10.0
703.8		10.0
703.9		10.0
704.0		10.0
704.1		10.0
704.2		10.0
704.3		10.0
704.4		10.0
704.5		10.0
704.6		10.0
704.7		10.0
704.8		10.0
704.9		10.0
705.0		10.0
705.1		10.0
705.2		10.0
705.3		10.0
705.4		10.0
705.5		10.0
705.6		10.0
705.7		10.0
705.8		10.0
705.9		10.0
706.0		10.0
706.1		10.0
706.2		10.0
706.3		10.0
706.4		10.0
706.5		10.0
706.6		10.0
706.7		10.0
706.8		10.0
706.9		10.0
707.0		10.0
707.1		10.0
707.2		10.0
707.3		10.0
707.4		10.0
707.5		10.0
707.6		10.0
707.7		10.0
707.8		10.0
707.9		10.0
708.0		10.0
708.1		10.0
708.2		10.0
708.3		10.0
708.4		10.0
708.5		10.0
708.6		10.0
708.7		10.0
708.8		10.0
708.9		10.0
709.0		10.0
709.1		10.0
709.2		10.0
709.3		10.0
709.4		10.0
709.5		10.0
709.6		10.0
709.7		10.0
709.8		10.0
709.9		10.0
710.0		10.0
710.1		10.0
710.2		10.0
710.3		10.0
710.4		10.0
710.5		10.0
710.6		10.0
710.7		10.0
710.8		10.0
710.9		10.0
711.0		10.0
711.1		10.0
711.2		10.0
711.3		10.0
711.4		10.0
711.5		10.0
711.6		10.0
711.7		10.0
711.8		10.0
711.9		10.0
712.0		10.0
712.1		10.0
712.2		10.0
712.3		10.0
712.4		10.0
712.5		10.0
712.6		10.0
712.7		10.0
712.8		10.0
712.9		10.0
713.0		10.0
713.1		10.0
713.2		10.0
713.3		10.0
713.4		10.0
713.5		10.0
713.6		10.0
713.7		10.0
713.8		10.0
713.9		10.0
714.0		10.0
714.1		10.0
714.2		10.0
714.3		10.0
714.4		10.0
714.5		10.0
714.6		10.0
714.7		10.0
714.8		10.0
714.9		10.0
715.0		10.0
715.1		10.0
715.2		10.0
715.3		10.0
715.4		10.0
715.5		10.0
715.6		10.0
715.7		10.0
715.8		10.0
715.9		10.0
716.0		10.0
716.1		10.0
716.2		10.0
716.3		10.0
716.4		10.0
716.5		10.0
716.6		10.0
716.7		10.0
716.8		10.0
716.9		10.0
717.0		10.0
717.1		10.0
717.2		10.0
717.3		10.0
717.4		10.0
717.5		10.0
717.6		10.0
717.7		10.0
717.8		10.0
717.9		10.0
718.0		10.0
718.1		10.0
718.2		10.0
718.3		10.0
718.4		10.0
718.5		10.0
718.6		10.0
718.7		10.0
718.8		10.0
718.9		10.0
719.0		10.0
719.1		10.0
719.2		10.0
719.3		10.0
719.4		10.0
719.5		10.0
719.6		10.0
719.7		10.0
719.8		10.0
719.9		10.0
720.0		10.0
720.1		10.0
720.2		10.0
720.3		10.0
720.4		10.0
720.5		10.0
720.6		10.0
720.7		10.0
720.8		10.0
720.9		10.0
721.0		10.0
721.1		10.0
721.2		10.0
721.3		10.0
721.4		10.0
721.5		10.0
721.6		10.0
721.7		10.0
721.8		10.0
721.9		10.0
722.0		10.0
722.1		10.0
722.2		10.0
722.3		10.0
722.4		10.0
722.5		10.0
722.6		10.0
722.7		10.0
722.8		10.0
722.9		10.0
723.0		10.0
723.1		10.0
723.2		10.0
723.3		10.0
723.4		10.0
723.5		10.0
723.6		10.0
723.7		10.0
723.8		10.0
723.9		10.0
724.0		10.0
724.1		10.0
724.2		10.0
724.3		10.0
724.4		10.0
724.5		10.0
724.6		10.0
724.7		10.0
724.8		10.0
724.9		10.0
725.0		10.0
725.1		10.0
725.2		10.0
725.3		10.0
725.4		10.0
725.5		10.0
725.6		10.0
725.7		10.0
725.8		10.0
725.9		10.0
726.0		10.0
726.1		10.0
726.2		10.0
726.3		10.0
726.4		10.0
726.5		10.0
726.6		10.0
726.7		10.0
726.8		10.0
726.9		10.0
727.0		10.0
727.1		10.0
727.2		10.0
727.3		10.0
727.4		10.0
727.5		10.0
727.6		10.0
727.7		10.0
727.8		10.0
727.9		10.0
728.0		10.0
728.1		10.0
728.2		10.0
728.3		10.0
728.4		10.0
728.5		10.0
728.6		10.0
728.7		10.0
728.8		10.0
728.9		10.0
729.0		10.0
729.1		10.0
729.2		10.0
729.3		10.0
729.4		10.0
729.5		10.0
729.6		10.0
729.7		10.0
729.8		10.0
729.9		10.0
730.0		10.0
730.1		10.0
730.2		10.0
730.3		10.0
730.4		10.0
730.5		10.0
730.6		10.0
730.7		10.0
730.8		10.0
730.9		10.0
731.0		10.0
731.1		10.0
731.2		10.0
731.3		10.0
731.4		10.0
731.5		10.0
731.6		10.0
731.7		10.0
731.8		10.0
731.9		10.0
732.0		10.0
732.1		10.0
732.2		10.0
732.3		10.0
732.4		10.0
732.5		10.0
732.6		10.0
732.7		10.0
732.8		10.0
732.9		10.0
733.0		10.0
733.1		10.0
733.2		10.0
733.3		10.0
733.4		10.0
733.5		10.0
733.6		10.0
733.7		10.0
733.8		10.0
733.9		10.0
734.0		10.0
734.1		10.0
734.2		10.0
734.3		10.0
734.4		10.0
734.5		10.0
734.6		10.0
734.7		10.0
734.8		10.0
734.9		10.0
735.0		10.0
735.1		10.0
735.2		10.0
735.3		10.0
735.4		10.0
735.5		10.0
735.6		10.0
735.7		10.0
735.8		10.0
735.9		10.0
736.0		10.0
736.1		10.0
736.2		10.0
736.3		10.0
736.4		10.0
736.5		10.0
736.6		10.0
736.7		10.0
736.8		10.0
736.9		10.0
737.0		10.0
737.1		10.0
737.2		10.0
737.3		10.0
737.4		10.0
737.5		10.0
737.6		10.0
737.7		10.0
737.8		10.0
737.9		10.0
738.0		10.0
738.1		10.0
738.2		10.0
738.3		10.0
738.4		10.0
738.5		10.0
738.6		10.0
738.7		10.0
738.8		10.0
738.9		10.0
739.0		10.0
739.1		10.0
739.2		10.0
739.3		10.0
739.4		10.0
739.5		10.0
739.6		10.0
739.7		10.0
739.8		10.0
739.9		10.0
740.0		10.0
740.1		10.0
740.2		10.0
740.3		10.0
740.4		10.0
740.5		10.0
740.6		10.0
740.7		10.0
740.8		10.0
740.9		10.0
741.0		10.0
741.1		10.0
741.2		10.0
741.3		10.0
741.4		10.0
741.5		10.0
741.6		10.0
741.7		10.0
741.8		10.0
741.9		10.0
742.0		10.0
742.1		10.0
742.2		10.0
742.3		10.0
742.4		10.0
742.5		10.0
742.6		10.0
742.7		10.0
742.8		10.0
742.9		10.0
743.0		10.0
743.1		10.0
743.2		10.0
743.3		10.0
743.4		10.0
743.5		10.0
743.6		10.0
743.7		10.0
743.8		10.0
743.9		10.0
744.0		10.0
744.1		10.0
744.2		10.0
744.3		10.0
744.4		10.0
744.5		10.0
744.6		10.0
744.7		10.0
744.8		10.0
744.9		10.0
745.0		10.0
745.1		10.0
745.2		10.0
745.3		10.0
745.4		10.0
745.5		10.0
745.6		10.0
745.7		10.0
745.8		10.0
745.9		10.0
746.0		10.0
746.1		10.0
746.2		10.0
746.3		10.0
746.4		10.0
746.5		10.0
746.6		10.0
746.7		10.0
746.8		10.0
746.9		10.0
747.0		10.0
747.1		10.0
747.2		10.0
747.3		10.0
747.4		10.0
747.5		10.0
747.6		10.0
747.7		10.0
747.8		10.0
747.9		10.0
748.0		10.0
748.1		10.0
748.2		10.0
748.3		10.0
748.4		10.0
748.5		10.0
748.6		10.0
748.7		10.0
748.8		10.0
748.9		10.0
749.0		10.0
749.1		10.0
749.2		10.0
749.3		10.0
749.4		10.0
749.5		10.0
749.6		10.0
749.7		10.0
749.8		10.0
749.9		10.0
750.0		10.0
750.1		10.0
750.2		10.0
750.3		10.0
750.4		10.0
750.5		10.0
750.6		10.0
750.7		10.0
750.8		10.0
750.9		10.0
751.0		10.0
751.1		10.0
751.2		10.0
751.3		10.0
751.4		10.0
751.5		10.0
751.6		10.0
751.7		10.0
751.8		10.0
751.9		10.0
752.0		10.0
752.1		10.0
752.2		10.0
752.3		10.0
752.4		10.0
752.5		10.0
752.6		10.0
752.7		10.0
752.8		10.0
752.9		10.0
753.0		10.0
753.1		10.0
753.2		10.0
753.3		10.0
753.4		10.0
753.5		10.0
753.6		10.0
753.7		10.0
753.8		10.0
753.9		10.0
754.0		10.0
754.1		10.0
754.2		10.0
754.3		10.0
754.4		10.0
754.5		10.0
754.6		10.0
754.7		10.0
754.8		10.0
754.9		10.0
755.0		10.0
755.1		10.0
755.2		10.0
755.3		10.0
755.4		10.0
755.5		10.0
755.6		10.0
755.7		10.0
755.8		10.0
755.9		10.0
756.0		10.0
756.1		10.0
756.2		10.0
756.3		10.0
756.4		10.0
756.5		10.0
756.6		10.0
756.7		10.0
756.8		10.0
756.9		10.0
757.0		10.0
757.1		10.0
757.2		10.0
757.3		10.0
757.4		10.0
757.5		10.0
757.6		10.0
757.7		10.0
757.8		10.0
757.9		10.0
758.0		10.0
758.1		10.0
758.2		10.0
758.3		10.0
758.4		10.0
758.5		10.0
758.6		10.0
758.7		10.0
758.8		10.0
758.9		10.0
759.0		10.0
759.1		10.0
759.2		10.0
759.3		10.0
759.4		10.0
759.5		10.0
759.6		10.0
759.7		10.0
759.8		10.0
759.9		10.0
760.0		10.0
760.1		10.0
760.2		10.0
760.3		10.0
760.4		10.0
760.5		10.0
760.6		10.0
760.7		10.0
760.8		10.0
760.9		10.0
761.0		10.0
761.1		10.0
761.2		10.0
761.3		10.0
761.4		10.0
761.5		10.0
761.6		10.0
761.7		10.0
761.8		10.0
761.9		10.0
762.0		10.0
762.1		10.0
762.2		10.0
762.3		10.0
762.4		10.0
762.5		10.0
762.6		10.0
762.7		10.0
762.8		10.0
762.9		10.0
763.0		10.0
763.1		10.0
763.2		10.0
763.3		10.0
763.4		10.0
763.5		10.0
763.6		10.0
763.7		10.0
763.8		10.0
763.9		10.0
764.0		10.0
764.1		10.0
764.2		10.0
764.3		10.0
764.4		10.0
764.5		10.0
764.6		10.0
764.7		10.0
764.8		10.0
764.9		10.0
765.0		10.0
765.1		10.0
765.2		10.0
765.3		10.0
765.4		10.0
765.5		10.0
765.6		10.0
765.7		10.0
765.8		10.0
765.9		10.0
766.0		10.0
766.1		10.0
766.2		10.0
766.3		10.0
766.4		10.0
766.5		10.0
766.6		10.0
766.7		10.0
766.8		10.0
766.9		10.0
767.0		10.0
767.1		10.0
767.2		10.0
767.3		10.0
767.4		10.0
767.5		10.0
767.6		10.0
767.7		10.0
767.8		10.0
767.9		10.0
768.0		10.0
768.1		10.0
768.2		10.0
768.3		10.0
768.4		10.0
768.5		10.0
768.6		10.0
768.7		10.0
768.8		10.0
768.9		10.0
769.0		10.0
769.1		10.0
769.2		10.0
769.3		10.0
769.4		10.0
769.5		10.0
769.6		10.0
769.7		10.0
769.8		10.0
769.9		10.0
770.0		10.0
770.1		10.0
770.2		10.0
770.3		10.0
770.4		10.0
770.5		10.0
770.6		10.0
770.7		10.0
770.8		10.0
770.9		10.0
771.0		10.0
771.1		10.0
771.2		10.0
771.3		10.0
771.4		10.0
771.5		10.0
771.6		10.0
771.7		10.0
771.8		10.0
771.9		10.0
772.0		10.0
772.1		10.0
772.2		10.0
772.3		10.0
772.4		10.0
772.5		10.0
772.6		10.0
772.7		10.0
772.8		10.0
772.9		10.0
773.0		10.0
773.1		10.0
773.2		10.0
773.3		10.0
773.4		10.0
773.5		10.0
773.6		10.0
773.7		10.0
773.8		10.0
773.9		10.0
774.0		10.0
774.1		10.0
774.2		10.0
774.3		10.0
774.4		10.0
774.5		10.0
774.6		10.0
774.7		10.0
774.8		10.0
774.9		10.0
775.0		10.0
775.1		10.0
775.2		10.0
775.3		10.0
775.4		10.0
775.5		10.0
775.6		10.0
775.7		10.0
775.8		10.0
775.9		10.0
776.0		10.0
776.1		10.0
776.2		10.0
776.3		10.0
776.4		10.0
776.5		10.0
776.6		10.0
776.7		10.0
776.8		10.0
776.9		10.0
777.0		10.0
777.1		10.0
777.2		10.0
777.3		10.0
777.4		10.0
777.5		10.0
777.6		10.0
777.7		10.0
777.8		10.0
777.9		10.0
778.0		10.0
778.1		10.0
778.2		10.0
778.3		10.0
778.4		10.0
778.5		10.0
778.6		10.0
778.7		10.0
778.8		10.0
778.9		10.0
779.0		10.0
779.1		10.0
779.2		10.0
779.3		10.0
779.4		10.0
779.5		10.0
779.6		10.0
779.7		10.0
779.8		10.0
779.9		10.0
780.0		10.0
780.1		10.0
780.2		10.0
780.3		10.0
780.4		10.0
780.5		10.0
780.6		10.0
780.7		10.0
780.8		10.0
780.9		10.0
781.0		10.0
781.1		10.0
781.2		10.0
781.3		10.0
781.4		10.0
781.5		10.0
781.6		10.0
781.7		10.0
781.8		10.0
781.9		10.0
782.0		10.0
782.1		10.0
782.2		10.0
782.3		10.0
782.4		10.0
782.5		10.0
782.6		10.0
782.7		10.0
782.8		10.0
782.9		10.0
783.0		10.0
783.1		10.0
783.2		10.0
783.3		10.0
783.4		10.0
783.5		10.0
783.6		10.0
783.7		10.0
783.8		10.0
783.9		10.0
784.0		10.0
784.1		10.0
784.2		10.0
784.3		10.0
784.4		10.0
784.5		10.0
784.6		10.0
784.7		10.0
784.8		10.0
784.9		10.0
785.0		10.0
785.1		10.0
785.2		10.0
785.3		10.0
785.4		10.0
785.5		10.0
785.6		10.0
785.7		10.0
785.8		10.0
785.9		10.0
786.0		10.0
786.1		10.0
786.2		10.0
786.3		10.0
786.4		10.0
786.5		10.0
786.6		10.0
786.7		10.0
786.8		10.0
786.9		10.0
787.0		10.0
787.1		10.0
787.2		10.0
787.3		10.0
787.4		10.0
787.5		10.0
787.6		10.0
787.7		10.0
787.8		10.0
787.9		10.0
788.0		10.0
788.1		10.0
788.2		10.0
788.3		10.0
788.4		10.0
788.5		10.0
788.6		10.0
788.7		10.0
788.8		10.0
788.9		10.0
789.0		10.0
789.1		10.0
789.2		10.0
789.3		10.0
789.4		10.0
789.5		10.0
789.6		10.0
789.7		10.0
789.8		10.0
789.9		10.0
790.0		10.0
790.1		10.0
790.2		10.0
790.3		10.0
790.4		10.0
790.5		10.0
790.6		10.0
790.7		10.0
790.8		10.0
790.9		10.0
791.0		10.0
791.1		10.0
791.2		10.0
791.3		10.0
791.4		10.0
791.5		10.0
791.6		10.0
791.7		10.0
791.8		10.0
791.9		10.0
792.0		10.0
792.1		10.0
792.2		10.0
792.3		10.0
792.4		10.0
792.5		10.0
792.6		10.0
792.7		10.0
792.8		10.0
792.9		10.0
793.0		10.0
793.1		10.0
793.2		10.0
793.3		10.0
793.4		10.0
793.5		10.0
793.6		10.0
793.7		10.0
793.8		10.0
793.9		10.0
794.0		10.0
794.1		10.0
794.2		10.0
794.3		10.0
794.4		10.0
794.5		10.0
794.6		10.0
794.7		10.0
794.8		10.0
794.9		10.0
795.0		10.0
795.1		10.0
795.2		10.0
795.3		10.0
795.4		10.0
795.5		10.0
795.6		10.0
795.7		10.0
795.8		10.0
795.9		10.0
796.0		10.0
796.1		10.0
796.2		10.0
796.3		10.0
796.4		10.0
796.5		10.0
796.6		10.0
796.7		10.0
796.8		10.0
796.9		10.0
797.0		10.0
797.1		10.0
797.2		10.0
797.3		10.0
797.4		10.0
797.5		10.0
797.6		10.0
797.7		10.0
797.8		10.0
797.9		10.0
798.0		10.0
798.1		10.0
798.2		10.0
798.3		10.0
798.4		10.0
798.5		10.0
798.6		10.0
798.7		10.0
798.8		10.0
798.9		10.0
799.0		10.0
799.1		10.0
799.2		10.0
799.3		10.0
799.4		10.0
799.5		10.0
799.6		10.0
799.7		10.0
799.8		10.0
799.9		10.0
800.0		10.0
800.1		10.0
800.2		10.0
800.3		10.0
800.4		10.0
800.5		10.0
800.6		10.0
800.7		10.0
800.8		10.0
800.9		10.0
801.0		10.0
801.1		10.0
801.2		10.0
801.3		10.0
801.4		10.0
801.5		10.0
801.6		10.0
801.7		10.0
801.8		10.0
801.9		10.0
802.0		10.0
802.1		10.0
802.2		10.0
802.3		10.0
802.4		10.0
802.5		10.0
802.6		10.0
802.7		10.0
802.8		10.0
802.9		10.0
803.0		10.0
803.1		10.0
803.2		10.0
803.3		10.0
803.4		10.0
803.5		10.0
803.6		10.0
803.7		10.0
803.8		10.0
803.9		10.0
804.0		10.0
804.1		10.0
804.2		10.0
804.3		10.0
804.4		10.0
804.5		10.0
804.6		10.0
804.7		10.0
804.8		10.0
804.9		10.0
805.0		10.0
805.1		10.0
805.2		10.0
805.3		10.0
805.4		10.0
805.5		10.0
805.6		10.0
805.7		10.0
805.8		10.0
805.9		10.0
806.0		10.0
806.1		10.0
806.2		10.0
806.3		10.0
806.4		10.0
806.5		10.0
806.6		10.0
806.7		10.0
806.8		10.0
806.9		10.0
807.0		10.0
807.1		10.0
807.2		10.0
807.3		10.0
807.4		10.0
807.5		10.0
807.6		10.0
807.7		10.0
807.8		10.0
807.9		10.0
808.0		10.0
808.1		10.0
808.2		10.0
808.3		10.0
808.4		10.0
808.5		10.0
808.6		10.0
808.7		10.0
808.8		10.0
808.9		10.0
809.0		10.0
809.1		10.0
809.2		10.0
809.3		10.0
809.4		10.0
809.5		10.0
809.6		10.0
809.7		10.0
809.8		10.0
809.9		10.0
810.0		10.0
810.1		10.0
810.2		10.0
810.3		10.0
810.4		10.0
810.5		10.0
810.6		10.0
810.7		10.0
810.8		10.0
810.9		10.0
811.0		10.0
811.1		10.0
811.2		10.0
811.3		10.0
811.4		10.0
811.5		10.0
811.6		10.0
811.7		10.0
811.8		10.0
811.9		10.0
812.0		10.0
812.1		10.0
812.2		10.0
812.3		10.0
812.4		10.0
812.5		10.0
812.6		10.0
812.7		10.0
812.8		10.0
812.9		10.0
813.0		10.0
813.1		10.0
813.2		10.0
813.3		10.0
813.4		10.0
813.5		10.0
813.6		10.0
813.7		10.0
813.8		10.0
813.9		10.0
814.0		10.0
814.1		10.0
814.2		10.0
814.3		10.0
814.4		10.0
814.5		10.0
814.6		10.0
814.7		10.0
814.8		10.0
814.9		10.0
815.0		10.0
815.1		10.0
815.2		10.0
815.3		10.0
815.4		10.0
815.5		10.0
815.6		10.0
815.7		10.0
815.8		10.0
815.9		10.0
816.0		10.0
816.1		10.0
816.2		10.0
816.3		10.0
816.4		10.0
816.5		10.0
816.6		10.0
816.7		10.0
816.8		10.0
816.9		10.0
817.0		10.0
817.1		10.0
817.2		10.0
817.3		10.0
817.4		10.0
817.5		10.0
817.6		10.0
817.7		10.0
817.8		10.0
817.9		10.0
818.0		10.0
818.1		10.0
818.2		10.0
818.3		10.0
818.4		10.0
818.5		10.0
818.6		10.0
818.7		10.0
818.8		10.0
818.9		10.0
819.0		10.0
819.1		10.0
819.2		10.0
819.3		10.0
819.4		10.0
819.5		10.0
819.6		10.0
819.7		10.0
819.8		10.0
819.9		10.0
820.0		10.0
820.1		10.0
820.2		10.0
820.3		10.0
820.4		10.0
820.5		10.0
820.6		10.0
820.7		10.0
820.8		10.0
820.9		10.0
821.0		10.0
821.1		10.0
821.2		10.0
821.3		10.0
821.4		10.0
821.5		10.0
821.6		10.0
821.7		10.0
821.8		10.0
821.9		10.0
822.0		10.0
822.1		10.0
822.2		10.0
822.3		10.0
822.4		10.0
822.5		10.0
822.6		10.0
822.7		10.0
822.8		10.0
822.9		10.0
823.0		10.0
823.1		10.0
823.2		10.0
823.3		10.0
823.4		10.0
823.5		10.0
823.6		10.0
823.7		10.0
823.8		10.0
823.9		10.0
824.0		10.0
824.1		10.0
824.2		10.0
824.3		10.0
824.4		10.0
824.5		10.0
824.6		10.0
824.7		10.0
824.8		10.0
824.9		10.0
825.0		10.0
825.1		10.0
825.2		10.0
825.3		10.0
825.4		10.0
825.5		10.0
825.6		10.0
825.7		10.0
825.8		10.0
825.9		10.0
826.0		10.0
826.1		10.0
826.2		10.0
826.3		10.0
826.4		10.0
826.5		10.0
826.6		10.0
826.7		10.0
826.8		10.0
826.9		10.0
827.0		10.0
827.1		10.0
827.2		10.0
827.3		10.0
827.4		10.0
827.5		10.0
827.6		10.0
827.7		10.0
827.8		10.0
827.9		10.0
828.0		10.0
828.1		10.0
828.2		10.0
828.3		10.0
828.4		10.0
828.5		10.0
828.6		10.0
828.7		10.0
828.8		10.0
828.9		10.0
829.0		10.0
829.1		10.0
829.2		10.0
829.3		10.0
829.4		10.0
829.5		10.0
829.6		10.0
829.7		10.0
829.8		10.0
829.9		10.0
830.0		10.0
830.1		10.0
830.2		10.0
830.3		10.0
830.4		10.0
830.5		10.0
830.6		10.0
830.7		10.0
830.8		10.0
830.9		10.0
831.0		10.0
831.1		10.0
831.2		10.0
831.3		10.0
831.4		10.0
831.5		10.0
831.6		10.0
831.7		10.0
831.8		10.0
831.9		10.0
832.0		10.0
832.1		10.0
832.2		10.0
832.3		10.0
832.4		10.0
832.5		10.0
832.6		10.0
832.7		10.0
832.8		10.0
832.9		10.0
833.0		10.0
833.1		10.0
833.2		10.0
833.3		10.0
833.4		10.0
833.5		10.0
833.6		10.0
833.7		10.0
833.8		10.0
833.9		10.0
834.0		10.0
834.1		10.0
834.2		10.0
834.3		10.0
834.4		10.0
834.5		10.0
834.6		10.0
834.7		10.0
834.8		10.0
834.9		10.0
835.0		10.0
835.1		10.0
835.2		10.0
835.3		10.0
835.4		10.0
835.5		10.0
835.6		10.0
835.7		10.0
835.8		10.0
835.9		10.0
836.0		10.0
836.1		10.0
836.2		10.0
836.3		10.0
836.4		10.0
836.5		10.0
836.6		10.0
836.7		10.0
836.8		10.0
836.9		10.0
837.0		10.0
837.1		10.0
837.2		10.0
837.3		10.0
837.4		10.0
837.5		10.0
837.6		10.0
837.7		10.0
837.8		10.0
837.9		10.0
838.0		10.0
838.1		10.0
838.2		10.0
838.3		10.0
838.4		10.0
838.5		10.0
838.6		10.0
838.7		10.0
838.8		10.0
838.9		10.0
839.0		10.0
839.1		10.0
839.2		10.0
839.3		10.0
839.4		10.0
839.5		10.0
839.6		10.0
839.7		10.0
839.8		10.0
839.9		10.0
840.0		10.0
840.1		10.0
840.2		10.0
840.3		10.0
840.4		10.0
840.5		10.0
840.6		10.0
840.7		10.0
840.8		10.0
840.9		10.0
841.0		10.0
841.1		10.0
841.2		10.0
841.3		10.0
841.4		10.0
841.5		10.0
841.6		10.0
841.7		10.0
841.8		10.0
841.9		10.0
842.0		10.0
842.1		10.0
842.2		10.0
842.3		10.0
842.4		10.0
842.5		10.0
842.6		10.0
842.7		10.0
842.8		10.0
842.9		10.0
843.0		10.0
843.1		10.0
843.2		10.0
843.3		10.0
843.4		10.0
843.5		10.0
843.6		10.0
843.7		10.0
843.8		10.0
843.9		10.0
844.0		10.0
844.1		10.0
844.2		10.0
844.3		10.0
844.4		10.0
844.5		10.0
844.6		10.0
844.7		10.0
844.8		10.0
844.9		10.0
845.0		10.0
845.1		10.0
845.2		10.0
845.3		10.0
845.4		10.0
845.5		10.0
845.6		10.0
845.7		10.0
845.8		10.0
845.9		10.0
846.0		10.0
846.1		10.0
846.2		10.0
846.3		10.0
846.4		10.0
846.5		10.0
846.6		10.0
846.7		10.0
846.8		10.0
846.9		10.0
847.0		10.0
847.1		10.0
847.2		10.0
847.3		10.0
847.4		10.0
847.5		10.0
847.6		10.0
847.7		10.0
847.8		10.0
847.9		10.0
848.0		10.0
848.1		10.0
848.2		10.0
848.3		10.0
848.4		10.0
848.5		10.0
848.6		10.0
848.7		10.0
848.8		10.0
848.9		10.0
849.0		10.0
849.1		10.0
849.2		10.0
849.3		10.0
849.4		10.0
849.5		10.0
849.6		10.0
849.7		10.0
849.8		10.0
849.9		10.0
850.0		10.0
850.1		10.0
850.2		10.0
850.3		10.0
850.4		10.0
850.5		10.0
850.6		10.0
850.7		10.0
850.8		10.0
850.9		10.0
851.0		10.0
851.1		10.0
851.2		10.0
851.3		10.0
851.4		10.0
851.5		10.0
851.6		10.0
851.7		10.0
851.8		10.0
851.9		10.0
852.0		10.0
852.1		10.0
852.2		10.0
852.3		10.0
852.4		10.0
852.5		10.0
852.6		10.0
852.7		10.0
852.8		10.0
852.9		10.0
853.0		10.0
853.1		10.0
853.2		10.0
853.3		10.0
853.4		10.0
853.5		10.0
853.6		10.0
853.7		10.0
853.8		10.0
853.9		10.0
854.0		10.0
854.1		10.0
854.2		10.0
854.3		10.0
854.4		10.0
854.5		10.0
854.6		10.0
854.7		10.0
854.8		10.0
854.9		10.0
855.0		10.0
855.1		10.0
855.2		10.0
855.3		10.0
855.4		10.0
855.5		10.0
855.6		10.0
855.7		10.0
855.8		10.0
855.9		10.0
856.0		10.0
856.1		10.0
856.2		10.0
856.3		10.0
856.4		10.0
856.5		10.0
856.6		10.0
856.7		10.0
856.8		10.0
856.9		10.0
857.0		10.0
857.1		10.0
857.2		10.0
857.3		10.0
857.4		10.0
857.5		10.0
857.6		10.0
857.7		10.0
857.8		10.0
857.9		10.0
858.0		10.0
858.1		10.0
858.2		10.0
858.3		10.0
858.4		10.0
858.5		10.0
858.6		10.0
858.7		10.0
858.8		10.0
858.9		10.0
859.0		10.0
859.1		10.0
859.2		10.0
859.3		10.0
859.4		10.0
859.5		10.0
859.6		10.0
859.7		10.0
859.8		10.0
859.9		10.0
860.0		10.0
860.1		10.0
860.2		10.0
860.3		10.0
860.4		10.0
860.5		10.0
860.6		10.0
860.7		10.0
860.8		10.0
860.9		10.0
861.0		10.0
861.1		10.0
861.2		10.0
861.3		10.0
861.4		10.0
861.5		10.0
861.6		10.0
861.7		10.0
861.8		10.0
861.9		10.0
862.0		10.0
862.1		10.0
862.2		10.0
862.3		10.0
862.4		10.0
862.5		10.0
862.6		10.0
862.7		10.0
862.8		10.0
862.9		10.0
863.0		10.0
863.1		10.0
863.2		10.0
863.3		10.0
863.4		10.0
863.5		10.0
863.6		10.0
863.7		10.0
863.8		10.0
863.9		10.0
864.0		10.0
864.1		10.0
864.2		10.0
864.3		10.0
864.4		10.0
864.5		10.0
864.6		10.0
864.7		10.0
864.8		10.0
864.9		10.0
865.0		10.0
865.1		10.0
865.2		10.0
865.3		10.0
865.4		10.0
865.5		10.0
865.6		10.0
865.7		10.0
865.8		10.0
865.9		10.0
866.0		10.0
866.1		10.0
866.2		10.0
866.3		10.0
866.4		10.0
866.5		10.0
866.6		10.0
866.7		10.0
866.8		10.0
866.9		10.0
867.0		10.0
867.1		10.0
867.2		10.0
867.3		10.0
867.4		10.0
867.5		10.0
867.6		10.0
867.7		10.0
867.8		10.0
867.9		10.0
868.0		10.0
868.1		10.0
868.2		10.0
868.3		10.0
868.4		10.0
868.5		10.0
868.6		10.0
868.7		10.0
868.8		10.0
868.9		10.0
869.0		10.0
869.1		10.0
869.2		10.0
869.3		10.0
869.4		10.0
869.5		10.0
869.6		10.0
869.7		10.0
869.8		10.0
869.9		10.0
870.0		10.0
870.1		10.0
870.2		10.0
870.3		10.0
870.4		10.0
870.5		10.0
870.6		10.0
870.7		10.0
870.8		10.0
870.9		10.0
871.0		10.0
871.1		10.0
871.2		10.0
871.3		10.0
871.4		10.0
871.5		10.0
871.6		10.0
871.7		10.0
871.8		10.0
871.9		10.0
872.0		10.0
872.1		10.0
872.2		10.0
872.3		10.0
872.4		10.0
872.5		10.0
872.6		10.0
872.7		10.0
872.8		10.0
872.9		10.0
873.0		10.0
873.1		10.0
873.2		10.0
873.3		10.0
873.4		10.0
873.5		10.0
873.6		10.0
873.7		10.0
873.8		10.0
873.9		10.0
874.0		10.0
874.1		10.0
874.2		10.0
874.3		10.0
874.4		10.0
874.5		10.0
874.6		10.0
874.7		10.0
874.8		10.0
874.9		10.0
875.0		10.0
875.1		10.0
875.2		10.0
875.3		10.0
875.4		10.0
875.5		10.0
875.6		10.0
875.7		10.0
875.8		10.0
875.9		10.0
876.0		10.0
876.1		10.0
876.2		10.0
876.3		10.0
876.4		10.0
876.5		10.0
876.6		10.0
876.7		10.0
876.8		10.0
876.9		10.0
877.0		10.0
877.1		10.0
877.2		10.0
877.3		10.0
877.4		10.0
877.5		10.0
877.6		10.0
877.7		10.0
877.8		10.0
877.9		10.0
878.0		10.0
878.1		10.0
878.2		10.0
878.3		10.0
878.4		10.0
878.5		10.0
878.6		10.0
878.7		10.0
878.8		10.0
878.9		10.0
879.0		10.0
879.1		10.0
879.2		10.0
879.3		10.0
879.4		10.0
879.5		10.0
879.6		10.0
879.7		10.0
879.8		10.0
879.9		10.0
880.0		10.0
880.1		10.0
880.2		10.0
880.3		10.0
880.4		10.0
880.5		10.0
880.6		10.0
880.7		10.0
880.8		10.0
880.9		10.0
881.0		10.0
881.1		10.0
881.2		10.0
881.3		10.0
881.4		10.0
881.5		10.0
881.6		10.0
881.7		10.0
881.8		10.0
881.9		10.0
882.0		10.0
882.1		10.0
882.2		10.0
882.3		10.0
882.4		10.0
882.5		10.0
882.6		10.0
882.7		10.0
882.8		10.0
882.9		10.0
883.0		10.0
883.1		10.0
883.2		10.0
883.3		10.0
883.4		10.0
883.5		10.0
883.6		10.0
883.7		10.0
883.8		10.0
883.9		10.0
884.0		10.0
884.1		10.0
884.2		10.0
884.3		10.0
884.4		10.0
884.5		10.0
884.6		10.0
884.7		10.0
884.8		10.0
884.9		10.0
885.0		10.0
885.1		10.0
885.2		10.0
885.3		10.0
885.4		10.0
885.5		10.0
885.6		10.0
885.7		10.0
885.8		10.0
885.9		10.0
886.0		10.0
886.1		10.0
886.2		10.0
886.3		10.0
886.4		10.0
886.5		10.0
886.6		10.0
886.7		10.0
886.8		10.0
886.9		10.0
887.0		10.0
887.1		10.0
887.2		10.0
887.3		10.0
887.4		10.0
887.5		10.0
887.6		10.0
887.7		10.0
887.8		10.0
887.9		10.0
888.0		10.0
888.1		10.0
888.2		10.0
888.3		10.0
888.4		10.0
888.5		10.0
888.6		10.0
888.7		10.0
888.8		10.0
888.9		10.0
889.0		10.0
889.1		10.0
889.2		10.0
889.3		10.0
889.4		10.0
889.5		10.0
889.6		10.0
889.7		10.0
889.8		10.0
889.9		10.0
890.0		10.0
890.1		10.0
890.2		10.0
890.3		10.0
890.4		10.0
890.5		10.0
890.6		10.0
890.7		10.0
890.8		10.0
890.9		10.0
891.0		10.0
891.1		10.0
891.2		10.0
891.3		10.0
891.4		10.0
891.5		10.0
891.6		10.0
891.7		10.0
891.8		10.0
891.9		10.0
892.0		10.0
892.1		10.0
892.2		10.0
892.3		10.0
892.4		10.0
892.5		10.0
892.6		10.0
892.7		10.0
892.8		10.0
892.9		10.0
893.0		10.0
893.1		10.0
893.2		10.0
893.3		10.0
893.4		10.0
893.5		10.0
893.6		10.0
893.7		10.0
893.8		10.0
893.9		10.0
894.0		10.0
894.1		10.0
894.2		10.0
894.3		10.0
894.4		10.0
894.5		10.0
894.6		10.0
894.7		10.0
894.8		10.0
894.9		10.0
895.0		10.0
895.1		10.0
895.2		10.0
895.3		10.0
895.4		10.0
895.5		10.0
895.6		10.0
895.7		10.0
895.8		10.0
895.9		10.0
896.0		10.0
896.1		10.0
896.2		10.0
896.3		10.0
896.4		10.0
896.5		10.0
896.6		10.0
896.7		10.0
896.8		10.0
896.9		10.0
897.0		10.0
897.1		10.0
897.2		10.0
897.3		10.0
897.4		10.0
897.5		10.0
897.6		10.0
897.7		10.0
897.8		10.0
897.9		10.0
898.0		10.0
898.1		10.0
898.2		10.0
898.3		10.0
898.4		10.0
898.5		10.0
898.6		10.0
898.7		10.0
898.8		10.0
898.9		10.0
899.0		10.0
899.1		10.0
899.2		10.0
899.3		10.0
899.4		10.0
899.5		10.0
899.6		10.0
899.7		10.0
899.8		10.0
899.9		10.0
900.0		10.0
